[{"type": "1", "fact": "VelocityYFact: [0, 0]", "id": 0}, {"type": "2", "fact": "VelocityYFact: [0, -1.0]", "id": 0}, {"type": "0", "fact": "VariableFact: ['space', False]", "id": 0}, {"type": "0", "fact": "VariableFact: ['up', False]", "id": 0}, {"type": "0", "fact": "VariableFact: ['down', False]", "id": 0}, {"type": "0", "fact": "VariableFact: ['left', False]", "id": 0}, {"type": "0", "fact": "VariableFact: ['right', False]", "id": 0}, {"type": "0", "fact": "VariableFact: ['spacePrev', False]", "id": 0}, {"type": "0", "fact": "VariableFact: ['upPrev', False]", "id": 0}, {"type": "0", "fact": "VariableFact: ['downPrev', False]", "id": 0}, {"type": "0", "fact": "VariableFact: ['leftPrev', False]", "id": 0}, {"type": "0", "fact": "VariableFact: ['rightPrev', False]", "id": 0}, {"type": "0", "fact": "VelocityXFact: [0, 0]", "id": 0}, {"type": "0", "fact": "VelocityYFact: [0, 0]", "id": 0}, {"type": "0", "fact": "AnimationFact: [0, 'chick', 1.0, 1.0]", "id": 0}, {"type": "0", "fact": "PositionXFact: [0, 6.0]", "id": 0}, {"type": "0", "fact": "VelocityYFact: [1, 0]", "id": 0}, {"type": "0", "fact": "AnimationFact: [1, 'longblock', 1.0, 4.0]", "id": 0}, {"type": "0", "fact": "PositionYFact: [1, 0.0]", "id": 0}, {"type": "1", "fact": "VelocityYFact: [0, -1.0]", "id": 1}, {"type": "2", "fact": "VelocityYFact: [0, 1.0]", "id": 1}, {"type": "0", "fact": "VariableFact: ['space', True]", "id": 1}, {"type": "0", "fact": "VariableFact: ['up', False]", "id": 1}, {"type": "0", "fact": "VariableFact: ['down', False]", "id": 1}, {"type": "0", "fact": "VariableFact: ['left', False]", "id": 1}, {"type": "0", "fact": "VariableFact: ['right', False]", "id": 1}, {"type": "0", "fact": "VariableFact: ['spacePrev', False]", "id": 1}, {"type": "0", "fact": "VariableFact: ['upPrev', False]", "id": 1}, {"type": "0", "fact": "VariableFact: ['downPrev', False]", "id": 1}, {"type": "0", "fact": "VariableFact: ['leftPrev', False]", "id": 1}, {"type": "0", "fact": "VariableFact: ['rightPrev', False]", "id": 1}, {"type": "0", "fact": "VelocityXFact: [0, 0.0]", "id": 1}, {"type": "0", "fact": "VelocityYFact: [0, -1.0]", "id": 1}, {"type": "0", "fact": "AnimationFact: [0, 'chick', 1.0, 1.0]", "id": 1}, {"type": "0", "fact": "PositionXFact: [0, 6.0]", "id": 1}, {"type": "0", "fact": "VelocityYFact: [1, 0.0]", "id": 1}, {"type": "0", "fact": "AnimationFact: [1, 'longblock', 1.0, 4.0]", "id": 1}, {"type": "0", "fact": "PositionYFact: [1, 0.0]", "id": 1}, {"type": "1", "fact": "VelocityYFact: [0, 1.0]", "id": 2}, {"type": "2", "fact": "VelocityYFact: [0, 0.0]", "id": 2}, {"type": "0", "fact": "VelocityXFact: [0, 0.0]", "id": 2}, {"type": "0", "fact": "VelocityYFact: [0, 1.0]", "id": 2}, {"type": "0", "fact": "AnimationFact: [0, 'chick', 1.0, 1.0]", "id": 2}, {"type": "0", "fact": "PositionXFact: [0, 6.0]", "id": 2}, {"type": "0", "fact": "PositionYFact: [0, 6.0]", "id": 2}, {"type": "0", "fact": "VelocityXFact: [1, 0.0]", "id": 2}, {"type": "0", "fact": "VelocityYFact: [1, 0.0]", "id": 2}, {"type": "0", "fact": "AnimationFact: [1, 'longblock', 1.0, 4.0]", "id": 2}, {"type": "0", "fact": "PositionXFact: [1, 20.0]", "id": 2}, {"type": "0", "fact": "PositionYFact: [1, 0.0]", "id": 2}, {"type": "0", "fact": "VariableFact: ['space', False]", "id": 2}, {"type": "0", "fact": "VariableFact: ['up', False]", "id": 2}, {"type": "0", "fact": "VariableFact: ['down', False]", "id": 2}, {"type": "0", "fact": "VariableFact: ['left', False]", "id": 2}, {"type": "0", "fact": "VariableFact: ['right', False]", "id": 2}, {"type": "0", "fact": "VariableFact: ['spacePrev', False]", "id": 2}, {"type": "0", "fact": "VariableFact: ['upPrev', False]", "id": 2}, {"type": "0", "fact": "VariableFact: ['downPrev', False]", "id": 2}, {"type": "0", "fact": "VariableFact: ['leftPrev', False]", "id": 2}, {"type": "0", "fact": "VariableFact: ['rightPrev', False]", "id": 2}, {"type": "0", "fact": "RelationshipFactX: [0, 1, 'East', 'West', -13.0]", "id": 2}, {"type": "0", "fact": "RelationshipFactY: [0, 1, 'North', 'South', 2.0]", "id": 2}, {"type": "0", "fact": "RelationshipFactX: [1, 0, 'West', 'East', 13.0]", "id": 2}, {"type": "0", "fact": "RelationshipFactY: [1, 0, 'South', 'North', -2.0]", "id": 2}, {"type": "1", "fact": "VelocityXFact: [1, 0.0]", "id": 3}, {"type": "2", "fact": "VelocityXFact: [1, -1.0]", "id": 3}, {"type": "0", "fact": "VelocityXFact: [0, 0.0]", "id": 3}, {"type": "0", "fact": "VelocityYFact: [0, 0.0]", "id": 3}, {"type": "0", "fact": "AnimationFact: [0, 'chick', 1.0, 1.0]", "id": 3}, {"type": "0", "fact": "PositionXFact: [0, 6.0]", "id": 3}, {"type": "0", "fact": "PositionYFact: [0, 6.0]", "id": 3}, {"type": "0", "fact": "VelocityXFact: [1, 0.0]", "id": 3}, {"type": "0", "fact": "VelocityYFact: [1, 0.0]", "id": 3}, {"type": "0", "fact": "AnimationFact: [1, 'longblock', 1.0, 4.0]", "id": 3}, {"type": "0", "fact": "PositionXFact: [1, 20.0]", "id": 3}, {"type": "0", "fact": "PositionYFact: [1, 0.0]", "id": 3}, {"type": "0", "fact": "VariableFact: ['space', False]", "id": 3}, {"type": "0", "fact": "VariableFact: ['up', False]", "id": 3}, {"type": "0", "fact": "VariableFact: ['down', False]", "id": 3}, {"type": "0", "fact": "VariableFact: ['left', False]", "id": 3}, {"type": "0", "fact": "VariableFact: ['right', False]", "id": 3}, {"type": "0", "fact": "VariableFact: ['spacePrev', False]", "id": 3}, {"type": "0", "fact": "VariableFact: ['upPrev', False]", "id": 3}, {"type": "0", "fact": "VariableFact: ['downPrev', False]", "id": 3}, {"type": "0", "fact": "VariableFact: ['leftPrev', False]", "id": 3}, {"type": "0", "fact": "VariableFact: ['rightPrev', False]", "id": 3}, {"type": "0", "fact": "RelationshipFactX: [0, 1, 'East', 'West', -13.0]", "id": 3}, {"type": "0", "fact": "RelationshipFactY: [0, 1, 'North', 'South', 2.0]", "id": 3}, {"type": "0", "fact": "RelationshipFactX: [1, 0, 'West', 'East', 13.0]", "id": 3}, {"type": "0", "fact": "RelationshipFactY: [1, 0, 'South', 'North', -2.0]", "id": 3}, {"type": "1", "fact": "VelocityXFact: [1, -1.0]", "id": 4}, {"type": "2", "fact": "VelocityXFact: [0, -2.0]", "id": 4}, {"type": "0", "fact": "VelocityXFact: [0, 0.0]", "id": 4}, {"type": "0", "fact": "VelocityYFact: [0, -1.0]", "id": 4}, {"type": "0", "fact": "AnimationFact: [0, 'chick', 1.0, 1.0]", "id": 4}, {"type": "0", "fact": "PositionXFact: [0, 6.0]", "id": 4}, {"type": "0", "fact": "PositionYFact: [0, 6.0]", "id": 4}, {"type": "0", "fact": "VelocityXFact: [1, -1.0]", "id": 4}, {"type": "0", "fact": "VelocityYFact: [1, 0.0]", "id": 4}, {"type": "0", "fact": "AnimationFact: [1, 'longblock', 1.0, 4.0]", "id": 4}, {"type": "0", "fact": "PositionXFact: [1, 19.0]", "id": 4}, {"type": "0", "fact": "PositionYFact: [1, 0.0]", "id": 4}, {"type": "0", "fact": "VariableFact: ['space', False]", "id": 4}, {"type": "0", "fact": "VariableFact: ['up', False]", "id": 4}, {"type": "0", "fact": "VariableFact: ['down', False]", "id": 4}, {"type": "0", "fact": "VariableFact: ['left', False]", "id": 4}, {"type": "0", "fact": "VariableFact: ['right', False]", "id": 4}, {"type": "0", "fact": "VariableFact: ['spacePrev', False]", "id": 4}, {"type": "0", "fact": "VariableFact: ['upPrev', False]", "id": 4}, {"type": "0", "fact": "VariableFact: ['downPrev', False]", "id": 4}, {"type": "0", "fact": "VariableFact: ['leftPrev', False]", "id": 4}, {"type": "0", "fact": "VariableFact: ['rightPrev', False]", "id": 4}, {"type": "0", "fact": "RelationshipFactX: [0, 1, 'East', 'West', -12.0]", "id": 4}, {"type": "0", "fact": "RelationshipFactY: [0, 1, 'North', 'South', 2.0]", "id": 4}, {"type": "0", "fact": "RelationshipFactX: [1, 0, 'West', 'East', 12.0]", "id": 4}, {"type": "0", "fact": "RelationshipFactY: [1, 0, 'South', 'North', -2.0]", "id": 4}, {"type": "1", "fact": "VelocityYFact: [0, -1.0]", "id": 5}, {"type": "2", "fact": "VelocityYFact: [0, 0.0]", "id": 5}, {"type": "0", "fact": "VelocityXFact: [0, 0]", "id": 5}, {"type": "0", "fact": "VelocityYFact: [0, -1.0]", "id": 5}, {"type": "0", "fact": "AnimationFact: [0, 'chick', 1.0, 1.0]", "id": 5}, {"type": "0", "fact": "PositionXFact: [0, 6.0]", "id": 5}, {"type": "0", "fact": "PositionYFact: [0, 7.0]", "id": 5}, {"type": "0", "fact": "VelocityXFact: [1, 0]", "id": 5}, {"type": "0", "fact": "VelocityYFact: [1, 0]", "id": 5}, {"type": "0", "fact": "AnimationFact: [1, 'longblock', 1.0, 4.0]", "id": 5}, {"type": "0", "fact": "PositionXFact: [1, 20.0]", "id": 5}, {"type": "0", "fact": "PositionYFact: [1, 0.0]", "id": 5}, {"type": "0", "fact": "VariableFact: ['space', False]", "id": 5}, {"type": "0", "fact": "VariableFact: ['up', False]", "id": 5}, {"type": "0", "fact": "VariableFact: ['down', False]", "id": 5}, {"type": "0", "fact": "VariableFact: ['left', False]", "id": 5}, {"type": "0", "fact": "VariableFact: ['right', False]", "id": 5}, {"type": "0", "fact": "VariableFact: ['spacePrev', False]", "id": 5}, {"type": "0", "fact": "VariableFact: ['upPrev', False]", "id": 5}, {"type": "0", "fact": "VariableFact: ['downPrev', False]", "id": 5}, {"type": "0", "fact": "VariableFact: ['leftPrev', False]", "id": 5}, {"type": "0", "fact": "VariableFact: ['rightPrev', False]", "id": 5}, {"type": "0", "fact": "RelationshipFactX: [0, 1, 'East', 'West', -13.0]", "id": 5}, {"type": "0", "fact": "RelationshipFactY: [0, 1, 'North', 'South', 3.0]", "id": 5}, {"type": "0", "fact": "RelationshipFactX: [1, 0, 'West', 'East', 13.0]", "id": 5}, {"type": "0", "fact": "RelationshipFactY: [1, 0, 'South', 'North', -3.0]", "id": 5}, {"type": "1", "fact": "VelocityYFact: [0, 0.0]", "id": 6}, {"type": "2", "fact": "VelocityYFact: [0, -1.0]", "id": 6}, {"type": "0", "fact": "VelocityXFact: [0, 0]", "id": 6}, {"type": "0", "fact": "VelocityYFact: [0, 0.0]", "id": 6}, {"type": "0", "fact": "AnimationFact: [0, 'chick', 1.0, 1.0]", "id": 6}, {"type": "0", "fact": "PositionXFact: [0, 6.0]", "id": 6}, {"type": "0", "fact": "PositionYFact: [0, 7.0]", "id": 6}, {"type": "0", "fact": "VelocityXFact: [1, 0]", "id": 6}, {"type": "0", "fact": "VelocityYFact: [1, 0]", "id": 6}, {"type": "0", "fact": "AnimationFact: [1, 'longblock', 1.0, 4.0]", "id": 6}, {"type": "0", "fact": "PositionXFact: [1, 20.0]", "id": 6}, {"type": "0", "fact": "PositionYFact: [1, 0.0]", "id": 6}, {"type": "0", "fact": "VariableFact: ['space', False]", "id": 6}, {"type": "0", "fact": "VariableFact: ['up', False]", "id": 6}, {"type": "0", "fact": "VariableFact: ['down', False]", "id": 6}, {"type": "0", "fact": "VariableFact: ['left', False]", "id": 6}, {"type": "0", "fact": "VariableFact: ['right', False]", "id": 6}, {"type": "0", "fact": "VariableFact: ['spacePrev', False]", "id": 6}, {"type": "0", "fact": "VariableFact: ['upPrev', False]", "id": 6}, {"type": "0", "fact": "VariableFact: ['downPrev', False]", "id": 6}, {"type": "0", "fact": "VariableFact: ['leftPrev', False]", "id": 6}, {"type": "0", "fact": "VariableFact: ['rightPrev', False]", "id": 6}, {"type": "0", "fact": "RelationshipFactX: [0, 1, 'East', 'West', -13.0]", "id": 6}, {"type": "0", "fact": "RelationshipFactY: [0, 1, 'North', 'South', 3.0]", "id": 6}, {"type": "0", "fact": "RelationshipFactX: [1, 0, 'West', 'East', 13.0]", "id": 6}, {"type": "0", "fact": "RelationshipFactY: [1, 0, 'South', 'North', -3.0]", "id": 6}, {"type": "1", "fact": "VelocityXFact: [1, -1.0]", "id": 7}, {"type": "2", "fact": "VelocityXFact: [0, 20.0]", "id": 7}, {"type": "0", "fact": "VariableFact: ['space', False]", "id": 7}, {"type": "0", "fact": "VariableFact: ['up', False]", "id": 7}, {"type": "0", "fact": "VariableFact: ['down', False]", "id": 7}, {"type": "0", "fact": "VariableFact: ['left', False]", "id": 7}, {"type": "0", "fact": "VariableFact: ['right', False]", "id": 7}, {"type": "0", "fact": "VariableFact: ['spacePrev', False]", "id": 7}, {"type": "0", "fact": "VariableFact: ['upPrev', False]", "id": 7}, {"type": "0", "fact": "VariableFact: ['downPrev', False]", "id": 7}, {"type": "0", "fact": "VariableFact: ['leftPrev', False]", "id": 7}, {"type": "0", "fact": "VariableFact: ['rightPrev', False]", "id": 7}, {"type": "0", "fact": "VelocityYFact: [1, 0.0]", "id": 7}, {"type": "0", "fact": "VelocityXFact: [1, -1.0]", "id": 7}, {"type": "0", "fact": "AnimationFact: [1, 'longblock', 1.0, 4.0]", "id": 7}, {"type": "0", "fact": "PositionYFact: [1, 0.0]", "id": 7}, {"type": "0", "fact": "VelocityXFact: [0, 0.0]", "id": 7}, {"type": "0", "fact": "AnimationFact: [0, 'chick', 1.0, 1.0]", "id": 7}, {"type": "0", "fact": "PositionXFact: [0, 6.0]", "id": 7}, {"type": "1", "fact": "VelocityYFact: [0, -1.0]", "id": 8}, {"type": "2", "fact": "VelocityYFact: [0, 0.0]", "id": 8}, {"type": "0", "fact": "VelocityXFact: [0, 0]", "id": 8}, {"type": "0", "fact": "VelocityYFact: [0, -1.0]", "id": 8}, {"type": "0", "fact": "AnimationFact: [0, 'chick', 1.0, 1.0]", "id": 8}, {"type": "0", "fact": "PositionXFact: [0, 6.0]", "id": 8}, {"type": "0", "fact": "PositionYFact: [0, 7.0]", "id": 8}, {"type": "0", "fact": "VelocityXFact: [1, 0]", "id": 8}, {"type": "0", "fact": "VelocityYFact: [1, 0]", "id": 8}, {"type": "0", "fact": "AnimationFact: [1, 'longblock', 1.0, 4.0]", "id": 8}, {"type": "0", "fact": "PositionXFact: [1, 20.0]", "id": 8}, {"type": "0", "fact": "PositionYFact: [1, 0.0]", "id": 8}, {"type": "0", "fact": "VariableFact: ['space', False]", "id": 8}, {"type": "0", "fact": "VariableFact: ['up', False]", "id": 8}, {"type": "0", "fact": "VariableFact: ['down', False]", "id": 8}, {"type": "0", "fact": "VariableFact: ['left', False]", "id": 8}, {"type": "0", "fact": "VariableFact: ['right', False]", "id": 8}, {"type": "0", "fact": "VariableFact: ['spacePrev', False]", "id": 8}, {"type": "0", "fact": "VariableFact: ['upPrev', False]", "id": 8}, {"type": "0", "fact": "VariableFact: ['downPrev', False]", "id": 8}, {"type": "0", "fact": "VariableFact: ['leftPrev', False]", "id": 8}, {"type": "0", "fact": "VariableFact: ['rightPrev', False]", "id": 8}, {"type": "0", "fact": "RelationshipFactX: [0, 1, 'East', 'West', -13.0]", "id": 8}, {"type": "0", "fact": "RelationshipFactY: [0, 1, 'North', 'South', 3.0]", "id": 8}, {"type": "0", "fact": "RelationshipFactX: [1, 0, 'West', 'East', 13.0]", "id": 8}, {"type": "0", "fact": "RelationshipFactY: [1, 0, 'South', 'North', -3.0]", "id": 8}, {"type": "1", "fact": "VelocityYFact: [0, 0.0]", "id": 9}, {"type": "2", "fact": "VelocityYFact: [0, -1.0]", "id": 9}, {"type": "0", "fact": "VelocityXFact: [0, 0]", "id": 9}, {"type": "0", "fact": "VelocityYFact: [0, 0.0]", "id": 9}, {"type": "0", "fact": "AnimationFact: [0, 'chick', 1.0, 1.0]", "id": 9}, {"type": "0", "fact": "PositionXFact: [0, 6.0]", "id": 9}, {"type": "0", "fact": "PositionYFact: [0, 7.0]", "id": 9}, {"type": "0", "fact": "VelocityXFact: [1, 0]", "id": 9}, {"type": "0", "fact": "VelocityYFact: [1, 0]", "id": 9}, {"type": "0", "fact": "AnimationFact: [1, 'longblock', 1.0, 4.0]", "id": 9}, {"type": "0", "fact": "PositionXFact: [1, 20.0]", "id": 9}, {"type": "0", "fact": "PositionYFact: [1, 0.0]", "id": 9}, {"type": "0", "fact": "VariableFact: ['space', False]", "id": 9}, {"type": "0", "fact": "VariableFact: ['up', False]", "id": 9}, {"type": "0", "fact": "VariableFact: ['down', False]", "id": 9}, {"type": "0", "fact": "VariableFact: ['left', False]", "id": 9}, {"type": "0", "fact": "VariableFact: ['right', False]", "id": 9}, {"type": "0", "fact": "VariableFact: ['spacePrev', False]", "id": 9}, {"type": "0", "fact": "VariableFact: ['upPrev', False]", "id": 9}, {"type": "0", "fact": "VariableFact: ['downPrev', False]", "id": 9}, {"type": "0", "fact": "VariableFact: ['leftPrev', False]", "id": 9}, {"type": "0", "fact": "VariableFact: ['rightPrev', False]", "id": 9}, {"type": "0", "fact": "RelationshipFactX: [0, 1, 'East', 'West', -13.0]", "id": 9}, {"type": "0", "fact": "RelationshipFactY: [0, 1, 'North', 'South', 3.0]", "id": 9}, {"type": "0", "fact": "RelationshipFactX: [1, 0, 'West', 'East', 13.0]", "id": 9}, {"type": "0", "fact": "RelationshipFactY: [1, 0, 'South', 'North', -3.0]", "id": 9}, {"type": "1", "fact": "VelocityXFact: [1, 20.0]", "id": 10}, {"type": "2", "fact": "VelocityXFact: [0, -1.0]", "id": 10}, {"type": "0", "fact": "VariableFact: ['space', False]", "id": 10}, {"type": "0", "fact": "VariableFact: ['up', False]", "id": 10}, {"type": "0", "fact": "VariableFact: ['down', False]", "id": 10}, {"type": "0", "fact": "VariableFact: ['left', False]", "id": 10}, {"type": "0", "fact": "VariableFact: ['right', False]", "id": 10}, {"type": "0", "fact": "VariableFact: ['spacePrev', False]", "id": 10}, {"type": "0", "fact": "VariableFact: ['upPrev', False]", "id": 10}, {"type": "0", "fact": "VariableFact: ['downPrev', False]", "id": 10}, {"type": "0", "fact": "VariableFact: ['leftPrev', False]", "id": 10}, {"type": "0", "fact": "VariableFact: ['rightPrev', False]", "id": 10}, {"type": "0", "fact": "VelocityYFact: [1, 0.0]", "id": 10}, {"type": "0", "fact": "VelocityXFact: [1, 20.0]", "id": 10}, {"type": "0", "fact": "AnimationFact: [1, 'longblock', 1.0, 4.0]", "id": 10}, {"type": "0", "fact": "PositionYFact: [1, 0.0]", "id": 10}, {"type": "0", "fact": "VelocityXFact: [0, 0.0]", "id": 10}, {"type": "0", "fact": "AnimationFact: [0, 'chick', 1.0, 1.0]", "id": 10}, {"type": "0", "fact": "PositionXFact: [0, 6.0]", "id": 10}, {"type": "1", "fact": "VelocityYFact: [0, -1.0]", "id": 11}, {"type": "2", "fact": "VelocityYFact: [0, 0.0]", "id": 11}, {"type": "0", "fact": "VelocityXFact: [0, 0]", "id": 11}, {"type": "0", "fact": "VelocityYFact: [0, -1.0]", "id": 11}, {"type": "0", "fact": "AnimationFact: [0, 'chick', 1.0, 1.0]", "id": 11}, {"type": "0", "fact": "PositionXFact: [0, 6.0]", "id": 11}, {"type": "0", "fact": "PositionYFact: [0, 7.0]", "id": 11}, {"type": "0", "fact": "VelocityXFact: [1, 0]", "id": 11}, {"type": "0", "fact": "VelocityYFact: [1, 0]", "id": 11}, {"type": "0", "fact": "AnimationFact: [1, 'longblock', 1.0, 4.0]", "id": 11}, {"type": "0", "fact": "PositionXFact: [1, 20.0]", "id": 11}, {"type": "0", "fact": "PositionYFact: [1, 0.0]", "id": 11}, {"type": "0", "fact": "VariableFact: ['space', False]", "id": 11}, {"type": "0", "fact": "VariableFact: ['up', False]", "id": 11}, {"type": "0", "fact": "VariableFact: ['down', False]", "id": 11}, {"type": "0", "fact": "VariableFact: ['left', False]", "id": 11}, {"type": "0", "fact": "VariableFact: ['right', False]", "id": 11}, {"type": "0", "fact": "VariableFact: ['spacePrev', False]", "id": 11}, {"type": "0", "fact": "VariableFact: ['upPrev', False]", "id": 11}, {"type": "0", "fact": "VariableFact: ['downPrev', False]", "id": 11}, {"type": "0", "fact": "VariableFact: ['leftPrev', False]", "id": 11}, {"type": "0", "fact": "VariableFact: ['rightPrev', False]", "id": 11}, {"type": "0", "fact": "RelationshipFactX: [0, 1, 'East', 'West', -13.0]", "id": 11}, {"type": "0", "fact": "RelationshipFactY: [0, 1, 'North', 'South', 3.0]", "id": 11}, {"type": "0", "fact": "RelationshipFactX: [1, 0, 'West', 'East', 13.0]", "id": 11}, {"type": "0", "fact": "RelationshipFactY: [1, 0, 'South', 'North', -3.0]", "id": 11}, {"type": "1", "fact": "VelocityYFact: [0, 0.0]", "id": 12}, {"type": "2", "fact": "VelocityYFact: [0, -1.0]", "id": 12}, {"type": "0", "fact": "VelocityXFact: [0, 0]", "id": 12}, {"type": "0", "fact": "VelocityYFact: [0, 0.0]", "id": 12}, {"type": "0", "fact": "AnimationFact: [0, 'chick', 1.0, 1.0]", "id": 12}, {"type": "0", "fact": "PositionXFact: [0, 6.0]", "id": 12}, {"type": "0", "fact": "PositionYFact: [0, 7.0]", "id": 12}, {"type": "0", "fact": "VelocityXFact: [1, 0]", "id": 12}, {"type": "0", "fact": "VelocityYFact: [1, 0]", "id": 12}, {"type": "0", "fact": "AnimationFact: [1, 'longblock', 1.0, 4.0]", "id": 12}, {"type": "0", "fact": "PositionXFact: [1, 20.0]", "id": 12}, {"type": "0", "fact": "PositionYFact: [1, 0.0]", "id": 12}, {"type": "0", "fact": "VariableFact: ['space', False]", "id": 12}, {"type": "0", "fact": "VariableFact: ['up', False]", "id": 12}, {"type": "0", "fact": "VariableFact: ['down', False]", "id": 12}, {"type": "0", "fact": "VariableFact: ['left', False]", "id": 12}, {"type": "0", "fact": "VariableFact: ['right', False]", "id": 12}, {"type": "0", "fact": "VariableFact: ['spacePrev', False]", "id": 12}, {"type": "0", "fact": "VariableFact: ['upPrev', False]", "id": 12}, {"type": "0", "fact": "VariableFact: ['downPrev', False]", "id": 12}, {"type": "0", "fact": "VariableFact: ['leftPrev', False]", "id": 12}, {"type": "0", "fact": "VariableFact: ['rightPrev', False]", "id": 12}, {"type": "0", "fact": "RelationshipFactX: [0, 1, 'East', 'West', -13.0]", "id": 12}, {"type": "0", "fact": "RelationshipFactY: [0, 1, 'North', 'South', 3.0]", "id": 12}, {"type": "0", "fact": "RelationshipFactX: [1, 0, 'West', 'East', 13.0]", "id": 12}, {"type": "0", "fact": "RelationshipFactY: [1, 0, 'South', 'North', -3.0]", "id": 12}, {"type": "1", "fact": "VelocityYFact: [0, -1.0]", "id": 13}, {"type": "2", "fact": "VelocityYFact: [0, 0.0]", "id": 13}, {"type": "0", "fact": "VelocityXFact: [0, 0]", "id": 13}, {"type": "0", "fact": "VelocityYFact: [0, -1.0]", "id": 13}, {"type": "0", "fact": "AnimationFact: [0, 'chick', 1.0, 1.0]", "id": 13}, {"type": "0", "fact": "PositionXFact: [0, 6.0]", "id": 13}, {"type": "0", "fact": "PositionYFact: [0, 7.0]", "id": 13}, {"type": "0", "fact": "VelocityXFact: [1, 0]", "id": 13}, {"type": "0", "fact": "VelocityYFact: [1, 0]", "id": 13}, {"type": "0", "fact": "AnimationFact: [1, 'longblock', 1.0, 4.0]", "id": 13}, {"type": "0", "fact": "PositionXFact: [1, 20.0]", "id": 13}, {"type": "0", "fact": "PositionYFact: [1, 0.0]", "id": 13}, {"type": "0", "fact": "VariableFact: ['space', False]", "id": 13}, {"type": "0", "fact": "VariableFact: ['up', False]", "id": 13}, {"type": "0", "fact": "VariableFact: ['down', False]", "id": 13}, {"type": "0", "fact": "VariableFact: ['left', False]", "id": 13}, {"type": "0", "fact": "VariableFact: ['right', False]", "id": 13}, {"type": "0", "fact": "VariableFact: ['spacePrev', False]", "id": 13}, {"type": "0", "fact": "VariableFact: ['upPrev', False]", "id": 13}, {"type": "0", "fact": "VariableFact: ['downPrev', False]", "id": 13}, {"type": "0", "fact": "VariableFact: ['leftPrev', False]", "id": 13}, {"type": "0", "fact": "VariableFact: ['rightPrev', False]", "id": 13}, {"type": "0", "fact": "RelationshipFactX: [0, 1, 'East', 'West', -13.0]", "id": 13}, {"type": "0", "fact": "RelationshipFactY: [0, 1, 'North', 'South', 3.0]", "id": 13}, {"type": "0", "fact": "RelationshipFactX: [1, 0, 'West', 'East', 13.0]", "id": 13}, {"type": "0", "fact": "RelationshipFactY: [1, 0, 'South', 'North', -3.0]", "id": 13}, {"type": "1", "fact": "VelocityYFact: [0, 0.0]", "id": 14}, {"type": "2", "fact": "VelocityYFact: [0, -1.0]", "id": 14}, {"type": "0", "fact": "VelocityXFact: [0, 0]", "id": 14}, {"type": "0", "fact": "VelocityYFact: [0, 0.0]", "id": 14}, {"type": "0", "fact": "AnimationFact: [0, 'chick', 1.0, 1.0]", "id": 14}, {"type": "0", "fact": "PositionXFact: [0, 6.0]", "id": 14}, {"type": "0", "fact": "PositionYFact: [0, 7.0]", "id": 14}, {"type": "0", "fact": "VelocityXFact: [1, 0]", "id": 14}, {"type": "0", "fact": "VelocityYFact: [1, 0]", "id": 14}, {"type": "0", "fact": "AnimationFact: [1, 'longblock', 1.0, 4.0]", "id": 14}, {"type": "0", "fact": "PositionXFact: [1, 20.0]", "id": 14}, {"type": "0", "fact": "PositionYFact: [1, 0.0]", "id": 14}, {"type": "0", "fact": "VariableFact: ['space', False]", "id": 14}, {"type": "0", "fact": "VariableFact: ['up', False]", "id": 14}, {"type": "0", "fact": "VariableFact: ['down', False]", "id": 14}, {"type": "0", "fact": "VariableFact: ['left', False]", "id": 14}, {"type": "0", "fact": "VariableFact: ['right', False]", "id": 14}, {"type": "0", "fact": "VariableFact: ['spacePrev', False]", "id": 14}, {"type": "0", "fact": "VariableFact: ['upPrev', False]", "id": 14}, {"type": "0", "fact": "VariableFact: ['downPrev', False]", "id": 14}, {"type": "0", "fact": "VariableFact: ['leftPrev', False]", "id": 14}, {"type": "0", "fact": "VariableFact: ['rightPrev', False]", "id": 14}, {"type": "0", "fact": "RelationshipFactX: [0, 1, 'East', 'West', -13.0]", "id": 14}, {"type": "0", "fact": "RelationshipFactY: [0, 1, 'North', 'South', 3.0]", "id": 14}, {"type": "0", "fact": "RelationshipFactX: [1, 0, 'West', 'East', 13.0]", "id": 14}, {"type": "0", "fact": "RelationshipFactY: [1, 0, 'South', 'North', -3.0]", "id": 14}, {"type": "1", "fact": "VelocityXFact: [1, -1.0]", "id": 15}, {"type": "2", "fact": "VelocityXFact: [0, -2.0]", "id": 15}, {"type": "0", "fact": "VariableFact: ['space', False]", "id": 15}, {"type": "0", "fact": "VariableFact: ['up', False]", "id": 15}, {"type": "0", "fact": "VariableFact: ['down', False]", "id": 15}, {"type": "0", "fact": "VariableFact: ['left', False]", "id": 15}, {"type": "0", "fact": "VariableFact: ['right', False]", "id": 15}, {"type": "0", "fact": "VariableFact: ['spacePrev', False]", "id": 15}, {"type": "0", "fact": "VariableFact: ['upPrev', False]", "id": 15}, {"type": "0", "fact": "VariableFact: ['downPrev', False]", "id": 15}, {"type": "0", "fact": "VariableFact: ['leftPrev', False]", "id": 15}, {"type": "0", "fact": "VariableFact: ['rightPrev', False]", "id": 15}, {"type": "0", "fact": "VelocityYFact: [1, 0.0]", "id": 15}, {"type": "0", "fact": "VelocityXFact: [1, -1.0]", "id": 15}, {"type": "0", "fact": "AnimationFact: [1, 'longblock', 1.0, 4.0]", "id": 15}, {"type": "0", "fact": "PositionYFact: [1, 0.0]", "id": 15}, {"type": "0", "fact": "VelocityXFact: [0, 0.0]", "id": 15}, {"type": "0", "fact": "VelocityYFact: [0, -1.0]", "id": 15}, {"type": "0", "fact": "AnimationFact: [0, 'chick', 1.0, 1.0]", "id": 15}, {"type": "0", "fact": "PositionXFact: [0, 6.0]", "id": 15}, {"type": "1", "fact": "VelocityYFact: [0, -1.0]", "id": 16}, {"type": "2", "fact": "VelocityYFact: [0, 0.0]", "id": 16}, {"type": "0", "fact": "VelocityXFact: [0, 0]", "id": 16}, {"type": "0", "fact": "VelocityYFact: [0, -1.0]", "id": 16}, {"type": "0", "fact": "AnimationFact: [0, 'chick', 1.0, 1.0]", "id": 16}, {"type": "0", "fact": "PositionXFact: [0, 6.0]", "id": 16}, {"type": "0", "fact": "PositionYFact: [0, 7.0]", "id": 16}, {"type": "0", "fact": "VelocityXFact: [1, 0]", "id": 16}, {"type": "0", "fact": "VelocityYFact: [1, 0]", "id": 16}, {"type": "0", "fact": "AnimationFact: [1, 'longblock', 1.0, 4.0]", "id": 16}, {"type": "0", "fact": "PositionXFact: [1, 20.0]", "id": 16}, {"type": "0", "fact": "PositionYFact: [1, 0.0]", "id": 16}, {"type": "0", "fact": "VariableFact: ['space', False]", "id": 16}, {"type": "0", "fact": "VariableFact: ['up', False]", "id": 16}, {"type": "0", "fact": "VariableFact: ['down', False]", "id": 16}, {"type": "0", "fact": "VariableFact: ['left', False]", "id": 16}, {"type": "0", "fact": "VariableFact: ['right', False]", "id": 16}, {"type": "0", "fact": "VariableFact: ['spacePrev', False]", "id": 16}, {"type": "0", "fact": "VariableFact: ['upPrev', False]", "id": 16}, {"type": "0", "fact": "VariableFact: ['downPrev', False]", "id": 16}, {"type": "0", "fact": "VariableFact: ['leftPrev', False]", "id": 16}, {"type": "0", "fact": "VariableFact: ['rightPrev', False]", "id": 16}, {"type": "0", "fact": "RelationshipFactX: [0, 1, 'East', 'West', -13.0]", "id": 16}, {"type": "0", "fact": "RelationshipFactY: [0, 1, 'North', 'South', 3.0]", "id": 16}, {"type": "0", "fact": "RelationshipFactX: [1, 0, 'West', 'East', 13.0]", "id": 16}, {"type": "0", "fact": "RelationshipFactY: [1, 0, 'South', 'North', -3.0]", "id": 16}, {"type": "1", "fact": "VelocityYFact: [0, 0.0]", "id": 17}, {"type": "2", "fact": "VelocityYFact: [0, -1.0]", "id": 17}, {"type": "0", "fact": "VelocityXFact: [0, 0]", "id": 17}, {"type": "0", "fact": "VelocityYFact: [0, 0.0]", "id": 17}, {"type": "0", "fact": "AnimationFact: [0, 'chick', 1.0, 1.0]", "id": 17}, {"type": "0", "fact": "PositionXFact: [0, 6.0]", "id": 17}, {"type": "0", "fact": "PositionYFact: [0, 7.0]", "id": 17}, {"type": "0", "fact": "VelocityXFact: [1, 0]", "id": 17}, {"type": "0", "fact": "VelocityYFact: [1, 0]", "id": 17}, {"type": "0", "fact": "AnimationFact: [1, 'longblock', 1.0, 4.0]", "id": 17}, {"type": "0", "fact": "PositionXFact: [1, 20.0]", "id": 17}, {"type": "0", "fact": "PositionYFact: [1, 0.0]", "id": 17}, {"type": "0", "fact": "VariableFact: ['space', False]", "id": 17}, {"type": "0", "fact": "VariableFact: ['up', False]", "id": 17}, {"type": "0", "fact": "VariableFact: ['down', False]", "id": 17}, {"type": "0", "fact": "VariableFact: ['left', False]", "id": 17}, {"type": "0", "fact": "VariableFact: ['right', False]", "id": 17}, {"type": "0", "fact": "VariableFact: ['spacePrev', False]", "id": 17}, {"type": "0", "fact": "VariableFact: ['upPrev', False]", "id": 17}, {"type": "0", "fact": "VariableFact: ['downPrev', False]", "id": 17}, {"type": "0", "fact": "VariableFact: ['leftPrev', False]", "id": 17}, {"type": "0", "fact": "VariableFact: ['rightPrev', False]", "id": 17}, {"type": "0", "fact": "RelationshipFactX: [0, 1, 'East', 'West', -13.0]", "id": 17}, {"type": "0", "fact": "RelationshipFactY: [0, 1, 'North', 'South', 3.0]", "id": 17}, {"type": "0", "fact": "RelationshipFactX: [1, 0, 'West', 'East', 13.0]", "id": 17}, {"type": "0", "fact": "RelationshipFactY: [1, 0, 'South', 'North', -3.0]", "id": 17}, {"type": "1", "fact": "VelocityXFact: [1, -1.0]", "id": 18}, {"type": "2", "fact": "VelocityXFact: [0, -2.0]", "id": 18}, {"type": "0", "fact": "VariableFact: ['space', False]", "id": 18}, {"type": "0", "fact": "VariableFact: ['up', False]", "id": 18}, {"type": "0", "fact": "VariableFact: ['down', False]", "id": 18}, {"type": "0", "fact": "VariableFact: ['left', False]", "id": 18}, {"type": "0", "fact": "VariableFact: ['right', False]", "id": 18}, {"type": "0", "fact": "VariableFact: ['spacePrev', False]", "id": 18}, {"type": "0", "fact": "VariableFact: ['upPrev', False]", "id": 18}, {"type": "0", "fact": "VariableFact: ['downPrev', False]", "id": 18}, {"type": "0", "fact": "VariableFact: ['leftPrev', False]", "id": 18}, {"type": "0", "fact": "VariableFact: ['rightPrev', False]", "id": 18}, {"type": "0", "fact": "VelocityYFact: [1, 0.0]", "id": 18}, {"type": "0", "fact": "VelocityXFact: [1, -1.0]", "id": 18}, {"type": "0", "fact": "AnimationFact: [1, 'longblock', 1.0, 4.0]", "id": 18}, {"type": "0", "fact": "PositionYFact: [1, 0.0]", "id": 18}, {"type": "0", "fact": "VelocityXFact: [0, 0.0]", "id": 18}, {"type": "0", "fact": "VelocityYFact: [0, -1.0]", "id": 18}, {"type": "0", "fact": "AnimationFact: [0, 'chick', 1.0, 1.0]", "id": 18}, {"type": "0", "fact": "PositionXFact: [0, 6.0]", "id": 18}, {"type": "1", "fact": "VelocityYFact: [0, -1.0]", "id": 19}, {"type": "2", "fact": "VelocityYFact: [0, 0.0]", "id": 19}, {"type": "0", "fact": "VelocityXFact: [0, 0]", "id": 19}, {"type": "0", "fact": "VelocityYFact: [0, -1.0]", "id": 19}, {"type": "0", "fact": "AnimationFact: [0, 'chick', 1.0, 1.0]", "id": 19}, {"type": "0", "fact": "PositionXFact: [0, 6.0]", "id": 19}, {"type": "0", "fact": "PositionYFact: [0, 7.0]", "id": 19}, {"type": "0", "fact": "VelocityXFact: [1, 0]", "id": 19}, {"type": "0", "fact": "VelocityYFact: [1, 0]", "id": 19}, {"type": "0", "fact": "AnimationFact: [1, 'longblock', 1.0, 4.0]", "id": 19}, {"type": "0", "fact": "PositionXFact: [1, 20.0]", "id": 19}, {"type": "0", "fact": "PositionYFact: [1, 0.0]", "id": 19}, {"type": "0", "fact": "VariableFact: ['space', False]", "id": 19}, {"type": "0", "fact": "VariableFact: ['up', False]", "id": 19}, {"type": "0", "fact": "VariableFact: ['down', False]", "id": 19}, {"type": "0", "fact": "VariableFact: ['left', False]", "id": 19}, {"type": "0", "fact": "VariableFact: ['right', False]", "id": 19}, {"type": "0", "fact": "VariableFact: ['spacePrev', False]", "id": 19}, {"type": "0", "fact": "VariableFact: ['upPrev', False]", "id": 19}, {"type": "0", "fact": "VariableFact: ['downPrev', False]", "id": 19}, {"type": "0", "fact": "VariableFact: ['leftPrev', False]", "id": 19}, {"type": "0", "fact": "VariableFact: ['rightPrev', False]", "id": 19}, {"type": "0", "fact": "RelationshipFactX: [0, 1, 'East', 'West', -13.0]", "id": 19}, {"type": "0", "fact": "RelationshipFactY: [0, 1, 'North', 'South', 3.0]", "id": 19}, {"type": "0", "fact": "RelationshipFactX: [1, 0, 'West', 'East', 13.0]", "id": 19}, {"type": "0", "fact": "RelationshipFactY: [1, 0, 'South', 'North', -3.0]", "id": 19}, {"type": "1", "fact": "VelocityYFact: [0, 0.0]", "id": 20}, {"type": "2", "fact": "VelocityYFact: [0, -1.0]", "id": 20}, {"type": "0", "fact": "VelocityXFact: [0, 0]", "id": 20}, {"type": "0", "fact": "VelocityYFact: [0, 0.0]", "id": 20}, {"type": "0", "fact": "AnimationFact: [0, 'chick', 1.0, 1.0]", "id": 20}, {"type": "0", "fact": "PositionXFact: [0, 6.0]", "id": 20}, {"type": "0", "fact": "PositionYFact: [0, 7.0]", "id": 20}, {"type": "0", "fact": "VelocityXFact: [1, 0]", "id": 20}, {"type": "0", "fact": "VelocityYFact: [1, 0]", "id": 20}, {"type": "0", "fact": "AnimationFact: [1, 'longblock', 1.0, 4.0]", "id": 20}, {"type": "0", "fact": "PositionXFact: [1, 20.0]", "id": 20}, {"type": "0", "fact": "PositionYFact: [1, 0.0]", "id": 20}, {"type": "0", "fact": "VariableFact: ['space', False]", "id": 20}, {"type": "0", "fact": "VariableFact: ['up', False]", "id": 20}, {"type": "0", "fact": "VariableFact: ['down', False]", "id": 20}, {"type": "0", "fact": "VariableFact: ['left', False]", "id": 20}, {"type": "0", "fact": "VariableFact: ['right', False]", "id": 20}, {"type": "0", "fact": "VariableFact: ['spacePrev', False]", "id": 20}, {"type": "0", "fact": "VariableFact: ['upPrev', False]", "id": 20}, {"type": "0", "fact": "VariableFact: ['downPrev', False]", "id": 20}, {"type": "0", "fact": "VariableFact: ['leftPrev', False]", "id": 20}, {"type": "0", "fact": "VariableFact: ['rightPrev', False]", "id": 20}, {"type": "0", "fact": "RelationshipFactX: [0, 1, 'East', 'West', -13.0]", "id": 20}, {"type": "0", "fact": "RelationshipFactY: [0, 1, 'North', 'South', 3.0]", "id": 20}, {"type": "0", "fact": "RelationshipFactX: [1, 0, 'West', 'East', 13.0]", "id": 20}, {"type": "0", "fact": "RelationshipFactY: [1, 0, 'South', 'North', -3.0]", "id": 20}, {"type": "1", "fact": "VelocityXFact: [1, -1.0]", "id": 21}, {"type": "2", "fact": "VelocityXFact: [0, -2.0]", "id": 21}, {"type": "0", "fact": "VariableFact: ['space', False]", "id": 21}, {"type": "0", "fact": "VariableFact: ['up', False]", "id": 21}, {"type": "0", "fact": "VariableFact: ['down', False]", "id": 21}, {"type": "0", "fact": "VariableFact: ['left', False]", "id": 21}, {"type": "0", "fact": "VariableFact: ['right', False]", "id": 21}, {"type": "0", "fact": "VariableFact: ['spacePrev', False]", "id": 21}, {"type": "0", "fact": "VariableFact: ['upPrev', False]", "id": 21}, {"type": "0", "fact": "VariableFact: ['downPrev', False]", "id": 21}, {"type": "0", "fact": "VariableFact: ['leftPrev', False]", "id": 21}, {"type": "0", "fact": "VariableFact: ['rightPrev', False]", "id": 21}, {"type": "0", "fact": "VelocityYFact: [1, 0.0]", "id": 21}, {"type": "0", "fact": "VelocityXFact: [1, -1.0]", "id": 21}, {"type": "0", "fact": "AnimationFact: [1, 'longblock', 1.0, 4.0]", "id": 21}, {"type": "0", "fact": "PositionYFact: [1, 0.0]", "id": 21}, {"type": "0", "fact": "VelocityXFact: [0, 0.0]", "id": 21}, {"type": "0", "fact": "VelocityYFact: [0, -1.0]", "id": 21}, {"type": "0", "fact": "AnimationFact: [0, 'chick', 1.0, 1.0]", "id": 21}, {"type": "0", "fact": "PositionXFact: [0, 6.0]", "id": 21}, {"type": "1", "fact": "VelocityYFact: [0, -1.0]", "id": 22}, {"type": "2", "fact": "VelocityYFact: [0, 0.0]", "id": 22}, {"type": "0", "fact": "VelocityXFact: [0, 0]", "id": 22}, {"type": "0", "fact": "VelocityYFact: [0, -1.0]", "id": 22}, {"type": "0", "fact": "AnimationFact: [0, 'chick', 1.0, 1.0]", "id": 22}, {"type": "0", "fact": "PositionXFact: [0, 6.0]", "id": 22}, {"type": "0", "fact": "PositionYFact: [0, 7.0]", "id": 22}, {"type": "0", "fact": "VelocityXFact: [1, 0]", "id": 22}, {"type": "0", "fact": "VelocityYFact: [1, 0]", "id": 22}, {"type": "0", "fact": "AnimationFact: [1, 'longblock', 1.0, 4.0]", "id": 22}, {"type": "0", "fact": "PositionXFact: [1, 20.0]", "id": 22}, {"type": "0", "fact": "PositionYFact: [1, 0.0]", "id": 22}, {"type": "0", "fact": "VariableFact: ['space', False]", "id": 22}, {"type": "0", "fact": "VariableFact: ['up', False]", "id": 22}, {"type": "0", "fact": "VariableFact: ['down', False]", "id": 22}, {"type": "0", "fact": "VariableFact: ['left', False]", "id": 22}, {"type": "0", "fact": "VariableFact: ['right', False]", "id": 22}, {"type": "0", "fact": "VariableFact: ['spacePrev', False]", "id": 22}, {"type": "0", "fact": "VariableFact: ['upPrev', False]", "id": 22}, {"type": "0", "fact": "VariableFact: ['downPrev', False]", "id": 22}, {"type": "0", "fact": "VariableFact: ['leftPrev', False]", "id": 22}, {"type": "0", "fact": "VariableFact: ['rightPrev', False]", "id": 22}, {"type": "0", "fact": "RelationshipFactX: [0, 1, 'East', 'West', -13.0]", "id": 22}, {"type": "0", "fact": "RelationshipFactY: [0, 1, 'North', 'South', 3.0]", "id": 22}, {"type": "0", "fact": "RelationshipFactX: [1, 0, 'West', 'East', 13.0]", "id": 22}, {"type": "0", "fact": "RelationshipFactY: [1, 0, 'South', 'North', -3.0]", "id": 22}, {"type": "1", "fact": "VelocityYFact: [0, 0.0]", "id": 23}, {"type": "2", "fact": "VelocityYFact: [0, -1.0]", "id": 23}, {"type": "0", "fact": "VelocityXFact: [0, 0]", "id": 23}, {"type": "0", "fact": "VelocityYFact: [0, 0.0]", "id": 23}, {"type": "0", "fact": "AnimationFact: [0, 'chick', 1.0, 1.0]", "id": 23}, {"type": "0", "fact": "PositionXFact: [0, 6.0]", "id": 23}, {"type": "0", "fact": "PositionYFact: [0, 7.0]", "id": 23}, {"type": "0", "fact": "VelocityXFact: [1, 0]", "id": 23}, {"type": "0", "fact": "VelocityYFact: [1, 0]", "id": 23}, {"type": "0", "fact": "AnimationFact: [1, 'longblock', 1.0, 4.0]", "id": 23}, {"type": "0", "fact": "PositionXFact: [1, 20.0]", "id": 23}, {"type": "0", "fact": "PositionYFact: [1, 0.0]", "id": 23}, {"type": "0", "fact": "VariableFact: ['space', False]", "id": 23}, {"type": "0", "fact": "VariableFact: ['up', False]", "id": 23}, {"type": "0", "fact": "VariableFact: ['down', False]", "id": 23}, {"type": "0", "fact": "VariableFact: ['left', False]", "id": 23}, {"type": "0", "fact": "VariableFact: ['right', False]", "id": 23}, {"type": "0", "fact": "VariableFact: ['spacePrev', False]", "id": 23}, {"type": "0", "fact": "VariableFact: ['upPrev', False]", "id": 23}, {"type": "0", "fact": "VariableFact: ['downPrev', False]", "id": 23}, {"type": "0", "fact": "VariableFact: ['leftPrev', False]", "id": 23}, {"type": "0", "fact": "VariableFact: ['rightPrev', False]", "id": 23}, {"type": "0", "fact": "RelationshipFactX: [0, 1, 'East', 'West', -13.0]", "id": 23}, {"type": "0", "fact": "RelationshipFactY: [0, 1, 'North', 'South', 3.0]", "id": 23}, {"type": "0", "fact": "RelationshipFactX: [1, 0, 'West', 'East', 13.0]", "id": 23}, {"type": "0", "fact": "RelationshipFactY: [1, 0, 'South', 'North', -3.0]", "id": 23}, {"type": "1", "fact": "VelocityXFact: [1, -1.0]", "id": 24}, {"type": "2", "fact": "VelocityXFact: [0, -2.0]", "id": 24}, {"type": "0", "fact": "VariableFact: ['space', False]", "id": 24}, {"type": "0", "fact": "VariableFact: ['up', False]", "id": 24}, {"type": "0", "fact": "VariableFact: ['down', False]", "id": 24}, {"type": "0", "fact": "VariableFact: ['left', False]", "id": 24}, {"type": "0", "fact": "VariableFact: ['right', False]", "id": 24}, {"type": "0", "fact": "VariableFact: ['spacePrev', False]", "id": 24}, {"type": "0", "fact": "VariableFact: ['upPrev', False]", "id": 24}, {"type": "0", "fact": "VariableFact: ['downPrev', False]", "id": 24}, {"type": "0", "fact": "VariableFact: ['leftPrev', False]", "id": 24}, {"type": "0", "fact": "VariableFact: ['rightPrev', False]", "id": 24}, {"type": "0", "fact": "VelocityYFact: [1, 0.0]", "id": 24}, {"type": "0", "fact": "VelocityXFact: [1, -1.0]", "id": 24}, {"type": "0", "fact": "AnimationFact: [1, 'longblock', 1.0, 4.0]", "id": 24}, {"type": "0", "fact": "PositionYFact: [1, 0.0]", "id": 24}, {"type": "0", "fact": "VelocityXFact: [0, 0.0]", "id": 24}, {"type": "0", "fact": "VelocityYFact: [0, -1.0]", "id": 24}, {"type": "0", "fact": "AnimationFact: [0, 'chick', 1.0, 1.0]", "id": 24}, {"type": "0", "fact": "PositionXFact: [0, 6.0]", "id": 24}, {"type": "1", "fact": "VelocityYFact: [0, -1.0]", "id": 25}, {"type": "2", "fact": "VelocityYFact: [0, 0.0]", "id": 25}, {"type": "0", "fact": "VelocityXFact: [0, 0]", "id": 25}, {"type": "0", "fact": "VelocityYFact: [0, -1.0]", "id": 25}, {"type": "0", "fact": "AnimationFact: [0, 'chick', 1.0, 1.0]", "id": 25}, {"type": "0", "fact": "PositionXFact: [0, 6.0]", "id": 25}, {"type": "0", "fact": "PositionYFact: [0, 7.0]", "id": 25}, {"type": "0", "fact": "VelocityXFact: [1, 0]", "id": 25}, {"type": "0", "fact": "VelocityYFact: [1, 0]", "id": 25}, {"type": "0", "fact": "AnimationFact: [1, 'longblock', 1.0, 4.0]", "id": 25}, {"type": "0", "fact": "PositionXFact: [1, 20.0]", "id": 25}, {"type": "0", "fact": "PositionYFact: [1, 0.0]", "id": 25}, {"type": "0", "fact": "VariableFact: ['space', False]", "id": 25}, {"type": "0", "fact": "VariableFact: ['up', False]", "id": 25}, {"type": "0", "fact": "VariableFact: ['down', False]", "id": 25}, {"type": "0", "fact": "VariableFact: ['left', False]", "id": 25}, {"type": "0", "fact": "VariableFact: ['right', False]", "id": 25}, {"type": "0", "fact": "VariableFact: ['spacePrev', False]", "id": 25}, {"type": "0", "fact": "VariableFact: ['upPrev', False]", "id": 25}, {"type": "0", "fact": "VariableFact: ['downPrev', False]", "id": 25}, {"type": "0", "fact": "VariableFact: ['leftPrev', False]", "id": 25}, {"type": "0", "fact": "VariableFact: ['rightPrev', False]", "id": 25}, {"type": "0", "fact": "RelationshipFactX: [0, 1, 'East', 'West', -13.0]", "id": 25}, {"type": "0", "fact": "RelationshipFactY: [0, 1, 'North', 'South', 3.0]", "id": 25}, {"type": "0", "fact": "RelationshipFactX: [1, 0, 'West', 'East', 13.0]", "id": 25}, {"type": "0", "fact": "RelationshipFactY: [1, 0, 'South', 'North', -3.0]", "id": 25}, {"type": "1", "fact": "VelocityYFact: [0, 0.0]", "id": 26}, {"type": "2", "fact": "VelocityYFact: [0, -1.0]", "id": 26}, {"type": "0", "fact": "VelocityXFact: [0, 0]", "id": 26}, {"type": "0", "fact": "VelocityYFact: [0, 0.0]", "id": 26}, {"type": "0", "fact": "AnimationFact: [0, 'chick', 1.0, 1.0]", "id": 26}, {"type": "0", "fact": "PositionXFact: [0, 6.0]", "id": 26}, {"type": "0", "fact": "PositionYFact: [0, 7.0]", "id": 26}, {"type": "0", "fact": "VelocityXFact: [1, 0]", "id": 26}, {"type": "0", "fact": "VelocityYFact: [1, 0]", "id": 26}, {"type": "0", "fact": "AnimationFact: [1, 'longblock', 1.0, 4.0]", "id": 26}, {"type": "0", "fact": "PositionXFact: [1, 20.0]", "id": 26}, {"type": "0", "fact": "PositionYFact: [1, 0.0]", "id": 26}, {"type": "0", "fact": "VariableFact: ['space', False]", "id": 26}, {"type": "0", "fact": "VariableFact: ['up', False]", "id": 26}, {"type": "0", "fact": "VariableFact: ['down', False]", "id": 26}, {"type": "0", "fact": "VariableFact: ['left', False]", "id": 26}, {"type": "0", "fact": "VariableFact: ['right', False]", "id": 26}, {"type": "0", "fact": "VariableFact: ['spacePrev', False]", "id": 26}, {"type": "0", "fact": "VariableFact: ['upPrev', False]", "id": 26}, {"type": "0", "fact": "VariableFact: ['downPrev', False]", "id": 26}, {"type": "0", "fact": "VariableFact: ['leftPrev', False]", "id": 26}, {"type": "0", "fact": "VariableFact: ['rightPrev', False]", "id": 26}, {"type": "0", "fact": "RelationshipFactX: [0, 1, 'East', 'West', -13.0]", "id": 26}, {"type": "0", "fact": "RelationshipFactY: [0, 1, 'North', 'South', 3.0]", "id": 26}, {"type": "0", "fact": "RelationshipFactX: [1, 0, 'West', 'East', 13.0]", "id": 26}, {"type": "0", "fact": "RelationshipFactY: [1, 0, 'South', 'North', -3.0]", "id": 26}, {"type": "1", "fact": "VelocityXFact: [1, -1.0]", "id": 27}, {"type": "2", "fact": "VelocityXFact: [0, -2.0]", "id": 27}, {"type": "0", "fact": "VariableFact: ['space', False]", "id": 27}, {"type": "0", "fact": "VariableFact: ['up', False]", "id": 27}, {"type": "0", "fact": "VariableFact: ['down', False]", "id": 27}, {"type": "0", "fact": "VariableFact: ['left', False]", "id": 27}, {"type": "0", "fact": "VariableFact: ['right', False]", "id": 27}, {"type": "0", "fact": "VariableFact: ['spacePrev', False]", "id": 27}, {"type": "0", "fact": "VariableFact: ['upPrev', False]", "id": 27}, {"type": "0", "fact": "VariableFact: ['downPrev', False]", "id": 27}, {"type": "0", "fact": "VariableFact: ['leftPrev', False]", "id": 27}, {"type": "0", "fact": "VariableFact: ['rightPrev', False]", "id": 27}, {"type": "0", "fact": "VelocityYFact: [1, 0.0]", "id": 27}, {"type": "0", "fact": "VelocityXFact: [1, -1.0]", "id": 27}, {"type": "0", "fact": "AnimationFact: [1, 'longblock', 1.0, 4.0]", "id": 27}, {"type": "0", "fact": "PositionYFact: [1, 0.0]", "id": 27}, {"type": "0", "fact": "VelocityXFact: [0, 0.0]", "id": 27}, {"type": "0", "fact": "VelocityYFact: [0, -1.0]", "id": 27}, {"type": "0", "fact": "AnimationFact: [0, 'chick', 1.0, 1.0]", "id": 27}, {"type": "0", "fact": "PositionXFact: [0, 6.0]", "id": 27}, {"type": "1", "fact": "VelocityYFact: [0, -1.0]", "id": 28}, {"type": "2", "fact": "VelocityYFact: [0, 0.0]", "id": 28}, {"type": "0", "fact": "VelocityXFact: [0, 0]", "id": 28}, {"type": "0", "fact": "VelocityYFact: [0, -1.0]", "id": 28}, {"type": "0", "fact": "AnimationFact: [0, 'chick', 1.0, 1.0]", "id": 28}, {"type": "0", "fact": "PositionXFact: [0, 6.0]", "id": 28}, {"type": "0", "fact": "PositionYFact: [0, 7.0]", "id": 28}, {"type": "0", "fact": "VelocityXFact: [1, 0]", "id": 28}, {"type": "0", "fact": "VelocityYFact: [1, 0]", "id": 28}, {"type": "0", "fact": "AnimationFact: [1, 'longblock', 1.0, 4.0]", "id": 28}, {"type": "0", "fact": "PositionXFact: [1, 20.0]", "id": 28}, {"type": "0", "fact": "PositionYFact: [1, 0.0]", "id": 28}, {"type": "0", "fact": "VariableFact: ['space', False]", "id": 28}, {"type": "0", "fact": "VariableFact: ['up', False]", "id": 28}, {"type": "0", "fact": "VariableFact: ['down', False]", "id": 28}, {"type": "0", "fact": "VariableFact: ['left', False]", "id": 28}, {"type": "0", "fact": "VariableFact: ['right', False]", "id": 28}, {"type": "0", "fact": "VariableFact: ['spacePrev', False]", "id": 28}, {"type": "0", "fact": "VariableFact: ['upPrev', False]", "id": 28}, {"type": "0", "fact": "VariableFact: ['downPrev', False]", "id": 28}, {"type": "0", "fact": "VariableFact: ['leftPrev', False]", "id": 28}, {"type": "0", "fact": "VariableFact: ['rightPrev', False]", "id": 28}, {"type": "0", "fact": "RelationshipFactX: [0, 1, 'East', 'West', -13.0]", "id": 28}, {"type": "0", "fact": "RelationshipFactY: [0, 1, 'North', 'South', 3.0]", "id": 28}, {"type": "0", "fact": "RelationshipFactX: [1, 0, 'West', 'East', 13.0]", "id": 28}, {"type": "0", "fact": "RelationshipFactY: [1, 0, 'South', 'North', -3.0]", "id": 28}, {"type": "1", "fact": "VelocityYFact: [0, 0.0]", "id": 29}, {"type": "2", "fact": "VelocityYFact: [0, -1.0]", "id": 29}, {"type": "0", "fact": "VelocityXFact: [0, 0]", "id": 29}, {"type": "0", "fact": "VelocityYFact: [0, 0.0]", "id": 29}, {"type": "0", "fact": "AnimationFact: [0, 'chick', 1.0, 1.0]", "id": 29}, {"type": "0", "fact": "PositionXFact: [0, 6.0]", "id": 29}, {"type": "0", "fact": "PositionYFact: [0, 7.0]", "id": 29}, {"type": "0", "fact": "VelocityXFact: [1, 0]", "id": 29}, {"type": "0", "fact": "VelocityYFact: [1, 0]", "id": 29}, {"type": "0", "fact": "AnimationFact: [1, 'longblock', 1.0, 4.0]", "id": 29}, {"type": "0", "fact": "PositionXFact: [1, 20.0]", "id": 29}, {"type": "0", "fact": "PositionYFact: [1, 0.0]", "id": 29}, {"type": "0", "fact": "VariableFact: ['space', False]", "id": 29}, {"type": "0", "fact": "VariableFact: ['up', False]", "id": 29}, {"type": "0", "fact": "VariableFact: ['down', False]", "id": 29}, {"type": "0", "fact": "VariableFact: ['left', False]", "id": 29}, {"type": "0", "fact": "VariableFact: ['right', False]", "id": 29}, {"type": "0", "fact": "VariableFact: ['spacePrev', False]", "id": 29}, {"type": "0", "fact": "VariableFact: ['upPrev', False]", "id": 29}, {"type": "0", "fact": "VariableFact: ['downPrev', False]", "id": 29}, {"type": "0", "fact": "VariableFact: ['leftPrev', False]", "id": 29}, {"type": "0", "fact": "VariableFact: ['rightPrev', False]", "id": 29}, {"type": "0", "fact": "RelationshipFactX: [0, 1, 'East', 'West', -13.0]", "id": 29}, {"type": "0", "fact": "RelationshipFactY: [0, 1, 'North', 'South', 3.0]", "id": 29}, {"type": "0", "fact": "RelationshipFactX: [1, 0, 'West', 'East', 13.0]", "id": 29}, {"type": "0", "fact": "RelationshipFactY: [1, 0, 'South', 'North', -3.0]", "id": 29}, {"type": "1", "fact": "VelocityXFact: [1, -1.0]", "id": 30}, {"type": "2", "fact": "VelocityXFact: [0, -2.0]", "id": 30}, {"type": "0", "fact": "VariableFact: ['space', False]", "id": 30}, {"type": "0", "fact": "VariableFact: ['up', False]", "id": 30}, {"type": "0", "fact": "VariableFact: ['down', False]", "id": 30}, {"type": "0", "fact": "VariableFact: ['left', False]", "id": 30}, {"type": "0", "fact": "VariableFact: ['right', False]", "id": 30}, {"type": "0", "fact": "VariableFact: ['spacePrev', False]", "id": 30}, {"type": "0", "fact": "VariableFact: ['upPrev', False]", "id": 30}, {"type": "0", "fact": "VariableFact: ['downPrev', False]", "id": 30}, {"type": "0", "fact": "VariableFact: ['leftPrev', False]", "id": 30}, {"type": "0", "fact": "VariableFact: ['rightPrev', False]", "id": 30}, {"type": "0", "fact": "VelocityYFact: [1, 0.0]", "id": 30}, {"type": "0", "fact": "VelocityXFact: [1, -1.0]", "id": 30}, {"type": "0", "fact": "AnimationFact: [1, 'longblock', 1.0, 4.0]", "id": 30}, {"type": "0", "fact": "PositionYFact: [1, 0.0]", "id": 30}, {"type": "0", "fact": "VelocityXFact: [0, 0.0]", "id": 30}, {"type": "0", "fact": "VelocityYFact: [0, -1.0]", "id": 30}, {"type": "0", "fact": "AnimationFact: [0, 'chick', 1.0, 1.0]", "id": 30}, {"type": "0", "fact": "PositionXFact: [0, 6.0]", "id": 30}, {"type": "1", "fact": "VelocityXFact: [0, -1.0]", "id": 31}, {"type": "2", "fact": "VelocityXFact: [0, 20.0]", "id": 31}, {"type": "0", "fact": "VelocityYFact: [0, 0.0]", "id": 31}, {"type": "0", "fact": "VelocityXFact: [0, -1.0]", "id": 31}, {"type": "0", "fact": "AnimationFact: [0, 'longblock', 1.0, 4.0]", "id": 31}, {"type": "0", "fact": "PositionXFact: [0, 0.0]", "id": 31}, {"type": "0", "fact": "PositionYFact: [0, 0.0]", "id": 31}, {"type": "0", "fact": "VelocityXFact: [1, 0.0]", "id": 31}, {"type": "0", "fact": "VelocityYFact: [1, -1.0]", "id": 31}, {"type": "0", "fact": "AnimationFact: [1, 'chick', 1.0, 1.0]", "id": 31}, {"type": "0", "fact": "PositionXFact: [1, 6.0]", "id": 31}, {"type": "0", "fact": "PositionYFact: [1, 3.0]", "id": 31}, {"type": "0", "fact": "VariableFact: ['space', False]", "id": 31}, {"type": "0", "fact": "VariableFact: ['up', False]", "id": 31}, {"type": "0", "fact": "VariableFact: ['down', False]", "id": 31}, {"type": "0", "fact": "VariableFact: ['left', False]", "id": 31}, {"type": "0", "fact": "VariableFact: ['right', False]", "id": 31}, {"type": "0", "fact": "VariableFact: ['spacePrev', False]", "id": 31}, {"type": "0", "fact": "VariableFact: ['upPrev', False]", "id": 31}, {"type": "0", "fact": "VariableFact: ['downPrev', False]", "id": 31}, {"type": "0", "fact": "VariableFact: ['leftPrev', False]", "id": 31}, {"type": "0", "fact": "VariableFact: ['rightPrev', False]", "id": 31}, {"type": "0", "fact": "RelationshipFactX: [0, 1, 'East', 'West', -5.0]", "id": 31}, {"type": "0", "fact": "RelationshipFactY: [0, 1, 'South', 'South', 0.0]", "id": 31}, {"type": "0", "fact": "RelationshipFactX: [1, 0, 'West', 'East', 5.0]", "id": 31}, {"type": "0", "fact": "RelationshipFactY: [1, 0, 'South', 'South', 0.0]", "id": 31}, {"type": "1", "fact": "VelocityYFact: [0, -1.0]", "id": 32}, {"type": "2", "fact": "VelocityYFact: [0, 0.0]", "id": 32}, {"type": "0", "fact": "VelocityXFact: [0, 0]", "id": 32}, {"type": "0", "fact": "VelocityYFact: [0, -1.0]", "id": 32}, {"type": "0", "fact": "AnimationFact: [0, 'chick', 1.0, 1.0]", "id": 32}, {"type": "0", "fact": "PositionXFact: [0, 6.0]", "id": 32}, {"type": "0", "fact": "PositionYFact: [0, 7.0]", "id": 32}, {"type": "0", "fact": "VelocityXFact: [1, 0]", "id": 32}, {"type": "0", "fact": "VelocityYFact: [1, 0]", "id": 32}, {"type": "0", "fact": "AnimationFact: [1, 'longblock', 1.0, 4.0]", "id": 32}, {"type": "0", "fact": "PositionXFact: [1, 20.0]", "id": 32}, {"type": "0", "fact": "PositionYFact: [1, 0.0]", "id": 32}, {"type": "0", "fact": "VariableFact: ['space', False]", "id": 32}, {"type": "0", "fact": "VariableFact: ['up', False]", "id": 32}, {"type": "0", "fact": "VariableFact: ['down', False]", "id": 32}, {"type": "0", "fact": "VariableFact: ['left', False]", "id": 32}, {"type": "0", "fact": "VariableFact: ['right', False]", "id": 32}, {"type": "0", "fact": "VariableFact: ['spacePrev', False]", "id": 32}, {"type": "0", "fact": "VariableFact: ['upPrev', False]", "id": 32}, {"type": "0", "fact": "VariableFact: ['downPrev', False]", "id": 32}, {"type": "0", "fact": "VariableFact: ['leftPrev', False]", "id": 32}, {"type": "0", "fact": "VariableFact: ['rightPrev', False]", "id": 32}, {"type": "0", "fact": "RelationshipFactX: [0, 1, 'East', 'West', -13.0]", "id": 32}, {"type": "0", "fact": "RelationshipFactY: [0, 1, 'North', 'South', 3.0]", "id": 32}, {"type": "0", "fact": "RelationshipFactX: [1, 0, 'West', 'East', 13.0]", "id": 32}, {"type": "0", "fact": "RelationshipFactY: [1, 0, 'South', 'North', -3.0]", "id": 32}, {"type": "1", "fact": "VelocityYFact: [0, 0.0]", "id": 33}, {"type": "2", "fact": "VelocityYFact: [0, -1.0]", "id": 33}, {"type": "0", "fact": "VelocityXFact: [0, 0]", "id": 33}, {"type": "0", "fact": "VelocityYFact: [0, 0.0]", "id": 33}, {"type": "0", "fact": "AnimationFact: [0, 'chick', 1.0, 1.0]", "id": 33}, {"type": "0", "fact": "PositionXFact: [0, 6.0]", "id": 33}, {"type": "0", "fact": "PositionYFact: [0, 7.0]", "id": 33}, {"type": "0", "fact": "VelocityXFact: [1, 0]", "id": 33}, {"type": "0", "fact": "VelocityYFact: [1, 0]", "id": 33}, {"type": "0", "fact": "AnimationFact: [1, 'longblock', 1.0, 4.0]", "id": 33}, {"type": "0", "fact": "PositionXFact: [1, 20.0]", "id": 33}, {"type": "0", "fact": "PositionYFact: [1, 0.0]", "id": 33}, {"type": "0", "fact": "VariableFact: ['space', False]", "id": 33}, {"type": "0", "fact": "VariableFact: ['up', False]", "id": 33}, {"type": "0", "fact": "VariableFact: ['down', False]", "id": 33}, {"type": "0", "fact": "VariableFact: ['left', False]", "id": 33}, {"type": "0", "fact": "VariableFact: ['right', False]", "id": 33}, {"type": "0", "fact": "VariableFact: ['spacePrev', False]", "id": 33}, {"type": "0", "fact": "VariableFact: ['upPrev', False]", "id": 33}, {"type": "0", "fact": "VariableFact: ['downPrev', False]", "id": 33}, {"type": "0", "fact": "VariableFact: ['leftPrev', False]", "id": 33}, {"type": "0", "fact": "VariableFact: ['rightPrev', False]", "id": 33}, {"type": "0", "fact": "RelationshipFactX: [0, 1, 'East', 'West', -13.0]", "id": 33}, {"type": "0", "fact": "RelationshipFactY: [0, 1, 'North', 'South', 3.0]", "id": 33}, {"type": "0", "fact": "RelationshipFactX: [1, 0, 'West', 'East', 13.0]", "id": 33}, {"type": "0", "fact": "RelationshipFactY: [1, 0, 'South', 'North', -3.0]", "id": 33}, {"type": "1", "fact": "VelocityXFact: [1, -1.0]", "id": 34}, {"type": "2", "fact": "VelocityXFact: [0, -2.0]", "id": 34}, {"type": "0", "fact": "VariableFact: ['space', False]", "id": 34}, {"type": "0", "fact": "VariableFact: ['up', False]", "id": 34}, {"type": "0", "fact": "VariableFact: ['down', False]", "id": 34}, {"type": "0", "fact": "VariableFact: ['left', False]", "id": 34}, {"type": "0", "fact": "VariableFact: ['right', False]", "id": 34}, {"type": "0", "fact": "VariableFact: ['spacePrev', False]", "id": 34}, {"type": "0", "fact": "VariableFact: ['upPrev', False]", "id": 34}, {"type": "0", "fact": "VariableFact: ['downPrev', False]", "id": 34}, {"type": "0", "fact": "VariableFact: ['leftPrev', False]", "id": 34}, {"type": "0", "fact": "VariableFact: ['rightPrev', False]", "id": 34}, {"type": "0", "fact": "VelocityYFact: [1, 0.0]", "id": 34}, {"type": "0", "fact": "VelocityXFact: [1, -1.0]", "id": 34}, {"type": "0", "fact": "AnimationFact: [1, 'longblock', 1.0, 4.0]", "id": 34}, {"type": "0", "fact": "PositionYFact: [1, 0.0]", "id": 34}, {"type": "0", "fact": "VelocityXFact: [0, 0.0]", "id": 34}, {"type": "0", "fact": "VelocityYFact: [0, -1.0]", "id": 34}, {"type": "0", "fact": "AnimationFact: [0, 'chick', 1.0, 1.0]", "id": 34}, {"type": "0", "fact": "PositionXFact: [0, 6.0]", "id": 34}, {"type": "1", "fact": "VelocityYFact: [0, -1.0]", "id": 35}, {"type": "2", "fact": "VelocityYFact: [0, 0.0]", "id": 35}, {"type": "0", "fact": "VelocityXFact: [0, 0]", "id": 35}, {"type": "0", "fact": "VelocityYFact: [0, -1.0]", "id": 35}, {"type": "0", "fact": "AnimationFact: [0, 'chick', 1.0, 1.0]", "id": 35}, {"type": "0", "fact": "PositionXFact: [0, 6.0]", "id": 35}, {"type": "0", "fact": "PositionYFact: [0, 7.0]", "id": 35}, {"type": "0", "fact": "VelocityXFact: [1, 0]", "id": 35}, {"type": "0", "fact": "VelocityYFact: [1, 0]", "id": 35}, {"type": "0", "fact": "AnimationFact: [1, 'longblock', 1.0, 4.0]", "id": 35}, {"type": "0", "fact": "PositionXFact: [1, 20.0]", "id": 35}, {"type": "0", "fact": "PositionYFact: [1, 0.0]", "id": 35}, {"type": "0", "fact": "VariableFact: ['space', False]", "id": 35}, {"type": "0", "fact": "VariableFact: ['up', False]", "id": 35}, {"type": "0", "fact": "VariableFact: ['down', False]", "id": 35}, {"type": "0", "fact": "VariableFact: ['left', False]", "id": 35}, {"type": "0", "fact": "VariableFact: ['right', False]", "id": 35}, {"type": "0", "fact": "VariableFact: ['spacePrev', False]", "id": 35}, {"type": "0", "fact": "VariableFact: ['upPrev', False]", "id": 35}, {"type": "0", "fact": "VariableFact: ['downPrev', False]", "id": 35}, {"type": "0", "fact": "VariableFact: ['leftPrev', False]", "id": 35}, {"type": "0", "fact": "VariableFact: ['rightPrev', False]", "id": 35}, {"type": "0", "fact": "RelationshipFactX: [0, 1, 'East', 'West', -13.0]", "id": 35}, {"type": "0", "fact": "RelationshipFactY: [0, 1, 'North', 'South', 3.0]", "id": 35}, {"type": "0", "fact": "RelationshipFactX: [1, 0, 'West', 'East', 13.0]", "id": 35}, {"type": "0", "fact": "RelationshipFactY: [1, 0, 'South', 'North', -3.0]", "id": 35}, {"type": "1", "fact": "VelocityYFact: [0, 0.0]", "id": 36}, {"type": "2", "fact": "VelocityYFact: [0, -1.0]", "id": 36}, {"type": "0", "fact": "VelocityXFact: [0, 0]", "id": 36}, {"type": "0", "fact": "VelocityYFact: [0, 0.0]", "id": 36}, {"type": "0", "fact": "AnimationFact: [0, 'chick', 1.0, 1.0]", "id": 36}, {"type": "0", "fact": "PositionXFact: [0, 6.0]", "id": 36}, {"type": "0", "fact": "PositionYFact: [0, 7.0]", "id": 36}, {"type": "0", "fact": "VelocityXFact: [1, 0]", "id": 36}, {"type": "0", "fact": "VelocityYFact: [1, 0]", "id": 36}, {"type": "0", "fact": "AnimationFact: [1, 'longblock', 1.0, 4.0]", "id": 36}, {"type": "0", "fact": "PositionXFact: [1, 20.0]", "id": 36}, {"type": "0", "fact": "PositionYFact: [1, 0.0]", "id": 36}, {"type": "0", "fact": "VariableFact: ['space', False]", "id": 36}, {"type": "0", "fact": "VariableFact: ['up', False]", "id": 36}, {"type": "0", "fact": "VariableFact: ['down', False]", "id": 36}, {"type": "0", "fact": "VariableFact: ['left', False]", "id": 36}, {"type": "0", "fact": "VariableFact: ['right', False]", "id": 36}, {"type": "0", "fact": "VariableFact: ['spacePrev', False]", "id": 36}, {"type": "0", "fact": "VariableFact: ['upPrev', False]", "id": 36}, {"type": "0", "fact": "VariableFact: ['downPrev', False]", "id": 36}, {"type": "0", "fact": "VariableFact: ['leftPrev', False]", "id": 36}, {"type": "0", "fact": "VariableFact: ['rightPrev', False]", "id": 36}, {"type": "0", "fact": "RelationshipFactX: [0, 1, 'East', 'West', -13.0]", "id": 36}, {"type": "0", "fact": "RelationshipFactY: [0, 1, 'North', 'South', 3.0]", "id": 36}, {"type": "0", "fact": "RelationshipFactX: [1, 0, 'West', 'East', 13.0]", "id": 36}, {"type": "0", "fact": "RelationshipFactY: [1, 0, 'South', 'North', -3.0]", "id": 36}, {"type": "1", "fact": "VelocityXFact: [1, -1.0]", "id": 37}, {"type": "2", "fact": "VelocityXFact: [0, -2.0]", "id": 37}, {"type": "0", "fact": "VariableFact: ['space', False]", "id": 37}, {"type": "0", "fact": "VariableFact: ['up', False]", "id": 37}, {"type": "0", "fact": "VariableFact: ['down', False]", "id": 37}, {"type": "0", "fact": "VariableFact: ['left', False]", "id": 37}, {"type": "0", "fact": "VariableFact: ['right', False]", "id": 37}, {"type": "0", "fact": "VariableFact: ['spacePrev', False]", "id": 37}, {"type": "0", "fact": "VariableFact: ['upPrev', False]", "id": 37}, {"type": "0", "fact": "VariableFact: ['downPrev', False]", "id": 37}, {"type": "0", "fact": "VariableFact: ['leftPrev', False]", "id": 37}, {"type": "0", "fact": "VariableFact: ['rightPrev', False]", "id": 37}, {"type": "0", "fact": "VelocityYFact: [1, 0.0]", "id": 37}, {"type": "0", "fact": "VelocityXFact: [1, -1.0]", "id": 37}, {"type": "0", "fact": "AnimationFact: [1, 'longblock', 1.0, 4.0]", "id": 37}, {"type": "0", "fact": "PositionYFact: [1, 0.0]", "id": 37}, {"type": "0", "fact": "VelocityXFact: [0, 0.0]", "id": 37}, {"type": "0", "fact": "VelocityYFact: [0, -1.0]", "id": 37}, {"type": "0", "fact": "AnimationFact: [0, 'chick', 1.0, 1.0]", "id": 37}, {"type": "0", "fact": "PositionXFact: [0, 6.0]", "id": 37}, {"type": "1", "fact": "VelocityXFact: [0, -1.0]", "id": 38}, {"type": "2", "fact": "VelocityXFact: [0, 20.0]", "id": 38}, {"type": "0", "fact": "VelocityYFact: [0, 0.0]", "id": 38}, {"type": "0", "fact": "VelocityXFact: [0, -1.0]", "id": 38}, {"type": "0", "fact": "AnimationFact: [0, 'longblock', 1.0, 4.0]", "id": 38}, {"type": "0", "fact": "PositionXFact: [0, 0.0]", "id": 38}, {"type": "0", "fact": "PositionYFact: [0, 0.0]", "id": 38}, {"type": "0", "fact": "VelocityXFact: [1, 0.0]", "id": 38}, {"type": "0", "fact": "VelocityYFact: [1, -1.0]", "id": 38}, {"type": "0", "fact": "AnimationFact: [1, 'chick', 1.0, 1.0]", "id": 38}, {"type": "0", "fact": "PositionXFact: [1, 6.0]", "id": 38}, {"type": "0", "fact": "PositionYFact: [1, 3.0]", "id": 38}, {"type": "0", "fact": "VariableFact: ['space', False]", "id": 38}, {"type": "0", "fact": "VariableFact: ['up', False]", "id": 38}, {"type": "0", "fact": "VariableFact: ['down', False]", "id": 38}, {"type": "0", "fact": "VariableFact: ['left', False]", "id": 38}, {"type": "0", "fact": "VariableFact: ['right', False]", "id": 38}, {"type": "0", "fact": "VariableFact: ['spacePrev', False]", "id": 38}, {"type": "0", "fact": "VariableFact: ['upPrev', False]", "id": 38}, {"type": "0", "fact": "VariableFact: ['downPrev', False]", "id": 38}, {"type": "0", "fact": "VariableFact: ['leftPrev', False]", "id": 38}, {"type": "0", "fact": "VariableFact: ['rightPrev', False]", "id": 38}, {"type": "0", "fact": "RelationshipFactX: [0, 1, 'East', 'West', -5.0]", "id": 38}, {"type": "0", "fact": "RelationshipFactY: [0, 1, 'South', 'South', 0.0]", "id": 38}, {"type": "0", "fact": "RelationshipFactX: [1, 0, 'West', 'East', 5.0]", "id": 38}, {"type": "0", "fact": "RelationshipFactY: [1, 0, 'South', 'South', 0.0]", "id": 38}, {"type": "1", "fact": "VelocityYFact: [0, -1.0]", "id": 39}, {"type": "2", "fact": "VelocityYFact: [0, 0.0]", "id": 39}, {"type": "0", "fact": "VelocityXFact: [0, 0]", "id": 39}, {"type": "0", "fact": "VelocityYFact: [0, -1.0]", "id": 39}, {"type": "0", "fact": "AnimationFact: [0, 'chick', 1.0, 1.0]", "id": 39}, {"type": "0", "fact": "PositionXFact: [0, 6.0]", "id": 39}, {"type": "0", "fact": "PositionYFact: [0, 7.0]", "id": 39}, {"type": "0", "fact": "VelocityXFact: [1, 0]", "id": 39}, {"type": "0", "fact": "VelocityYFact: [1, 0]", "id": 39}, {"type": "0", "fact": "AnimationFact: [1, 'longblock', 1.0, 4.0]", "id": 39}, {"type": "0", "fact": "PositionXFact: [1, 20.0]", "id": 39}, {"type": "0", "fact": "PositionYFact: [1, 0.0]", "id": 39}, {"type": "0", "fact": "VariableFact: ['space', False]", "id": 39}, {"type": "0", "fact": "VariableFact: ['up', False]", "id": 39}, {"type": "0", "fact": "VariableFact: ['down', False]", "id": 39}, {"type": "0", "fact": "VariableFact: ['left', False]", "id": 39}, {"type": "0", "fact": "VariableFact: ['right', False]", "id": 39}, {"type": "0", "fact": "VariableFact: ['spacePrev', False]", "id": 39}, {"type": "0", "fact": "VariableFact: ['upPrev', False]", "id": 39}, {"type": "0", "fact": "VariableFact: ['downPrev', False]", "id": 39}, {"type": "0", "fact": "VariableFact: ['leftPrev', False]", "id": 39}, {"type": "0", "fact": "VariableFact: ['rightPrev', False]", "id": 39}, {"type": "0", "fact": "RelationshipFactX: [0, 1, 'East', 'West', -13.0]", "id": 39}, {"type": "0", "fact": "RelationshipFactY: [0, 1, 'North', 'South', 3.0]", "id": 39}, {"type": "0", "fact": "RelationshipFactX: [1, 0, 'West', 'East', 13.0]", "id": 39}, {"type": "0", "fact": "RelationshipFactY: [1, 0, 'South', 'North', -3.0]", "id": 39}, {"type": "1", "fact": "VelocityYFact: [0, 0.0]", "id": 40}, {"type": "2", "fact": "VelocityYFact: [0, -1.0]", "id": 40}, {"type": "0", "fact": "VelocityXFact: [0, 0]", "id": 40}, {"type": "0", "fact": "VelocityYFact: [0, 0.0]", "id": 40}, {"type": "0", "fact": "AnimationFact: [0, 'chick', 1.0, 1.0]", "id": 40}, {"type": "0", "fact": "PositionXFact: [0, 6.0]", "id": 40}, {"type": "0", "fact": "PositionYFact: [0, 7.0]", "id": 40}, {"type": "0", "fact": "VelocityXFact: [1, 0]", "id": 40}, {"type": "0", "fact": "VelocityYFact: [1, 0]", "id": 40}, {"type": "0", "fact": "AnimationFact: [1, 'longblock', 1.0, 4.0]", "id": 40}, {"type": "0", "fact": "PositionXFact: [1, 20.0]", "id": 40}, {"type": "0", "fact": "PositionYFact: [1, 0.0]", "id": 40}, {"type": "0", "fact": "VariableFact: ['space', False]", "id": 40}, {"type": "0", "fact": "VariableFact: ['up', False]", "id": 40}, {"type": "0", "fact": "VariableFact: ['down', False]", "id": 40}, {"type": "0", "fact": "VariableFact: ['left', False]", "id": 40}, {"type": "0", "fact": "VariableFact: ['right', False]", "id": 40}, {"type": "0", "fact": "VariableFact: ['spacePrev', False]", "id": 40}, {"type": "0", "fact": "VariableFact: ['upPrev', False]", "id": 40}, {"type": "0", "fact": "VariableFact: ['downPrev', False]", "id": 40}, {"type": "0", "fact": "VariableFact: ['leftPrev', False]", "id": 40}, {"type": "0", "fact": "VariableFact: ['rightPrev', False]", "id": 40}, {"type": "0", "fact": "RelationshipFactX: [0, 1, 'East', 'West', -13.0]", "id": 40}, {"type": "0", "fact": "RelationshipFactY: [0, 1, 'North', 'South', 3.0]", "id": 40}, {"type": "0", "fact": "RelationshipFactX: [1, 0, 'West', 'East', 13.0]", "id": 40}, {"type": "0", "fact": "RelationshipFactY: [1, 0, 'South', 'North', -3.0]", "id": 40}, {"type": "1", "fact": "VelocityXFact: [1, -1.0]", "id": 41}, {"type": "2", "fact": "VelocityXFact: [0, -2.0]", "id": 41}, {"type": "0", "fact": "VariableFact: ['space', False]", "id": 41}, {"type": "0", "fact": "VariableFact: ['up', False]", "id": 41}, {"type": "0", "fact": "VariableFact: ['down', False]", "id": 41}, {"type": "0", "fact": "VariableFact: ['left', False]", "id": 41}, {"type": "0", "fact": "VariableFact: ['right', False]", "id": 41}, {"type": "0", "fact": "VariableFact: ['spacePrev', False]", "id": 41}, {"type": "0", "fact": "VariableFact: ['upPrev', False]", "id": 41}, {"type": "0", "fact": "VariableFact: ['downPrev', False]", "id": 41}, {"type": "0", "fact": "VariableFact: ['leftPrev', False]", "id": 41}, {"type": "0", "fact": "VariableFact: ['rightPrev', False]", "id": 41}, {"type": "0", "fact": "VelocityYFact: [1, 0.0]", "id": 41}, {"type": "0", "fact": "VelocityXFact: [1, -1.0]", "id": 41}, {"type": "0", "fact": "AnimationFact: [1, 'longblock', 1.0, 4.0]", "id": 41}, {"type": "0", "fact": "PositionYFact: [1, 0.0]", "id": 41}, {"type": "0", "fact": "VelocityXFact: [0, 0.0]", "id": 41}, {"type": "0", "fact": "VelocityYFact: [0, -1.0]", "id": 41}, {"type": "0", "fact": "AnimationFact: [0, 'chick', 1.0, 1.0]", "id": 41}, {"type": "0", "fact": "PositionXFact: [0, 6.0]", "id": 41}, {"type": "1", "fact": "VelocityXFact: [0, -2.0]", "id": 42}, {"type": "2", "fact": "VelocityXFact: [0, -1.0]", "id": 42}, {"type": "0", "fact": "VariableFact: ['space', False]", "id": 42}, {"type": "0", "fact": "VariableFact: ['up', False]", "id": 42}, {"type": "0", "fact": "VariableFact: ['down', False]", "id": 42}, {"type": "0", "fact": "VariableFact: ['left', False]", "id": 42}, {"type": "0", "fact": "VariableFact: ['right', False]", "id": 42}, {"type": "0", "fact": "VariableFact: ['spacePrev', False]", "id": 42}, {"type": "0", "fact": "VariableFact: ['upPrev', False]", "id": 42}, {"type": "0", "fact": "VariableFact: ['downPrev', False]", "id": 42}, {"type": "0", "fact": "VariableFact: ['leftPrev', False]", "id": 42}, {"type": "0", "fact": "VariableFact: ['rightPrev', False]", "id": 42}, {"type": "0", "fact": "VelocityYFact: [0, 0.0]", "id": 42}, {"type": "0", "fact": "VelocityXFact: [0, -2.0]", "id": 42}, {"type": "0", "fact": "AnimationFact: [0, 'longblock', 1.0, 4.0]", "id": 42}, {"type": "0", "fact": "PositionYFact: [0, 0.0]", "id": 42}, {"type": "0", "fact": "VelocityXFact: [1, 0.0]", "id": 42}, {"type": "0", "fact": "AnimationFact: [1, 'chick', 1.0, 1.0]", "id": 42}, {"type": "0", "fact": "PositionXFact: [1, 6.0]", "id": 42}, {"type": "1", "fact": "VelocityYFact: [0, -1.0]", "id": 43}, {"type": "2", "fact": "VelocityYFact: [0, 0.0]", "id": 43}, {"type": "0", "fact": "VelocityXFact: [0, 0]", "id": 43}, {"type": "0", "fact": "VelocityYFact: [0, -1.0]", "id": 43}, {"type": "0", "fact": "AnimationFact: [0, 'chick', 1.0, 1.0]", "id": 43}, {"type": "0", "fact": "PositionXFact: [0, 6.0]", "id": 43}, {"type": "0", "fact": "PositionYFact: [0, 7.0]", "id": 43}, {"type": "0", "fact": "VelocityXFact: [1, 0]", "id": 43}, {"type": "0", "fact": "VelocityYFact: [1, 0]", "id": 43}, {"type": "0", "fact": "AnimationFact: [1, 'longblock', 1.0, 4.0]", "id": 43}, {"type": "0", "fact": "PositionXFact: [1, 20.0]", "id": 43}, {"type": "0", "fact": "PositionYFact: [1, 0.0]", "id": 43}, {"type": "0", "fact": "VariableFact: ['space', False]", "id": 43}, {"type": "0", "fact": "VariableFact: ['up', False]", "id": 43}, {"type": "0", "fact": "VariableFact: ['down', False]", "id": 43}, {"type": "0", "fact": "VariableFact: ['left', False]", "id": 43}, {"type": "0", "fact": "VariableFact: ['right', False]", "id": 43}, {"type": "0", "fact": "VariableFact: ['spacePrev', False]", "id": 43}, {"type": "0", "fact": "VariableFact: ['upPrev', False]", "id": 43}, {"type": "0", "fact": "VariableFact: ['downPrev', False]", "id": 43}, {"type": "0", "fact": "VariableFact: ['leftPrev', False]", "id": 43}, {"type": "0", "fact": "VariableFact: ['rightPrev', False]", "id": 43}, {"type": "0", "fact": "RelationshipFactX: [0, 1, 'East', 'West', -13.0]", "id": 43}, {"type": "0", "fact": "RelationshipFactY: [0, 1, 'North', 'South', 3.0]", "id": 43}, {"type": "0", "fact": "RelationshipFactX: [1, 0, 'West', 'East', 13.0]", "id": 43}, {"type": "0", "fact": "RelationshipFactY: [1, 0, 'South', 'North', -3.0]", "id": 43}, {"type": "1", "fact": "VelocityYFact: [0, 0.0]", "id": 44}, {"type": "2", "fact": "VelocityYFact: [0, -1.0]", "id": 44}, {"type": "0", "fact": "VelocityXFact: [0, 0]", "id": 44}, {"type": "0", "fact": "VelocityYFact: [0, 0.0]", "id": 44}, {"type": "0", "fact": "AnimationFact: [0, 'chick', 1.0, 1.0]", "id": 44}, {"type": "0", "fact": "PositionXFact: [0, 6.0]", "id": 44}, {"type": "0", "fact": "PositionYFact: [0, 7.0]", "id": 44}, {"type": "0", "fact": "VelocityXFact: [1, 0]", "id": 44}, {"type": "0", "fact": "VelocityYFact: [1, 0]", "id": 44}, {"type": "0", "fact": "AnimationFact: [1, 'longblock', 1.0, 4.0]", "id": 44}, {"type": "0", "fact": "PositionXFact: [1, 20.0]", "id": 44}, {"type": "0", "fact": "PositionYFact: [1, 0.0]", "id": 44}, {"type": "0", "fact": "VariableFact: ['space', False]", "id": 44}, {"type": "0", "fact": "VariableFact: ['up', False]", "id": 44}, {"type": "0", "fact": "VariableFact: ['down', False]", "id": 44}, {"type": "0", "fact": "VariableFact: ['left', False]", "id": 44}, {"type": "0", "fact": "VariableFact: ['right', False]", "id": 44}, {"type": "0", "fact": "VariableFact: ['spacePrev', False]", "id": 44}, {"type": "0", "fact": "VariableFact: ['upPrev', False]", "id": 44}, {"type": "0", "fact": "VariableFact: ['downPrev', False]", "id": 44}, {"type": "0", "fact": "VariableFact: ['leftPrev', False]", "id": 44}, {"type": "0", "fact": "VariableFact: ['rightPrev', False]", "id": 44}, {"type": "0", "fact": "RelationshipFactX: [0, 1, 'East', 'West', -13.0]", "id": 44}, {"type": "0", "fact": "RelationshipFactY: [0, 1, 'North', 'South', 3.0]", "id": 44}, {"type": "0", "fact": "RelationshipFactX: [1, 0, 'West', 'East', 13.0]", "id": 44}, {"type": "0", "fact": "RelationshipFactY: [1, 0, 'South', 'North', -3.0]", "id": 44}, {"type": "1", "fact": "VelocityXFact: [1, -1.0]", "id": 45}, {"type": "2", "fact": "VelocityXFact: [0, -2.0]", "id": 45}, {"type": "0", "fact": "VariableFact: ['space', False]", "id": 45}, {"type": "0", "fact": "VariableFact: ['up', False]", "id": 45}, {"type": "0", "fact": "VariableFact: ['down', False]", "id": 45}, {"type": "0", "fact": "VariableFact: ['left', False]", "id": 45}, {"type": "0", "fact": "VariableFact: ['right', False]", "id": 45}, {"type": "0", "fact": "VariableFact: ['spacePrev', False]", "id": 45}, {"type": "0", "fact": "VariableFact: ['upPrev', False]", "id": 45}, {"type": "0", "fact": "VariableFact: ['downPrev', False]", "id": 45}, {"type": "0", "fact": "VariableFact: ['leftPrev', False]", "id": 45}, {"type": "0", "fact": "VariableFact: ['rightPrev', False]", "id": 45}, {"type": "0", "fact": "VelocityYFact: [1, 0.0]", "id": 45}, {"type": "0", "fact": "VelocityXFact: [1, -1.0]", "id": 45}, {"type": "0", "fact": "AnimationFact: [1, 'longblock', 1.0, 4.0]", "id": 45}, {"type": "0", "fact": "PositionYFact: [1, 0.0]", "id": 45}, {"type": "0", "fact": "VelocityXFact: [0, 0.0]", "id": 45}, {"type": "0", "fact": "VelocityYFact: [0, -1.0]", "id": 45}, {"type": "0", "fact": "AnimationFact: [0, 'chick', 1.0, 1.0]", "id": 45}, {"type": "0", "fact": "PositionXFact: [0, 6.0]", "id": 45}, {"type": "1", "fact": "VelocityXFact: [0, -2.0]", "id": 46}, {"type": "2", "fact": "VelocityXFact: [0, -1.0]", "id": 46}, {"type": "0", "fact": "VariableFact: ['space', False]", "id": 46}, {"type": "0", "fact": "VariableFact: ['up', False]", "id": 46}, {"type": "0", "fact": "VariableFact: ['down', False]", "id": 46}, {"type": "0", "fact": "VariableFact: ['left', False]", "id": 46}, {"type": "0", "fact": "VariableFact: ['right', False]", "id": 46}, {"type": "0", "fact": "VariableFact: ['spacePrev', False]", "id": 46}, {"type": "0", "fact": "VariableFact: ['upPrev', False]", "id": 46}, {"type": "0", "fact": "VariableFact: ['downPrev', False]", "id": 46}, {"type": "0", "fact": "VariableFact: ['leftPrev', False]", "id": 46}, {"type": "0", "fact": "VariableFact: ['rightPrev', False]", "id": 46}, {"type": "0", "fact": "VelocityXFact: [1, 0.0]", "id": 46}, {"type": "0", "fact": "VelocityYFact: [1, -1.0]", "id": 46}, {"type": "0", "fact": "AnimationFact: [1, 'chick', 1.0, 1.0]", "id": 46}, {"type": "0", "fact": "PositionXFact: [1, 6.0]", "id": 46}, {"type": "0", "fact": "VelocityYFact: [0, 0.0]", "id": 46}, {"type": "0", "fact": "VelocityXFact: [0, -2.0]", "id": 46}, {"type": "0", "fact": "AnimationFact: [0, 'longblock', 1.0, 4.0]", "id": 46}, {"type": "0", "fact": "PositionYFact: [0, 0.0]", "id": 46}, {"type": "1", "fact": "VelocityYFact: [1, 1.0]", "id": 47}, {"type": "2", "fact": "VelocityYFact: [1, -1.0]", "id": 47}, {"type": "0", "fact": "VariableFact: ['space', False]", "id": 47}, {"type": "0", "fact": "VariableFact: ['up', False]", "id": 47}, {"type": "0", "fact": "VariableFact: ['down', False]", "id": 47}, {"type": "0", "fact": "VariableFact: ['left', False]", "id": 47}, {"type": "0", "fact": "VariableFact: ['right', False]", "id": 47}, {"type": "0", "fact": "VariableFact: ['spacePrev', False]", "id": 47}, {"type": "0", "fact": "VariableFact: ['upPrev', False]", "id": 47}, {"type": "0", "fact": "VariableFact: ['downPrev', False]", "id": 47}, {"type": "0", "fact": "VariableFact: ['leftPrev', False]", "id": 47}, {"type": "0", "fact": "VariableFact: ['rightPrev', False]", "id": 47}, {"type": "0", "fact": "VelocityXFact: [1, 0.0]", "id": 47}, {"type": "0", "fact": "VelocityYFact: [1, 1.0]", "id": 47}, {"type": "0", "fact": "AnimationFact: [1, 'chick', 1.0, 1.0]", "id": 47}, {"type": "0", "fact": "PositionXFact: [1, 6.0]", "id": 47}, {"type": "0", "fact": "VelocityYFact: [0, 0.0]", "id": 47}, {"type": "0", "fact": "VelocityXFact: [0, -1.0]", "id": 47}, {"type": "0", "fact": "AnimationFact: [0, 'longblock', 1.0, 4.0]", "id": 47}, {"type": "0", "fact": "PositionYFact: [0, 0.0]", "id": 47}]