[{"type": "1", "fact": "AnimationFact: [4, 'explosion2', 1.0, 1.0]", "id": 0}, {"type": "2", "fact": "AnimationFact: [0, 'explosion', 2.0, 2.0]", "id": 0}, {"type": "0", "fact": "VelocityYFact: [0, 0]", "id": 0}, {"type": "0", "fact": "VelocityXFact: [0, 1.0]", "id": 0}, {"type": "0", "fact": "AnimationFact: [0, 'Zombie', 2.0, 2.0]", "id": 0}, {"type": "0", "fact": "PositionXFact: [0, 13.0]", "id": 0}, {"type": "0", "fact": "PositionYFact: [0, 3.0]", "id": 0}, {"type": "0", "fact": "VelocityXFact: [1, 0.0]", "id": 0}, {"type": "0", "fact": "VelocityYFact: [1, 0.0]", "id": 0}, {"type": "0", "fact": "AnimationFact: [1, 'Gun', 2.0, 1.0]", "id": 0}, {"type": "0", "fact": "PositionXFact: [1, 4.0]", "id": 0}, {"type": "0", "fact": "PositionYFact: [1, 3.0]", "id": 0}, {"type": "0", "fact": "VelocityXFact: [2, 0]", "id": 0}, {"type": "0", "fact": "VelocityYFact: [2, 0]", "id": 0}, {"type": "0", "fact": "AnimationFact: [2, 'white girl', 2.0, 2.0]", "id": 0}, {"type": "0", "fact": "PositionXFact: [2, 2.0]", "id": 0}, {"type": "0", "fact": "PositionYFact: [2, 3.0]", "id": 0}, {"type": "0", "fact": "VelocityXFact: [3, 0]", "id": 0}, {"type": "0", "fact": "VelocityYFact: [3, 0]", "id": 0}, {"type": "0", "fact": "AnimationFact: [3, 'Black Guy', 2.0, 2.0]", "id": 0}, {"type": "0", "fact": "PositionXFact: [3, 17.0]", "id": 0}, {"type": "0", "fact": "PositionYFact: [3, 3.0]", "id": 0}, {"type": "0", "fact": "VelocityXFact: [4, 0]", "id": 0}, {"type": "0", "fact": "VelocityYFact: [4, 0]", "id": 0}, {"type": "0", "fact": "AnimationFact: [4, 'explosion2', 1.0, 1.0]", "id": 0}, {"type": "0", "fact": "PositionXFact: [4, 6.0]", "id": 0}, {"type": "0", "fact": "PositionYFact: [4, 3.0]", "id": 0}, {"type": "0", "fact": "VariableFact: ['space', True]", "id": 0}, {"type": "0", "fact": "VariableFact: ['up', False]", "id": 0}, {"type": "0", "fact": "VariableFact: ['down', False]", "id": 0}, {"type": "0", "fact": "VariableFact: ['left', False]", "id": 0}, {"type": "0", "fact": "VariableFact: ['right', False]", "id": 0}, {"type": "0", "fact": "VariableFact: ['spacePrev', True]", "id": 0}, {"type": "0", "fact": "VariableFact: ['upPrev', False]", "id": 0}, {"type": "0", "fact": "VariableFact: ['downPrev', False]", "id": 0}, {"type": "0", "fact": "VariableFact: ['leftPrev', False]", "id": 0}, {"type": "0", "fact": "VariableFact: ['rightPrev', False]", "id": 0}, {"type": "0", "fact": "RelationshipFactX: [0, 1, 'West', 'East', 7.0]", "id": 0}, {"type": "0", "fact": "RelationshipFactY: [0, 1, 'North', 'North', 0.0]", "id": 0}, {"type": "0", "fact": "RelationshipFactX: [0, 2, 'West', 'East', 9.0]", "id": 0}, {"type": "0", "fact": "RelationshipFactY: [0, 2, 'North', 'North', 0.0]", "id": 0}, {"type": "0", "fact": "RelationshipFactX: [0, 3, 'East', 'West', -2.0]", "id": 0}, {"type": "0", "fact": "RelationshipFactY: [0, 3, 'North', 'North', 0.0]", "id": 0}, {"type": "0", "fact": "RelationshipFactX: [0, 4, 'West', 'East', 6.0]", "id": 0}, {"type": "0", "fact": "RelationshipFactY: [0, 4, 'North', 'North', 0.0]", "id": 0}, {"type": "0", "fact": "RelationshipFactX: [1, 0, 'East', 'West', -7.0]", "id": 0}, {"type": "0", "fact": "RelationshipFactY: [1, 0, 'North', 'North', 0.0]", "id": 0}, {"type": "0", "fact": "RelationshipFactX: [1, 2, 'West', 'East', 0.0]", "id": 0}, {"type": "0", "fact": "RelationshipFactY: [1, 2, 'North', 'North', 0.0]", "id": 0}, {"type": "0", "fact": "RelationshipFactX: [1, 3, 'East', 'West', -11.0]", "id": 0}, {"type": "0", "fact": "RelationshipFactY: [1, 3, 'North', 'North', 0.0]", "id": 0}, {"type": "0", "fact": "RelationshipFactX: [1, 4, 'East', 'West', 0.0]", "id": 0}, {"type": "0", "fact": "RelationshipFactY: [1, 4, 'North', 'North', 0.0]", "id": 0}, {"type": "0", "fact": "RelationshipFactX: [2, 0, 'East', 'West', -9.0]", "id": 0}, {"type": "0", "fact": "RelationshipFactY: [2, 0, 'North', 'North', 0.0]", "id": 0}, {"type": "0", "fact": "RelationshipFactX: [2, 1, 'East', 'West', 0.0]", "id": 0}, {"type": "0", "fact": "RelationshipFactY: [2, 1, 'North', 'North', 0.0]", "id": 0}, {"type": "0", "fact": "RelationshipFactX: [2, 3, 'East', 'West', -13.0]", "id": 0}, {"type": "0", "fact": "RelationshipFactY: [2, 3, 'North', 'North', 0.0]", "id": 0}, {"type": "0", "fact": "RelationshipFactX: [2, 4, 'East', 'West', -2.0]", "id": 0}, {"type": "0", "fact": "RelationshipFactY: [2, 4, 'North', 'North', 0.0]", "id": 0}, {"type": "0", "fact": "RelationshipFactX: [3, 0, 'West', 'East', 2.0]", "id": 0}, {"type": "0", "fact": "RelationshipFactY: [3, 0, 'North', 'North', 0.0]", "id": 0}, {"type": "0", "fact": "RelationshipFactX: [3, 1, 'West', 'East', 11.0]", "id": 0}, {"type": "0", "fact": "RelationshipFactY: [3, 1, 'North', 'North', 0.0]", "id": 0}, {"type": "0", "fact": "RelationshipFactX: [3, 2, 'West', 'East', 13.0]", "id": 0}, {"type": "0", "fact": "RelationshipFactY: [3, 2, 'North', 'North', 0.0]", "id": 0}, {"type": "0", "fact": "RelationshipFactX: [3, 4, 'West', 'East', 10.0]", "id": 0}, {"type": "0", "fact": "RelationshipFactY: [3, 4, 'North', 'North', 0.0]", "id": 0}, {"type": "0", "fact": "RelationshipFactX: [4, 0, 'East', 'West', -6.0]", "id": 0}, {"type": "0", "fact": "RelationshipFactY: [4, 0, 'North', 'North', 0.0]", "id": 0}, {"type": "0", "fact": "RelationshipFactX: [4, 1, 'West', 'East', 0.0]", "id": 0}, {"type": "0", "fact": "RelationshipFactY: [4, 1, 'North', 'North', 0.0]", "id": 0}, {"type": "0", "fact": "RelationshipFactX: [4, 2, 'West', 'East', 2.0]", "id": 0}, {"type": "0", "fact": "RelationshipFactY: [4, 2, 'North', 'North', 0.0]", "id": 0}, {"type": "0", "fact": "RelationshipFactX: [4, 3, 'East', 'West', -10.0]", "id": 0}, {"type": "0", "fact": "RelationshipFactY: [4, 3, 'North', 'North', 0.0]", "id": 0}, {"type": "1", "fact": "VelocityXFact: [0, 1.0]", "id": 1}, {"type": "2", "fact": "VelocityXFact: [3, -6.0]", "id": 1}, {"type": "0", "fact": "VelocityYFact: [0, 0]", "id": 1}, {"type": "0", "fact": "VelocityXFact: [0, 1.0]", "id": 1}, {"type": "0", "fact": "AnimationFact: [0, 'Zombie', 2.0, 2.0]", "id": 1}, {"type": "0", "fact": "PositionXFact: [0, 14.0]", "id": 1}, {"type": "0", "fact": "PositionYFact: [0, 3.0]", "id": 1}, {"type": "0", "fact": "VelocityXFact: [1, 0.0]", "id": 1}, {"type": "0", "fact": "VelocityYFact: [1, 0.0]", "id": 1}, {"type": "0", "fact": "AnimationFact: [1, 'Gun', 2.0, 1.0]", "id": 1}, {"type": "0", "fact": "PositionXFact: [1, 4.0]", "id": 1}, {"type": "0", "fact": "PositionYFact: [1, 3.0]", "id": 1}, {"type": "0", "fact": "VelocityXFact: [2, 0]", "id": 1}, {"type": "0", "fact": "VelocityYFact: [2, 0]", "id": 1}, {"type": "0", "fact": "AnimationFact: [2, 'white girl', 2.0, 2.0]", "id": 1}, {"type": "0", "fact": "PositionXFact: [2, 2.0]", "id": 1}, {"type": "0", "fact": "PositionYFact: [2, 3.0]", "id": 1}, {"type": "0", "fact": "VelocityXFact: [3, 0]", "id": 1}, {"type": "0", "fact": "VelocityYFact: [3, 0]", "id": 1}, {"type": "0", "fact": "AnimationFact: [3, 'Black Guy', 2.0, 2.0]", "id": 1}, {"type": "0", "fact": "PositionXFact: [3, 17.0]", "id": 1}, {"type": "0", "fact": "PositionYFact: [3, 3.0]", "id": 1}, {"type": "0", "fact": "VariableFact: ['space', False]", "id": 1}, {"type": "0", "fact": "VariableFact: ['up', False]", "id": 1}, {"type": "0", "fact": "VariableFact: ['down', False]", "id": 1}, {"type": "0", "fact": "VariableFact: ['left', False]", "id": 1}, {"type": "0", "fact": "VariableFact: ['right', False]", "id": 1}, {"type": "0", "fact": "VariableFact: ['spacePrev', False]", "id": 1}, {"type": "0", "fact": "VariableFact: ['upPrev', False]", "id": 1}, {"type": "0", "fact": "VariableFact: ['downPrev', False]", "id": 1}, {"type": "0", "fact": "VariableFact: ['leftPrev', False]", "id": 1}, {"type": "0", "fact": "VariableFact: ['rightPrev', False]", "id": 1}, {"type": "0", "fact": "RelationshipFactX: [0, 1, 'West', 'East', 8.0]", "id": 1}, {"type": "0", "fact": "RelationshipFactY: [0, 1, 'North', 'North', 0.0]", "id": 1}, {"type": "0", "fact": "RelationshipFactX: [0, 2, 'West', 'East', 10.0]", "id": 1}, {"type": "0", "fact": "RelationshipFactY: [0, 2, 'North', 'North', 0.0]", "id": 1}, {"type": "0", "fact": "RelationshipFactX: [0, 3, 'East', 'West', -1.0]", "id": 1}, {"type": "0", "fact": "RelationshipFactY: [0, 3, 'North', 'North', 0.0]", "id": 1}, {"type": "0", "fact": "RelationshipFactX: [1, 0, 'East', 'West', -8.0]", "id": 1}, {"type": "0", "fact": "RelationshipFactY: [1, 0, 'North', 'North', 0.0]", "id": 1}, {"type": "0", "fact": "RelationshipFactX: [1, 2, 'West', 'East', 0.0]", "id": 1}, {"type": "0", "fact": "RelationshipFactY: [1, 2, 'North', 'North', 0.0]", "id": 1}, {"type": "0", "fact": "RelationshipFactX: [1, 3, 'East', 'West', -11.0]", "id": 1}, {"type": "0", "fact": "RelationshipFactY: [1, 3, 'North', 'North', 0.0]", "id": 1}, {"type": "0", "fact": "RelationshipFactX: [2, 0, 'East', 'West', -10.0]", "id": 1}, {"type": "0", "fact": "RelationshipFactY: [2, 0, 'North', 'North', 0.0]", "id": 1}, {"type": "0", "fact": "RelationshipFactX: [2, 1, 'East', 'West', 0.0]", "id": 1}, {"type": "0", "fact": "RelationshipFactY: [2, 1, 'North', 'North', 0.0]", "id": 1}, {"type": "0", "fact": "RelationshipFactX: [2, 3, 'East', 'West', -13.0]", "id": 1}, {"type": "0", "fact": "RelationshipFactY: [2, 3, 'North', 'North', 0.0]", "id": 1}, {"type": "0", "fact": "RelationshipFactX: [3, 0, 'West', 'East', 1.0]", "id": 1}, {"type": "0", "fact": "RelationshipFactY: [3, 0, 'North', 'North', 0.0]", "id": 1}, {"type": "0", "fact": "RelationshipFactX: [3, 1, 'West', 'East', 11.0]", "id": 1}, {"type": "0", "fact": "RelationshipFactY: [3, 1, 'North', 'North', 0.0]", "id": 1}, {"type": "0", "fact": "RelationshipFactX: [3, 2, 'West', 'East', 13.0]", "id": 1}, {"type": "0", "fact": "RelationshipFactY: [3, 2, 'North', 'North', 0.0]", "id": 1}, {"type": "1", "fact": "VelocityXFact: [4, 0]", "id": 2}, {"type": "2", "fact": "VelocityXFact: [0, 4.0]", "id": 2}, {"type": "0", "fact": "VelocityXFact: [0, 1.0]", "id": 2}, {"type": "0", "fact": "VelocityYFact: [0, 0.0]", "id": 2}, {"type": "0", "fact": "AnimationFact: [0, 'Zombie', 2.0, 2.0]", "id": 2}, {"type": "0", "fact": "PositionXFact: [0, 9.0]", "id": 2}, {"type": "0", "fact": "PositionYFact: [0, 3.0]", "id": 2}, {"type": "0", "fact": "VelocityXFact: [1, 0.0]", "id": 2}, {"type": "0", "fact": "VelocityYFact: [1, 0.0]", "id": 2}, {"type": "0", "fact": "AnimationFact: [1, 'white girl', 2.0, 2.0]", "id": 2}, {"type": "0", "fact": "PositionXFact: [1, 2.0]", "id": 2}, {"type": "0", "fact": "PositionYFact: [1, 3.0]", "id": 2}, {"type": "0", "fact": "VelocityXFact: [2, 0.0]", "id": 2}, {"type": "0", "fact": "VelocityYFact: [2, 0.0]", "id": 2}, {"type": "0", "fact": "AnimationFact: [2, 'Black Guy', 2.0, 2.0]", "id": 2}, {"type": "0", "fact": "PositionXFact: [2, 17.0]", "id": 2}, {"type": "0", "fact": "PositionYFact: [2, 3.0]", "id": 2}, {"type": "0", "fact": "VelocityXFact: [3, 0.0]", "id": 2}, {"type": "0", "fact": "VelocityYFact: [3, 0.0]", "id": 2}, {"type": "0", "fact": "AnimationFact: [3, 'Gun', 2.0, 1.0]", "id": 2}, {"type": "0", "fact": "PositionXFact: [3, 4.0]", "id": 2}, {"type": "0", "fact": "PositionYFact: [3, 3.0]", "id": 2}, {"type": "0", "fact": "VelocityXFact: [4, 0]", "id": 2}, {"type": "0", "fact": "VelocityYFact: [4, 0]", "id": 2}, {"type": "0", "fact": "AnimationFact: [4, 'explosion2', 1.0, 1.0]", "id": 2}, {"type": "0", "fact": "PositionXFact: [4, 6.0]", "id": 2}, {"type": "0", "fact": "PositionYFact: [4, 3.0]", "id": 2}, {"type": "0", "fact": "VariableFact: ['space', True]", "id": 2}, {"type": "0", "fact": "VariableFact: ['up', False]", "id": 2}, {"type": "0", "fact": "VariableFact: ['down', False]", "id": 2}, {"type": "0", "fact": "VariableFact: ['left', False]", "id": 2}, {"type": "0", "fact": "VariableFact: ['right', False]", "id": 2}, {"type": "0", "fact": "VariableFact: ['spacePrev', False]", "id": 2}, {"type": "0", "fact": "VariableFact: ['upPrev', False]", "id": 2}, {"type": "0", "fact": "VariableFact: ['downPrev', False]", "id": 2}, {"type": "0", "fact": "VariableFact: ['leftPrev', False]", "id": 2}, {"type": "0", "fact": "VariableFact: ['rightPrev', False]", "id": 2}, {"type": "0", "fact": "RelationshipFactX: [0, 1, 'West', 'East', 5.0]", "id": 2}, {"type": "0", "fact": "RelationshipFactY: [0, 1, 'North', 'North', 0.0]", "id": 2}, {"type": "0", "fact": "RelationshipFactX: [0, 2, 'East', 'West', -6.0]", "id": 2}, {"type": "0", "fact": "RelationshipFactY: [0, 2, 'North', 'North', 0.0]", "id": 2}, {"type": "0", "fact": "RelationshipFactX: [0, 3, 'West', 'East', 3.0]", "id": 2}, {"type": "0", "fact": "RelationshipFactY: [0, 3, 'North', 'North', 0.0]", "id": 2}, {"type": "0", "fact": "RelationshipFactX: [0, 4, 'West', 'East', 2.0]", "id": 2}, {"type": "0", "fact": "RelationshipFactY: [0, 4, 'North', 'North', 0.0]", "id": 2}, {"type": "0", "fact": "RelationshipFactX: [1, 0, 'East', 'West', -5.0]", "id": 2}, {"type": "0", "fact": "RelationshipFactY: [1, 0, 'North', 'North', 0.0]", "id": 2}, {"type": "0", "fact": "RelationshipFactX: [1, 2, 'East', 'West', -13.0]", "id": 2}, {"type": "0", "fact": "RelationshipFactY: [1, 2, 'North', 'North', 0.0]", "id": 2}, {"type": "0", "fact": "RelationshipFactX: [1, 3, 'East', 'West', 0.0]", "id": 2}, {"type": "0", "fact": "RelationshipFactY: [1, 3, 'North', 'North', 0.0]", "id": 2}, {"type": "0", "fact": "RelationshipFactX: [1, 4, 'East', 'West', -2.0]", "id": 2}, {"type": "0", "fact": "RelationshipFactY: [1, 4, 'North', 'North', 0.0]", "id": 2}, {"type": "0", "fact": "RelationshipFactX: [2, 0, 'West', 'East', 6.0]", "id": 2}, {"type": "0", "fact": "RelationshipFactY: [2, 0, 'North', 'North', 0.0]", "id": 2}, {"type": "0", "fact": "RelationshipFactX: [2, 1, 'West', 'East', 13.0]", "id": 2}, {"type": "0", "fact": "RelationshipFactY: [2, 1, 'North', 'North', 0.0]", "id": 2}, {"type": "0", "fact": "RelationshipFactX: [2, 3, 'West', 'East', 11.0]", "id": 2}, {"type": "0", "fact": "RelationshipFactY: [2, 3, 'North', 'North', 0.0]", "id": 2}, {"type": "0", "fact": "RelationshipFactX: [2, 4, 'West', 'East', 10.0]", "id": 2}, {"type": "0", "fact": "RelationshipFactY: [2, 4, 'North', 'North', 0.0]", "id": 2}, {"type": "0", "fact": "RelationshipFactX: [3, 0, 'East', 'West', -3.0]", "id": 2}, {"type": "0", "fact": "RelationshipFactY: [3, 0, 'North', 'North', 0.0]", "id": 2}, {"type": "0", "fact": "RelationshipFactX: [3, 1, 'West', 'East', 0.0]", "id": 2}, {"type": "0", "fact": "RelationshipFactY: [3, 1, 'North', 'North', 0.0]", "id": 2}, {"type": "0", "fact": "RelationshipFactX: [3, 2, 'East', 'West', -11.0]", "id": 2}, {"type": "0", "fact": "RelationshipFactY: [3, 2, 'North', 'North', 0.0]", "id": 2}, {"type": "0", "fact": "RelationshipFactX: [3, 4, 'East', 'West', 0.0]", "id": 2}, {"type": "0", "fact": "RelationshipFactY: [3, 4, 'North', 'North', 0.0]", "id": 2}, {"type": "0", "fact": "RelationshipFactX: [4, 0, 'East', 'West', -2.0]", "id": 2}, {"type": "0", "fact": "RelationshipFactY: [4, 0, 'North', 'North', 0.0]", "id": 2}, {"type": "0", "fact": "RelationshipFactX: [4, 1, 'West', 'East', 2.0]", "id": 2}, {"type": "0", "fact": "RelationshipFactY: [4, 1, 'North', 'North', 0.0]", "id": 2}, {"type": "0", "fact": "RelationshipFactX: [4, 2, 'East', 'West', -10.0]", "id": 2}, {"type": "0", "fact": "RelationshipFactY: [4, 2, 'North', 'North', 0.0]", "id": 2}, {"type": "0", "fact": "RelationshipFactX: [4, 3, 'West', 'East', 0.0]", "id": 2}, {"type": "0", "fact": "RelationshipFactY: [4, 3, 'North', 'North', 0.0]", "id": 2}, {"type": "1", "fact": "AnimationFact: [4, 'explosion2', 1.0, 1.0]", "id": 3}, {"type": "2", "fact": "AnimationFact: [0, 'explosion', 2.0, 2.0]", "id": 3}, {"type": "0", "fact": "VelocityXFact: [0, 1.0]", "id": 3}, {"type": "0", "fact": "VelocityYFact: [0, 0.0]", "id": 3}, {"type": "0", "fact": "AnimationFact: [0, 'Zombie', 2.0, 2.0]", "id": 3}, {"type": "0", "fact": "PositionXFact: [0, 9.0]", "id": 3}, {"type": "0", "fact": "PositionYFact: [0, 3.0]", "id": 3}, {"type": "0", "fact": "VelocityXFact: [1, 0.0]", "id": 3}, {"type": "0", "fact": "VelocityYFact: [1, 0.0]", "id": 3}, {"type": "0", "fact": "AnimationFact: [1, 'white girl', 2.0, 2.0]", "id": 3}, {"type": "0", "fact": "PositionXFact: [1, 2.0]", "id": 3}, {"type": "0", "fact": "PositionYFact: [1, 3.0]", "id": 3}, {"type": "0", "fact": "VelocityXFact: [2, 0.0]", "id": 3}, {"type": "0", "fact": "VelocityYFact: [2, 0.0]", "id": 3}, {"type": "0", "fact": "AnimationFact: [2, 'Black Guy', 2.0, 2.0]", "id": 3}, {"type": "0", "fact": "PositionXFact: [2, 17.0]", "id": 3}, {"type": "0", "fact": "PositionYFact: [2, 3.0]", "id": 3}, {"type": "0", "fact": "VelocityXFact: [3, 0.0]", "id": 3}, {"type": "0", "fact": "VelocityYFact: [3, 0.0]", "id": 3}, {"type": "0", "fact": "AnimationFact: [3, 'Gun', 2.0, 1.0]", "id": 3}, {"type": "0", "fact": "PositionXFact: [3, 4.0]", "id": 3}, {"type": "0", "fact": "PositionYFact: [3, 3.0]", "id": 3}, {"type": "0", "fact": "VelocityYFact: [4, 0]", "id": 3}, {"type": "0", "fact": "VelocityXFact: [4, 4.0]", "id": 3}, {"type": "0", "fact": "AnimationFact: [4, 'explosion2', 1.0, 1.0]", "id": 3}, {"type": "0", "fact": "PositionXFact: [4, 6.0]", "id": 3}, {"type": "0", "fact": "PositionYFact: [4, 3.0]", "id": 3}, {"type": "0", "fact": "VariableFact: ['space', True]", "id": 3}, {"type": "0", "fact": "VariableFact: ['up', False]", "id": 3}, {"type": "0", "fact": "VariableFact: ['down', False]", "id": 3}, {"type": "0", "fact": "VariableFact: ['left', False]", "id": 3}, {"type": "0", "fact": "VariableFact: ['right', False]", "id": 3}, {"type": "0", "fact": "VariableFact: ['spacePrev', False]", "id": 3}, {"type": "0", "fact": "VariableFact: ['upPrev', False]", "id": 3}, {"type": "0", "fact": "VariableFact: ['downPrev', False]", "id": 3}, {"type": "0", "fact": "VariableFact: ['leftPrev', False]", "id": 3}, {"type": "0", "fact": "VariableFact: ['rightPrev', False]", "id": 3}, {"type": "0", "fact": "RelationshipFactX: [0, 1, 'West', 'East', 5.0]", "id": 3}, {"type": "0", "fact": "RelationshipFactY: [0, 1, 'North', 'North', 0.0]", "id": 3}, {"type": "0", "fact": "RelationshipFactX: [0, 2, 'East', 'West', -6.0]", "id": 3}, {"type": "0", "fact": "RelationshipFactY: [0, 2, 'North', 'North', 0.0]", "id": 3}, {"type": "0", "fact": "RelationshipFactX: [0, 3, 'West', 'East', 3.0]", "id": 3}, {"type": "0", "fact": "RelationshipFactY: [0, 3, 'North', 'North', 0.0]", "id": 3}, {"type": "0", "fact": "RelationshipFactX: [0, 4, 'West', 'East', 2.0]", "id": 3}, {"type": "0", "fact": "RelationshipFactY: [0, 4, 'North', 'North', 0.0]", "id": 3}, {"type": "0", "fact": "RelationshipFactX: [1, 0, 'East', 'West', -5.0]", "id": 3}, {"type": "0", "fact": "RelationshipFactY: [1, 0, 'North', 'North', 0.0]", "id": 3}, {"type": "0", "fact": "RelationshipFactX: [1, 2, 'East', 'West', -13.0]", "id": 3}, {"type": "0", "fact": "RelationshipFactY: [1, 2, 'North', 'North', 0.0]", "id": 3}, {"type": "0", "fact": "RelationshipFactX: [1, 3, 'East', 'West', 0.0]", "id": 3}, {"type": "0", "fact": "RelationshipFactY: [1, 3, 'North', 'North', 0.0]", "id": 3}, {"type": "0", "fact": "RelationshipFactX: [1, 4, 'East', 'West', -2.0]", "id": 3}, {"type": "0", "fact": "RelationshipFactY: [1, 4, 'North', 'North', 0.0]", "id": 3}, {"type": "0", "fact": "RelationshipFactX: [2, 0, 'West', 'East', 6.0]", "id": 3}, {"type": "0", "fact": "RelationshipFactY: [2, 0, 'North', 'North', 0.0]", "id": 3}, {"type": "0", "fact": "RelationshipFactX: [2, 1, 'West', 'East', 13.0]", "id": 3}, {"type": "0", "fact": "RelationshipFactY: [2, 1, 'North', 'North', 0.0]", "id": 3}, {"type": "0", "fact": "RelationshipFactX: [2, 3, 'West', 'East', 11.0]", "id": 3}, {"type": "0", "fact": "RelationshipFactY: [2, 3, 'North', 'North', 0.0]", "id": 3}, {"type": "0", "fact": "RelationshipFactX: [2, 4, 'West', 'East', 10.0]", "id": 3}, {"type": "0", "fact": "RelationshipFactY: [2, 4, 'North', 'North', 0.0]", "id": 3}, {"type": "0", "fact": "RelationshipFactX: [3, 0, 'East', 'West', -3.0]", "id": 3}, {"type": "0", "fact": "RelationshipFactY: [3, 0, 'North', 'North', 0.0]", "id": 3}, {"type": "0", "fact": "RelationshipFactX: [3, 1, 'West', 'East', 0.0]", "id": 3}, {"type": "0", "fact": "RelationshipFactY: [3, 1, 'North', 'North', 0.0]", "id": 3}, {"type": "0", "fact": "RelationshipFactX: [3, 2, 'East', 'West', -11.0]", "id": 3}, {"type": "0", "fact": "RelationshipFactY: [3, 2, 'North', 'North', 0.0]", "id": 3}, {"type": "0", "fact": "RelationshipFactX: [3, 4, 'East', 'West', 0.0]", "id": 3}, {"type": "0", "fact": "RelationshipFactY: [3, 4, 'North', 'North', 0.0]", "id": 3}, {"type": "0", "fact": "RelationshipFactX: [4, 0, 'East', 'West', -2.0]", "id": 3}, {"type": "0", "fact": "RelationshipFactY: [4, 0, 'North', 'North', 0.0]", "id": 3}, {"type": "0", "fact": "RelationshipFactX: [4, 1, 'West', 'East', 2.0]", "id": 3}, {"type": "0", "fact": "RelationshipFactY: [4, 1, 'North', 'North', 0.0]", "id": 3}, {"type": "0", "fact": "RelationshipFactX: [4, 2, 'East', 'West', -10.0]", "id": 3}, {"type": "0", "fact": "RelationshipFactY: [4, 2, 'North', 'North', 0.0]", "id": 3}, {"type": "0", "fact": "RelationshipFactX: [4, 3, 'West', 'East', 0.0]", "id": 3}, {"type": "0", "fact": "RelationshipFactY: [4, 3, 'North', 'North', 0.0]", "id": 3}, {"type": "1", "fact": "VelocityXFact: [1, 0.0]", "id": 4}, {"type": "2", "fact": "VelocityXFact: [3, -6.0]", "id": 4}, {"type": "0", "fact": "VelocityXFact: [0, 0.0]", "id": 4}, {"type": "0", "fact": "VelocityYFact: [0, 0.0]", "id": 4}, {"type": "0", "fact": "AnimationFact: [0, 'white girl', 2.0, 2.0]", "id": 4}, {"type": "0", "fact": "PositionXFact: [0, 2.0]", "id": 4}, {"type": "0", "fact": "PositionYFact: [0, 3.0]", "id": 4}, {"type": "0", "fact": "VelocityXFact: [1, 0.0]", "id": 4}, {"type": "0", "fact": "VelocityYFact: [1, 0.0]", "id": 4}, {"type": "0", "fact": "AnimationFact: [1, 'Black Guy', 2.0, 2.0]", "id": 4}, {"type": "0", "fact": "PositionXFact: [1, 17.0]", "id": 4}, {"type": "0", "fact": "PositionYFact: [1, 3.0]", "id": 4}, {"type": "0", "fact": "VelocityXFact: [2, 0.0]", "id": 4}, {"type": "0", "fact": "VelocityYFact: [2, 0.0]", "id": 4}, {"type": "0", "fact": "AnimationFact: [2, 'Gun', 2.0, 1.0]", "id": 4}, {"type": "0", "fact": "PositionXFact: [2, 4.0]", "id": 4}, {"type": "0", "fact": "PositionYFact: [2, 3.0]", "id": 4}, {"type": "0", "fact": "VelocityYFact: [3, 0]", "id": 4}, {"type": "0", "fact": "VelocityXFact: [3, 1.0]", "id": 4}, {"type": "0", "fact": "AnimationFact: [3, 'Zombie', 2.0, 2.0]", "id": 4}, {"type": "0", "fact": "PositionXFact: [3, 8.0]", "id": 4}, {"type": "0", "fact": "PositionYFact: [3, 3.0]", "id": 4}, {"type": "0", "fact": "VariableFact: ['space', False]", "id": 4}, {"type": "0", "fact": "VariableFact: ['up', False]", "id": 4}, {"type": "0", "fact": "VariableFact: ['down', False]", "id": 4}, {"type": "0", "fact": "VariableFact: ['left', False]", "id": 4}, {"type": "0", "fact": "VariableFact: ['right', False]", "id": 4}, {"type": "0", "fact": "VariableFact: ['spacePrev', False]", "id": 4}, {"type": "0", "fact": "VariableFact: ['upPrev', False]", "id": 4}, {"type": "0", "fact": "VariableFact: ['downPrev', False]", "id": 4}, {"type": "0", "fact": "VariableFact: ['leftPrev', False]", "id": 4}, {"type": "0", "fact": "VariableFact: ['rightPrev', False]", "id": 4}, {"type": "0", "fact": "RelationshipFactX: [0, 1, 'East', 'West', -13.0]", "id": 4}, {"type": "0", "fact": "RelationshipFactY: [0, 1, 'North', 'North', 0.0]", "id": 4}, {"type": "0", "fact": "RelationshipFactX: [0, 2, 'East', 'West', 0.0]", "id": 4}, {"type": "0", "fact": "RelationshipFactY: [0, 2, 'North', 'North', 0.0]", "id": 4}, {"type": "0", "fact": "RelationshipFactX: [0, 3, 'East', 'West', -4.0]", "id": 4}, {"type": "0", "fact": "RelationshipFactY: [0, 3, 'North', 'North', 0.0]", "id": 4}, {"type": "0", "fact": "RelationshipFactX: [1, 0, 'West', 'East', 13.0]", "id": 4}, {"type": "0", "fact": "RelationshipFactY: [1, 0, 'North', 'North', 0.0]", "id": 4}, {"type": "0", "fact": "RelationshipFactX: [1, 2, 'West', 'East', 11.0]", "id": 4}, {"type": "0", "fact": "RelationshipFactY: [1, 2, 'North', 'North', 0.0]", "id": 4}, {"type": "0", "fact": "RelationshipFactX: [1, 3, 'West', 'East', 7.0]", "id": 4}, {"type": "0", "fact": "RelationshipFactY: [1, 3, 'North', 'North', 0.0]", "id": 4}, {"type": "0", "fact": "RelationshipFactX: [2, 0, 'West', 'East', 0.0]", "id": 4}, {"type": "0", "fact": "RelationshipFactY: [2, 0, 'North', 'North', 0.0]", "id": 4}, {"type": "0", "fact": "RelationshipFactX: [2, 1, 'East', 'West', -11.0]", "id": 4}, {"type": "0", "fact": "RelationshipFactY: [2, 1, 'North', 'North', 0.0]", "id": 4}, {"type": "0", "fact": "RelationshipFactX: [2, 3, 'East', 'West', -2.0]", "id": 4}, {"type": "0", "fact": "RelationshipFactY: [2, 3, 'North', 'North', 0.0]", "id": 4}, {"type": "0", "fact": "RelationshipFactX: [3, 0, 'West', 'East', 4.0]", "id": 4}, {"type": "0", "fact": "RelationshipFactY: [3, 0, 'North', 'North', 0.0]", "id": 4}, {"type": "0", "fact": "RelationshipFactX: [3, 1, 'East', 'West', -7.0]", "id": 4}, {"type": "0", "fact": "RelationshipFactY: [3, 1, 'North', 'North', 0.0]", "id": 4}, {"type": "0", "fact": "RelationshipFactX: [3, 2, 'West', 'East', 2.0]", "id": 4}, {"type": "0", "fact": "RelationshipFactY: [3, 2, 'North', 'North', 0.0]", "id": 4}, {"type": "1", "fact": "VelocityXFact: [3, -6.0]", "id": 5}, {"type": "2", "fact": "VelocityXFact: [0, 0.0]", "id": 5}, {"type": "0", "fact": "VariableFact: ['up', False]", "id": 5}, {"type": "0", "fact": "VariableFact: ['down', False]", "id": 5}, {"type": "0", "fact": "VariableFact: ['left', False]", "id": 5}, {"type": "0", "fact": "VariableFact: ['right', False]", "id": 5}, {"type": "0", "fact": "VariableFact: ['spacePrev', False]", "id": 5}, {"type": "0", "fact": "VariableFact: ['upPrev', False]", "id": 5}, {"type": "0", "fact": "VariableFact: ['downPrev', False]", "id": 5}, {"type": "0", "fact": "VariableFact: ['leftPrev', False]", "id": 5}, {"type": "0", "fact": "VariableFact: ['rightPrev', False]", "id": 5}, {"type": "0", "fact": "VelocityXFact: [2, 0.0]", "id": 5}, {"type": "0", "fact": "VelocityYFact: [2, 0.0]", "id": 5}, {"type": "0", "fact": "AnimationFact: [2, 'Gun', 2.0, 1.0]", "id": 5}, {"type": "0", "fact": "PositionXFact: [2, 4.0]", "id": 5}, {"type": "0", "fact": "PositionYFact: [2, 3.0]", "id": 5}, {"type": "0", "fact": "VelocityXFact: [1, 0.0]", "id": 5}, {"type": "0", "fact": "VelocityYFact: [1, 0.0]", "id": 5}, {"type": "0", "fact": "AnimationFact: [1, 'white girl', 2.0, 2.0]", "id": 5}, {"type": "0", "fact": "PositionXFact: [1, 2.0]", "id": 5}, {"type": "0", "fact": "PositionYFact: [1, 3.0]", "id": 5}, {"type": "0", "fact": "VelocityXFact: [4, 0]", "id": 5}, {"type": "0", "fact": "VelocityYFact: [4, 0]", "id": 5}, {"type": "0", "fact": "PositionYFact: [4, 3.0]", "id": 5}, {"type": "0", "fact": "VelocityXFact: [3, -6.0]", "id": 5}, {"type": "0", "fact": "VelocityYFact: [3, 0.0]", "id": 5}, {"type": "0", "fact": "PositionYFact: [3, 3.0]", "id": 5}, {"type": "1", "fact": "VelocityXFact: [4, 0]", "id": 6}, {"type": "2", "fact": "VelocityXFact: [2, 3.0]", "id": 6}, {"type": "0", "fact": "VariableFact: ['space', True]", "id": 6}, {"type": "0", "fact": "VariableFact: ['up', False]", "id": 6}, {"type": "0", "fact": "VariableFact: ['down', False]", "id": 6}, {"type": "0", "fact": "VariableFact: ['left', False]", "id": 6}, {"type": "0", "fact": "VariableFact: ['right', False]", "id": 6}, {"type": "0", "fact": "VariableFact: ['spacePrev', False]", "id": 6}, {"type": "0", "fact": "VariableFact: ['upPrev', False]", "id": 6}, {"type": "0", "fact": "VariableFact: ['downPrev', False]", "id": 6}, {"type": "0", "fact": "VariableFact: ['leftPrev', False]", "id": 6}, {"type": "0", "fact": "VariableFact: ['rightPrev', False]", "id": 6}, {"type": "0", "fact": "VelocityYFact: [3, 0.0]", "id": 6}, {"type": "0", "fact": "VelocityXFact: [3, 0.0]", "id": 6}, {"type": "0", "fact": "AnimationFact: [3, 'Black Guy', 2.0, 2.0]", "id": 6}, {"type": "0", "fact": "PositionXFact: [3, 11.0]", "id": 6}, {"type": "0", "fact": "PositionYFact: [3, 3.0]", "id": 6}, {"type": "0", "fact": "VelocityXFact: [2, 0.0]", "id": 6}, {"type": "0", "fact": "VelocityYFact: [2, 0.0]", "id": 6}, {"type": "0", "fact": "AnimationFact: [2, 'Gun', 2.0, 1.0]", "id": 6}, {"type": "0", "fact": "PositionXFact: [2, 4.0]", "id": 6}, {"type": "0", "fact": "PositionYFact: [2, 3.0]", "id": 6}, {"type": "0", "fact": "VelocityXFact: [1, 0.0]", "id": 6}, {"type": "0", "fact": "VelocityYFact: [1, 0.0]", "id": 6}, {"type": "0", "fact": "AnimationFact: [1, 'white girl', 2.0, 2.0]", "id": 6}, {"type": "0", "fact": "PositionXFact: [1, 2.0]", "id": 6}, {"type": "0", "fact": "PositionYFact: [1, 3.0]", "id": 6}, {"type": "0", "fact": "VelocityXFact: [4, 0]", "id": 6}, {"type": "0", "fact": "VelocityYFact: [4, 0]", "id": 6}, {"type": "0", "fact": "PositionXFact: [4, 6.0]", "id": 6}, {"type": "0", "fact": "PositionYFact: [4, 3.0]", "id": 6}, {"type": "0", "fact": "VelocityYFact: [0, 0.0]", "id": 6}, {"type": "0", "fact": "AnimationFact: [0, 'Zombie', 2.0, 2.0]", "id": 6}, {"type": "0", "fact": "PositionXFact: [0, 9.0]", "id": 6}, {"type": "0", "fact": "PositionYFact: [0, 3.0]", "id": 6}, {"type": "1", "fact": "AnimationFact: [4, 'explosion2', 1.0, 1.0]", "id": 7}, {"type": "2", "fact": "AnimationFact: [2, 'explosion', 2.0, 2.0]", "id": 7}, {"type": "0", "fact": "VariableFact: ['space', True]", "id": 7}, {"type": "0", "fact": "VariableFact: ['up', False]", "id": 7}, {"type": "0", "fact": "VariableFact: ['down', False]", "id": 7}, {"type": "0", "fact": "VariableFact: ['left', False]", "id": 7}, {"type": "0", "fact": "VariableFact: ['right', False]", "id": 7}, {"type": "0", "fact": "VariableFact: ['spacePrev', False]", "id": 7}, {"type": "0", "fact": "VariableFact: ['upPrev', False]", "id": 7}, {"type": "0", "fact": "VariableFact: ['downPrev', False]", "id": 7}, {"type": "0", "fact": "VariableFact: ['leftPrev', False]", "id": 7}, {"type": "0", "fact": "VariableFact: ['rightPrev', False]", "id": 7}, {"type": "0", "fact": "VelocityYFact: [3, 0.0]", "id": 7}, {"type": "0", "fact": "VelocityXFact: [3, 0.0]", "id": 7}, {"type": "0", "fact": "AnimationFact: [3, 'Black Guy', 2.0, 2.0]", "id": 7}, {"type": "0", "fact": "PositionXFact: [3, 11.0]", "id": 7}, {"type": "0", "fact": "PositionYFact: [3, 3.0]", "id": 7}, {"type": "0", "fact": "VelocityXFact: [2, 0.0]", "id": 7}, {"type": "0", "fact": "VelocityYFact: [2, 0.0]", "id": 7}, {"type": "0", "fact": "AnimationFact: [2, 'Gun', 2.0, 1.0]", "id": 7}, {"type": "0", "fact": "PositionXFact: [2, 4.0]", "id": 7}, {"type": "0", "fact": "PositionYFact: [2, 3.0]", "id": 7}, {"type": "0", "fact": "VelocityXFact: [1, 0.0]", "id": 7}, {"type": "0", "fact": "VelocityYFact: [1, 0.0]", "id": 7}, {"type": "0", "fact": "AnimationFact: [1, 'white girl', 2.0, 2.0]", "id": 7}, {"type": "0", "fact": "PositionXFact: [1, 2.0]", "id": 7}, {"type": "0", "fact": "PositionYFact: [1, 3.0]", "id": 7}, {"type": "0", "fact": "VelocityYFact: [4, 0]", "id": 7}, {"type": "0", "fact": "AnimationFact: [4, 'explosion2', 1.0, 1.0]", "id": 7}, {"type": "0", "fact": "PositionXFact: [4, 6.0]", "id": 7}, {"type": "0", "fact": "PositionYFact: [4, 3.0]", "id": 7}, {"type": "0", "fact": "VelocityYFact: [0, 0.0]", "id": 7}, {"type": "0", "fact": "AnimationFact: [0, 'Zombie', 2.0, 2.0]", "id": 7}, {"type": "0", "fact": "PositionXFact: [0, 9.0]", "id": 7}, {"type": "0", "fact": "PositionYFact: [0, 3.0]", "id": 7}, {"type": "1", "fact": "VelocityXFact: [0, 0.0]", "id": 8}, {"type": "2", "fact": "VelocityXFact: [2, -2.0]", "id": 8}, {"type": "0", "fact": "VelocityXFact: [0, 0.0]", "id": 8}, {"type": "0", "fact": "VelocityYFact: [0, 0.0]", "id": 8}, {"type": "0", "fact": "AnimationFact: [0, 'Black Guy', 2.0, 2.0]", "id": 8}, {"type": "0", "fact": "PositionXFact: [0, 11.0]", "id": 8}, {"type": "0", "fact": "PositionYFact: [0, 3.0]", "id": 8}, {"type": "0", "fact": "VelocityXFact: [1, 0.0]", "id": 8}, {"type": "0", "fact": "VelocityYFact: [1, 0.0]", "id": 8}, {"type": "0", "fact": "AnimationFact: [1, 'Gun', 2.0, 1.0]", "id": 8}, {"type": "0", "fact": "PositionXFact: [1, 4.0]", "id": 8}, {"type": "0", "fact": "PositionYFact: [1, 3.0]", "id": 8}, {"type": "0", "fact": "VelocityXFact: [2, 0.0]", "id": 8}, {"type": "0", "fact": "VelocityYFact: [2, 0.0]", "id": 8}, {"type": "0", "fact": "AnimationFact: [2, 'white girl', 2.0, 2.0]", "id": 8}, {"type": "0", "fact": "PositionXFact: [2, 2.0]", "id": 8}, {"type": "0", "fact": "PositionYFact: [2, 3.0]", "id": 8}, {"type": "0", "fact": "VariableFact: ['space', True]", "id": 8}, {"type": "0", "fact": "VariableFact: ['up', False]", "id": 8}, {"type": "0", "fact": "VariableFact: ['down', False]", "id": 8}, {"type": "0", "fact": "VariableFact: ['left', False]", "id": 8}, {"type": "0", "fact": "VariableFact: ['right', False]", "id": 8}, {"type": "0", "fact": "VariableFact: ['spacePrev', True]", "id": 8}, {"type": "0", "fact": "VariableFact: ['upPrev', False]", "id": 8}, {"type": "0", "fact": "VariableFact: ['downPrev', False]", "id": 8}, {"type": "0", "fact": "VariableFact: ['leftPrev', False]", "id": 8}, {"type": "0", "fact": "VariableFact: ['rightPrev', False]", "id": 8}, {"type": "0", "fact": "RelationshipFactX: [0, 1, 'West', 'East', 5.0]", "id": 8}, {"type": "0", "fact": "RelationshipFactY: [0, 1, 'North', 'North', 0.0]", "id": 8}, {"type": "0", "fact": "RelationshipFactX: [0, 2, 'West', 'East', 7.0]", "id": 8}, {"type": "0", "fact": "RelationshipFactY: [0, 2, 'North', 'North', 0.0]", "id": 8}, {"type": "0", "fact": "RelationshipFactX: [1, 0, 'East', 'West', -5.0]", "id": 8}, {"type": "0", "fact": "RelationshipFactY: [1, 0, 'North', 'North', 0.0]", "id": 8}, {"type": "0", "fact": "RelationshipFactX: [1, 2, 'West', 'East', 0.0]", "id": 8}, {"type": "0", "fact": "RelationshipFactY: [1, 2, 'North', 'North', 0.0]", "id": 8}, {"type": "0", "fact": "RelationshipFactX: [2, 0, 'East', 'West', -7.0]", "id": 8}, {"type": "0", "fact": "RelationshipFactY: [2, 0, 'North', 'North', 0.0]", "id": 8}, {"type": "0", "fact": "RelationshipFactX: [2, 1, 'East', 'West', 0.0]", "id": 8}, {"type": "0", "fact": "RelationshipFactY: [2, 1, 'North', 'North', 0.0]", "id": 8}, {"type": "1", "fact": "AnimationFact: [0, 'Black Guy', 2.0, 2.0]", "id": 9}, {"type": "2", "fact": "AnimationFact: [2, 'Zombie', 2.0, 2.0]", "id": 9}, {"type": "0", "fact": "VelocityYFact: [0, 0.0]", "id": 9}, {"type": "0", "fact": "VelocityXFact: [0, -2.0]", "id": 9}, {"type": "0", "fact": "AnimationFact: [0, 'Black Guy', 2.0, 2.0]", "id": 9}, {"type": "0", "fact": "PositionXFact: [0, 11.0]", "id": 9}, {"type": "0", "fact": "PositionYFact: [0, 3.0]", "id": 9}, {"type": "0", "fact": "VelocityXFact: [1, 0.0]", "id": 9}, {"type": "0", "fact": "VelocityYFact: [1, 0.0]", "id": 9}, {"type": "0", "fact": "AnimationFact: [1, 'Gun', 2.0, 1.0]", "id": 9}, {"type": "0", "fact": "PositionXFact: [1, 4.0]", "id": 9}, {"type": "0", "fact": "PositionYFact: [1, 3.0]", "id": 9}, {"type": "0", "fact": "VelocityXFact: [2, 0.0]", "id": 9}, {"type": "0", "fact": "VelocityYFact: [2, 0.0]", "id": 9}, {"type": "0", "fact": "AnimationFact: [2, 'white girl', 2.0, 2.0]", "id": 9}, {"type": "0", "fact": "PositionXFact: [2, 2.0]", "id": 9}, {"type": "0", "fact": "PositionYFact: [2, 3.0]", "id": 9}, {"type": "0", "fact": "VariableFact: ['space', True]", "id": 9}, {"type": "0", "fact": "VariableFact: ['up', False]", "id": 9}, {"type": "0", "fact": "VariableFact: ['down', False]", "id": 9}, {"type": "0", "fact": "VariableFact: ['left', False]", "id": 9}, {"type": "0", "fact": "VariableFact: ['right', False]", "id": 9}, {"type": "0", "fact": "VariableFact: ['spacePrev', True]", "id": 9}, {"type": "0", "fact": "VariableFact: ['upPrev', False]", "id": 9}, {"type": "0", "fact": "VariableFact: ['downPrev', False]", "id": 9}, {"type": "0", "fact": "VariableFact: ['leftPrev', False]", "id": 9}, {"type": "0", "fact": "VariableFact: ['rightPrev', False]", "id": 9}, {"type": "0", "fact": "RelationshipFactX: [0, 1, 'West', 'East', 5.0]", "id": 9}, {"type": "0", "fact": "RelationshipFactY: [0, 1, 'North', 'North', 0.0]", "id": 9}, {"type": "0", "fact": "RelationshipFactX: [0, 2, 'West', 'East', 7.0]", "id": 9}, {"type": "0", "fact": "RelationshipFactY: [0, 2, 'North', 'North', 0.0]", "id": 9}, {"type": "0", "fact": "RelationshipFactX: [1, 0, 'East', 'West', -5.0]", "id": 9}, {"type": "0", "fact": "RelationshipFactY: [1, 0, 'North', 'North', 0.0]", "id": 9}, {"type": "0", "fact": "RelationshipFactX: [1, 2, 'West', 'East', 0.0]", "id": 9}, {"type": "0", "fact": "RelationshipFactY: [1, 2, 'North', 'North', 0.0]", "id": 9}, {"type": "0", "fact": "RelationshipFactX: [2, 0, 'East', 'West', -7.0]", "id": 9}, {"type": "0", "fact": "RelationshipFactY: [2, 0, 'North', 'North', 0.0]", "id": 9}, {"type": "0", "fact": "RelationshipFactX: [2, 1, 'East', 'West', 0.0]", "id": 9}, {"type": "0", "fact": "RelationshipFactY: [2, 1, 'North', 'North', 0.0]", "id": 9}, {"type": "1", "fact": "VelocityXFact: [2, -2.0]", "id": 10}, {"type": "2", "fact": "VelocityXFact: [0, 0]", "id": 10}, {"type": "0", "fact": "VelocityXFact: [0, 0.0]", "id": 10}, {"type": "0", "fact": "VelocityYFact: [0, 0.0]", "id": 10}, {"type": "0", "fact": "AnimationFact: [0, 'Gun', 2.0, 1.0]", "id": 10}, {"type": "0", "fact": "PositionXFact: [0, 4.0]", "id": 10}, {"type": "0", "fact": "PositionYFact: [0, 3.0]", "id": 10}, {"type": "0", "fact": "VelocityXFact: [1, 0.0]", "id": 10}, {"type": "0", "fact": "VelocityYFact: [1, 0.0]", "id": 10}, {"type": "0", "fact": "AnimationFact: [1, 'white girl', 2.0, 2.0]", "id": 10}, {"type": "0", "fact": "PositionXFact: [1, 2.0]", "id": 10}, {"type": "0", "fact": "PositionYFact: [1, 3.0]", "id": 10}, {"type": "0", "fact": "VelocityXFact: [2, -2.0]", "id": 10}, {"type": "0", "fact": "VelocityYFact: [2, 0.0]", "id": 10}, {"type": "0", "fact": "AnimationFact: [2, 'Zombie', 2.0, 2.0]", "id": 10}, {"type": "0", "fact": "PositionXFact: [2, 9.0]", "id": 10}, {"type": "0", "fact": "PositionYFact: [2, 3.0]", "id": 10}, {"type": "0", "fact": "VariableFact: ['space', False]", "id": 10}, {"type": "0", "fact": "VariableFact: ['up', False]", "id": 10}, {"type": "0", "fact": "VariableFact: ['down', False]", "id": 10}, {"type": "0", "fact": "VariableFact: ['left', False]", "id": 10}, {"type": "0", "fact": "VariableFact: ['right', True]", "id": 10}, {"type": "0", "fact": "VariableFact: ['spacePrev', False]", "id": 10}, {"type": "0", "fact": "VariableFact: ['upPrev', False]", "id": 10}, {"type": "0", "fact": "VariableFact: ['downPrev', False]", "id": 10}, {"type": "0", "fact": "VariableFact: ['leftPrev', False]", "id": 10}, {"type": "0", "fact": "VariableFact: ['rightPrev', False]", "id": 10}, {"type": "0", "fact": "RelationshipFactX: [0, 1, 'West', 'East', 0.0]", "id": 10}, {"type": "0", "fact": "RelationshipFactY: [0, 1, 'North', 'North', 0.0]", "id": 10}, {"type": "0", "fact": "RelationshipFactX: [0, 2, 'East', 'West', -3.0]", "id": 10}, {"type": "0", "fact": "RelationshipFactY: [0, 2, 'North', 'North', 0.0]", "id": 10}, {"type": "0", "fact": "RelationshipFactX: [1, 0, 'East', 'West', 0.0]", "id": 10}, {"type": "0", "fact": "RelationshipFactY: [1, 0, 'North', 'North', 0.0]", "id": 10}, {"type": "0", "fact": "RelationshipFactX: [1, 2, 'East', 'West', -5.0]", "id": 10}, {"type": "0", "fact": "RelationshipFactY: [1, 2, 'North', 'North', 0.0]", "id": 10}, {"type": "0", "fact": "RelationshipFactX: [2, 0, 'West', 'East', 3.0]", "id": 10}, {"type": "0", "fact": "RelationshipFactY: [2, 0, 'North', 'North', 0.0]", "id": 10}, {"type": "0", "fact": "RelationshipFactX: [2, 1, 'West', 'East', 5.0]", "id": 10}, {"type": "0", "fact": "RelationshipFactY: [2, 1, 'North', 'North', 0.0]", "id": 10}, {"type": "1", "fact": "EmptyFact: ", "id": 11}, {"type": "2", "fact": "EmptyFact: ", "id": 11}, {"type": "0", "fact": "VariableFact: ['space', False]", "id": 11}, {"type": "0", "fact": "VariableFact: ['up', False]", "id": 11}, {"type": "0", "fact": "VariableFact: ['down', False]", "id": 11}, {"type": "0", "fact": "VariableFact: ['left', False]", "id": 11}, {"type": "0", "fact": "VariableFact: ['right', True]", "id": 11}, {"type": "0", "fact": "VariableFact: ['spacePrev', False]", "id": 11}, {"type": "0", "fact": "VariableFact: ['upPrev', False]", "id": 11}, {"type": "0", "fact": "VariableFact: ['downPrev', False]", "id": 11}, {"type": "0", "fact": "VariableFact: ['leftPrev', False]", "id": 11}, {"type": "0", "fact": "VelocityXFact: [2, 0.0]", "id": 11}, {"type": "0", "fact": "VelocityYFact: [2, 0.0]", "id": 11}, {"type": "0", "fact": "PositionXFact: [2, 2.0]", "id": 11}, {"type": "0", "fact": "PositionYFact: [2, 3.0]", "id": 11}, {"type": "0", "fact": "VelocityXFact: [3, 0.0]", "id": 11}, {"type": "0", "fact": "VelocityYFact: [3, 0.0]", "id": 11}, {"type": "0", "fact": "PositionYFact: [3, 3.0]", "id": 11}, {"type": "1", "fact": "EmptyFact: ", "id": 12}, {"type": "2", "fact": "EmptyFact: ", "id": 12}, {"type": "0", "fact": "VariableFact: ['space', False]", "id": 12}, {"type": "0", "fact": "VariableFact: ['up', False]", "id": 12}, {"type": "0", "fact": "VariableFact: ['down', False]", "id": 12}, {"type": "0", "fact": "VariableFact: ['left', False]", "id": 12}, {"type": "0", "fact": "VariableFact: ['right', True]", "id": 12}, {"type": "0", "fact": "VariableFact: ['spacePrev', False]", "id": 12}, {"type": "0", "fact": "VariableFact: ['upPrev', False]", "id": 12}, {"type": "0", "fact": "VariableFact: ['downPrev', False]", "id": 12}, {"type": "0", "fact": "VariableFact: ['leftPrev', False]", "id": 12}, {"type": "0", "fact": "VelocityXFact: [1, 0.0]", "id": 12}, {"type": "0", "fact": "VelocityYFact: [1, 0.0]", "id": 12}, {"type": "0", "fact": "PositionXFact: [1, 2.0]", "id": 12}, {"type": "0", "fact": "PositionYFact: [1, 3.0]", "id": 12}, {"type": "0", "fact": "VelocityXFact: [2, 0.0]", "id": 12}, {"type": "0", "fact": "VelocityYFact: [2, 0.0]", "id": 12}, {"type": "0", "fact": "PositionYFact: [2, 3.0]", "id": 12}, {"type": "1", "fact": "VelocityYFact: [0, 0.0]", "id": 13}, {"type": "2", "fact": "VelocityYFact: [0, -1.0]", "id": 13}, {"type": "0", "fact": "VariableFact: ['space', False]", "id": 13}, {"type": "0", "fact": "VariableFact: ['up', False]", "id": 13}, {"type": "0", "fact": "VariableFact: ['down', True]", "id": 13}, {"type": "0", "fact": "VariableFact: ['left', False]", "id": 13}, {"type": "0", "fact": "VariableFact: ['right', False]", "id": 13}, {"type": "0", "fact": "VariableFact: ['spacePrev', False]", "id": 13}, {"type": "0", "fact": "VariableFact: ['upPrev', False]", "id": 13}, {"type": "0", "fact": "VariableFact: ['leftPrev', False]", "id": 13}, {"type": "0", "fact": "VariableFact: ['rightPrev', False]", "id": 13}, {"type": "0", "fact": "VelocityXFact: [1, 0]", "id": 13}, {"type": "0", "fact": "VelocityYFact: [1, 0]", "id": 13}, {"type": "0", "fact": "AnimationFact: [1, 'grassBlock', 1.0, 1.0]", "id": 13}, {"type": "0", "fact": "PositionXFact: [1, 10.0]", "id": 13}, {"type": "0", "fact": "PositionYFact: [1, 3.0]", "id": 13}, {"type": "0", "fact": "VelocityYFact: [0, 0.0]", "id": 13}, {"type": "0", "fact": "AnimationFact: [0, 'adventure lady', 2.0, 1.0]", "id": 13}, {"type": "0", "fact": "PositionYFact: [0, 3.0]", "id": 13}, {"type": "1", "fact": "VelocityXFact: [0, 0.0]", "id": 14}, {"type": "2", "fact": "VelocityXFact: [1, 1.0]", "id": 14}, {"type": "0", "fact": "VariableFact: ['up', False]", "id": 14}, {"type": "0", "fact": "VariableFact: ['down', False]", "id": 14}, {"type": "0", "fact": "VariableFact: ['left', False]", "id": 14}, {"type": "0", "fact": "VariableFact: ['right', True]", "id": 14}, {"type": "0", "fact": "VariableFact: ['upPrev', False]", "id": 14}, {"type": "0", "fact": "VariableFact: ['downPrev', False]", "id": 14}, {"type": "0", "fact": "VariableFact: ['leftPrev', False]", "id": 14}, {"type": "0", "fact": "VelocityYFact: [1, 0.0]", "id": 14}, {"type": "0", "fact": "AnimationFact: [1, 'grassBlock', 1.0, 1.0]", "id": 14}, {"type": "0", "fact": "PositionYFact: [1, 3.0]", "id": 14}, {"type": "0", "fact": "VelocityXFact: [0, 0.0]", "id": 14}, {"type": "0", "fact": "AnimationFact: [0, 'adventure lady', 2.0, 1.0]", "id": 14}, {"type": "1", "fact": "VelocityYFact: [0, -1.0]", "id": 15}, {"type": "2", "fact": "VelocityYFact: [1, 0.0]", "id": 15}, {"type": "0", "fact": "VariableFact: ['space', False]", "id": 15}, {"type": "0", "fact": "VariableFact: ['up', False]", "id": 15}, {"type": "0", "fact": "VariableFact: ['down', False]", "id": 15}, {"type": "0", "fact": "VariableFact: ['left', False]", "id": 15}, {"type": "0", "fact": "VariableFact: ['right', True]", "id": 15}, {"type": "0", "fact": "VariableFact: ['spacePrev', False]", "id": 15}, {"type": "0", "fact": "VariableFact: ['upPrev', False]", "id": 15}, {"type": "0", "fact": "VariableFact: ['downPrev', False]", "id": 15}, {"type": "0", "fact": "VariableFact: ['leftPrev', False]", "id": 15}, {"type": "0", "fact": "VelocityXFact: [1, 0.0]", "id": 15}, {"type": "0", "fact": "VelocityYFact: [1, 0.0]", "id": 15}, {"type": "0", "fact": "AnimationFact: [1, 'grassBlock', 1.0, 1.0]", "id": 15}, {"type": "0", "fact": "PositionXFact: [1, 10.0]", "id": 15}, {"type": "0", "fact": "PositionYFact: [1, 3.0]", "id": 15}, {"type": "0", "fact": "VelocityYFact: [0, -1.0]", "id": 15}, {"type": "0", "fact": "VelocityXFact: [0, 1.0]", "id": 15}, {"type": "0", "fact": "AnimationFact: [0, 'adventure lady', 2.0, 1.0]", "id": 15}, {"type": "1", "fact": "EmptyFact: VelocityXFact: [4, 0]|VelocityYFact: [4, 0]|PositionYFact: [4, 3.0]|", "id": 16}, {"type": "2", "fact": "EmptyFact: ", "id": 16}, {"type": "0", "fact": "VariableFact: ['space', False]", "id": 16}, {"type": "0", "fact": "VariableFact: ['up', False]", "id": 16}, {"type": "0", "fact": "VariableFact: ['down', False]", "id": 16}, {"type": "0", "fact": "VariableFact: ['left', False]", "id": 16}, {"type": "0", "fact": "VariableFact: ['spacePrev', False]", "id": 16}, {"type": "0", "fact": "VariableFact: ['upPrev', False]", "id": 16}, {"type": "0", "fact": "VariableFact: ['downPrev', False]", "id": 16}, {"type": "0", "fact": "VariableFact: ['leftPrev', False]", "id": 16}, {"type": "0", "fact": "VelocityXFact: [2, 0.0]", "id": 16}, {"type": "0", "fact": "VelocityYFact: [2, 0.0]", "id": 16}, {"type": "0", "fact": "PositionXFact: [2, 2.0]", "id": 16}, {"type": "0", "fact": "PositionYFact: [2, 3.0]", "id": 16}, {"type": "0", "fact": "VelocityXFact: [4, 0]", "id": 16}, {"type": "0", "fact": "VelocityYFact: [4, 0]", "id": 16}, {"type": "0", "fact": "PositionYFact: [4, 3.0]", "id": 16}, {"type": "0", "fact": "VelocityYFact: [0, 0.0]", "id": 16}, {"type": "0", "fact": "PositionYFact: [0, 3.0]", "id": 16}, {"type": "1", "fact": "EmptyFact: ", "id": 17}, {"type": "2", "fact": "EmptyFact: ", "id": 17}, {"type": "0", "fact": "VariableFact: ['space', False]", "id": 17}, {"type": "0", "fact": "VariableFact: ['up', False]", "id": 17}, {"type": "0", "fact": "VariableFact: ['down', False]", "id": 17}, {"type": "0", "fact": "VariableFact: ['left', False]", "id": 17}, {"type": "0", "fact": "VariableFact: ['spacePrev', False]", "id": 17}, {"type": "0", "fact": "VariableFact: ['upPrev', False]", "id": 17}, {"type": "0", "fact": "VariableFact: ['downPrev', False]", "id": 17}, {"type": "0", "fact": "VariableFact: ['leftPrev', False]", "id": 17}, {"type": "0", "fact": "VelocityXFact: [2, 0.0]", "id": 17}, {"type": "0", "fact": "VelocityYFact: [2, 0.0]", "id": 17}, {"type": "0", "fact": "PositionXFact: [2, 2.0]", "id": 17}, {"type": "0", "fact": "PositionYFact: [2, 3.0]", "id": 17}, {"type": "0", "fact": "VelocityXFact: [4, 0.0]", "id": 17}, {"type": "0", "fact": "VelocityYFact: [4, 0.0]", "id": 17}, {"type": "0", "fact": "PositionYFact: [4, 3.0]", "id": 17}, {"type": "0", "fact": "VelocityYFact: [1, 0.0]", "id": 17}, {"type": "0", "fact": "VelocityXFact: [1, 1.0]", "id": 17}, {"type": "0", "fact": "PositionYFact: [1, 3.0]", "id": 17}, {"type": "1", "fact": "VelocityXFact: [3, 3.0]", "id": 18}, {"type": "2", "fact": "VelocityXFact: [1, 0.0]", "id": 18}, {"type": "0", "fact": "VelocityXFact: [0, 0.0]", "id": 18}, {"type": "0", "fact": "VelocityYFact: [0, 0.0]", "id": 18}, {"type": "0", "fact": "AnimationFact: [0, 'white girl', 2.0, 2.0]", "id": 18}, {"type": "0", "fact": "PositionXFact: [0, 2.0]", "id": 18}, {"type": "0", "fact": "PositionYFact: [0, 3.0]", "id": 18}, {"type": "0", "fact": "VelocityXFact: [1, 0.0]", "id": 18}, {"type": "0", "fact": "VelocityYFact: [1, 0.0]", "id": 18}, {"type": "0", "fact": "AnimationFact: [1, 'Gun', 2.0, 1.0]", "id": 18}, {"type": "0", "fact": "PositionXFact: [1, 4.0]", "id": 18}, {"type": "0", "fact": "PositionYFact: [1, 3.0]", "id": 18}, {"type": "0", "fact": "VelocityYFact: [2, 0.0]", "id": 18}, {"type": "0", "fact": "VelocityXFact: [2, 0.0]", "id": 18}, {"type": "0", "fact": "AnimationFact: [2, 'Black Guy', 2.0, 2.0]", "id": 18}, {"type": "0", "fact": "PositionXFact: [2, 11.0]", "id": 18}, {"type": "0", "fact": "PositionYFact: [2, 3.0]", "id": 18}, {"type": "0", "fact": "VelocityYFact: [3, 0]", "id": 18}, {"type": "0", "fact": "VelocityXFact: [3, 3.0]", "id": 18}, {"type": "0", "fact": "AnimationFact: [3, 'explosion', 2.0, 2.0]", "id": 18}, {"type": "0", "fact": "PositionXFact: [3, 9.0]", "id": 18}, {"type": "0", "fact": "PositionYFact: [3, 3.0]", "id": 18}, {"type": "0", "fact": "VariableFact: ['space', False]", "id": 18}, {"type": "0", "fact": "VariableFact: ['up', False]", "id": 18}, {"type": "0", "fact": "VariableFact: ['down', False]", "id": 18}, {"type": "0", "fact": "VariableFact: ['left', False]", "id": 18}, {"type": "0", "fact": "VariableFact: ['right', False]", "id": 18}, {"type": "0", "fact": "VariableFact: ['spacePrev', False]", "id": 18}, {"type": "0", "fact": "VariableFact: ['upPrev', False]", "id": 18}, {"type": "0", "fact": "VariableFact: ['downPrev', False]", "id": 18}, {"type": "0", "fact": "VariableFact: ['leftPrev', False]", "id": 18}, {"type": "0", "fact": "VariableFact: ['rightPrev', False]", "id": 18}, {"type": "0", "fact": "RelationshipFactX: [0, 1, 'East', 'West', 0.0]", "id": 18}, {"type": "0", "fact": "RelationshipFactY: [0, 1, 'North', 'North', 0.0]", "id": 18}, {"type": "0", "fact": "RelationshipFactX: [0, 2, 'East', 'West', -7.0]", "id": 18}, {"type": "0", "fact": "RelationshipFactY: [0, 2, 'North', 'North', 0.0]", "id": 18}, {"type": "0", "fact": "RelationshipFactX: [0, 3, 'East', 'West', -5.0]", "id": 18}, {"type": "0", "fact": "RelationshipFactY: [0, 3, 'North', 'North', 0.0]", "id": 18}, {"type": "0", "fact": "RelationshipFactX: [1, 0, 'West', 'East', 0.0]", "id": 18}, {"type": "0", "fact": "RelationshipFactY: [1, 0, 'North', 'North', 0.0]", "id": 18}, {"type": "0", "fact": "RelationshipFactX: [1, 2, 'East', 'West', -5.0]", "id": 18}, {"type": "0", "fact": "RelationshipFactY: [1, 2, 'North', 'North', 0.0]", "id": 18}, {"type": "0", "fact": "RelationshipFactX: [1, 3, 'East', 'West', -3.0]", "id": 18}, {"type": "0", "fact": "RelationshipFactY: [1, 3, 'North', 'North', 0.0]", "id": 18}, {"type": "0", "fact": "RelationshipFactX: [2, 0, 'West', 'East', 7.0]", "id": 18}, {"type": "0", "fact": "RelationshipFactY: [2, 0, 'North', 'North', 0.0]", "id": 18}, {"type": "0", "fact": "RelationshipFactX: [2, 1, 'West', 'East', 5.0]", "id": 18}, {"type": "0", "fact": "RelationshipFactY: [2, 1, 'North', 'North', 0.0]", "id": 18}, {"type": "0", "fact": "RelationshipFactX: [2, 3, 'West', 'East', 0.0]", "id": 18}, {"type": "0", "fact": "RelationshipFactY: [2, 3, 'North', 'North', 0.0]", "id": 18}, {"type": "0", "fact": "RelationshipFactX: [3, 0, 'West', 'East', 5.0]", "id": 18}, {"type": "0", "fact": "RelationshipFactY: [3, 0, 'North', 'North', 0.0]", "id": 18}, {"type": "0", "fact": "RelationshipFactX: [3, 1, 'West', 'East', 3.0]", "id": 18}, {"type": "0", "fact": "RelationshipFactY: [3, 1, 'North', 'North', 0.0]", "id": 18}, {"type": "0", "fact": "RelationshipFactX: [3, 2, 'East', 'West', 0.0]", "id": 18}, {"type": "0", "fact": "RelationshipFactY: [3, 2, 'North', 'North', 0.0]", "id": 18}, {"type": "1", "fact": "EmptyFact: ", "id": 19}, {"type": "2", "fact": "EmptyFact: ", "id": 19}, {"type": "0", "fact": "VariableFact: ['up', False]", "id": 19}, {"type": "0", "fact": "VariableFact: ['down', False]", "id": 19}, {"type": "0", "fact": "VariableFact: ['left', False]", "id": 19}, {"type": "0", "fact": "VariableFact: ['upPrev', False]", "id": 19}, {"type": "0", "fact": "VariableFact: ['downPrev', False]", "id": 19}, {"type": "0", "fact": "VariableFact: ['leftPrev', False]", "id": 19}, {"type": "0", "fact": "VelocityXFact: [3, 0.0]", "id": 19}, {"type": "0", "fact": "VelocityYFact: [3, 0.0]", "id": 19}, {"type": "0", "fact": "PositionXFact: [3, 2.0]", "id": 19}, {"type": "0", "fact": "PositionYFact: [3, 3.0]", "id": 19}, {"type": "0", "fact": "VelocityXFact: [2, 0.0]", "id": 19}, {"type": "0", "fact": "VelocityYFact: [2, 0.0]", "id": 19}, {"type": "0", "fact": "PositionYFact: [2, 3.0]", "id": 19}, {"type": "0", "fact": "VelocityYFact: [1, 0.0]", "id": 19}, {"type": "0", "fact": "PositionYFact: [1, 3.0]", "id": 19}, {"type": "1", "fact": "EmptyFact: VelocityXFact: [0, 0]|VelocityYFact: [0, 0]|PositionYFact: [0, 3.0]|", "id": 20}, {"type": "2", "fact": "EmptyFact: ", "id": 20}, {"type": "0", "fact": "VariableFact: ['space', False]", "id": 20}, {"type": "0", "fact": "VariableFact: ['up', False]", "id": 20}, {"type": "0", "fact": "VariableFact: ['down', False]", "id": 20}, {"type": "0", "fact": "VariableFact: ['left', False]", "id": 20}, {"type": "0", "fact": "VariableFact: ['right', True]", "id": 20}, {"type": "0", "fact": "VariableFact: ['spacePrev', False]", "id": 20}, {"type": "0", "fact": "VariableFact: ['upPrev', False]", "id": 20}, {"type": "0", "fact": "VariableFact: ['downPrev', False]", "id": 20}, {"type": "0", "fact": "VariableFact: ['leftPrev', False]", "id": 20}, {"type": "0", "fact": "VelocityXFact: [2, 0.0]", "id": 20}, {"type": "0", "fact": "VelocityYFact: [2, 0.0]", "id": 20}, {"type": "0", "fact": "PositionXFact: [2, 2.0]", "id": 20}, {"type": "0", "fact": "PositionYFact: [2, 3.0]", "id": 20}, {"type": "0", "fact": "VelocityXFact: [0, 0]", "id": 20}, {"type": "0", "fact": "VelocityYFact: [0, 0]", "id": 20}, {"type": "0", "fact": "PositionYFact: [0, 3.0]", "id": 20}, {"type": "0", "fact": "VelocityYFact: [1, 0.0]", "id": 20}, {"type": "0", "fact": "PositionYFact: [1, 3.0]", "id": 20}, {"type": "1", "fact": "AnimationFact: [0, 'Gun', 2.0, 1.0]", "id": 21}, {"type": "2", "fact": "AnimationFact: [1, 'grassBlock', 1.0, 1.0]", "id": 21}, {"type": "0", "fact": "VelocityXFact: [0, 2.0]", "id": 21}, {"type": "0", "fact": "VelocityYFact: [0, 0.0]", "id": 21}, {"type": "0", "fact": "AnimationFact: [0, 'Gun', 2.0, 1.0]", "id": 21}, {"type": "0", "fact": "PositionXFact: [0, 6.0]", "id": 21}, {"type": "0", "fact": "PositionYFact: [0, 3.0]", "id": 21}, {"type": "0", "fact": "VelocityXFact: [1, 0.0]", "id": 21}, {"type": "0", "fact": "VelocityYFact: [1, 0.0]", "id": 21}, {"type": "0", "fact": "AnimationFact: [1, 'adventure lady', 2.0, 1.0]", "id": 21}, {"type": "0", "fact": "PositionXFact: [1, 2.0]", "id": 21}, {"type": "0", "fact": "PositionYFact: [1, 3.0]", "id": 21}, {"type": "0", "fact": "VariableFact: ['space', False]", "id": 21}, {"type": "0", "fact": "VariableFact: ['up', False]", "id": 21}, {"type": "0", "fact": "VariableFact: ['down', False]", "id": 21}, {"type": "0", "fact": "VariableFact: ['left', False]", "id": 21}, {"type": "0", "fact": "VariableFact: ['right', True]", "id": 21}, {"type": "0", "fact": "VariableFact: ['spacePrev', False]", "id": 21}, {"type": "0", "fact": "VariableFact: ['upPrev', False]", "id": 21}, {"type": "0", "fact": "VariableFact: ['downPrev', False]", "id": 21}, {"type": "0", "fact": "VariableFact: ['leftPrev', False]", "id": 21}, {"type": "0", "fact": "VariableFact: ['rightPrev', False]", "id": 21}, {"type": "0", "fact": "RelationshipFactX: [0, 1, 'West', 'East', 2.0]", "id": 21}, {"type": "0", "fact": "RelationshipFactY: [0, 1, 'North', 'North', 0.0]", "id": 21}, {"type": "0", "fact": "RelationshipFactX: [1, 0, 'East', 'West', -2.0]", "id": 21}, {"type": "0", "fact": "RelationshipFactY: [1, 0, 'North', 'North', 0.0]", "id": 21}, {"type": "1", "fact": "EmptyFact: VelocityXFact: [1, 2.0]|VelocityYFact: [1, 0.0]|AnimationFact: [1, 'grassBlock', 1.0, 1.0]|PositionXFact: [1, 11.0]|PositionYFact: [1, 3.0]|", "id": 22}, {"type": "2", "fact": "EmptyFact: ", "id": 22}, {"type": "0", "fact": "VelocityYFact: [0, 0.0]", "id": 22}, {"type": "0", "fact": "VelocityXFact: [0, 1.0]", "id": 22}, {"type": "0", "fact": "AnimationFact: [0, 'adventure lady', 2.0, 1.0]", "id": 22}, {"type": "0", "fact": "PositionXFact: [0, 2.0]", "id": 22}, {"type": "0", "fact": "PositionYFact: [0, 3.0]", "id": 22}, {"type": "0", "fact": "VelocityXFact: [1, 2.0]", "id": 22}, {"type": "0", "fact": "VelocityYFact: [1, 0.0]", "id": 22}, {"type": "0", "fact": "AnimationFact: [1, 'grassBlock', 1.0, 1.0]", "id": 22}, {"type": "0", "fact": "PositionXFact: [1, 11.0]", "id": 22}, {"type": "0", "fact": "PositionYFact: [1, 3.0]", "id": 22}, {"type": "0", "fact": "VariableFact: ['space', False]", "id": 22}, {"type": "0", "fact": "VariableFact: ['up', False]", "id": 22}, {"type": "0", "fact": "VariableFact: ['down', False]", "id": 22}, {"type": "0", "fact": "VariableFact: ['left', False]", "id": 22}, {"type": "0", "fact": "VariableFact: ['right', True]", "id": 22}, {"type": "0", "fact": "VariableFact: ['spacePrev', False]", "id": 22}, {"type": "0", "fact": "VariableFact: ['upPrev', False]", "id": 22}, {"type": "0", "fact": "VariableFact: ['downPrev', False]", "id": 22}, {"type": "0", "fact": "VariableFact: ['leftPrev', False]", "id": 22}, {"type": "0", "fact": "VariableFact: ['rightPrev', True]", "id": 22}, {"type": "0", "fact": "RelationshipFactX: [0, 1, 'East', 'West', -7.0]", "id": 22}, {"type": "0", "fact": "RelationshipFactY: [0, 1, 'North', 'North', 0.0]", "id": 22}, {"type": "0", "fact": "RelationshipFactX: [1, 0, 'West', 'East', 7.0]", "id": 22}, {"type": "0", "fact": "RelationshipFactY: [1, 0, 'North', 'North', 0.0]", "id": 22}, {"type": "1", "fact": "VelocityXFact: [0, 0]", "id": 23}, {"type": "2", "fact": "VelocityXFact: [0, 1.0]", "id": 23}, {"type": "0", "fact": "VariableFact: ['space', False]", "id": 23}, {"type": "0", "fact": "VariableFact: ['up', False]", "id": 23}, {"type": "0", "fact": "VariableFact: ['down', False]", "id": 23}, {"type": "0", "fact": "VariableFact: ['left', False]", "id": 23}, {"type": "0", "fact": "VariableFact: ['right', True]", "id": 23}, {"type": "0", "fact": "VariableFact: ['spacePrev', False]", "id": 23}, {"type": "0", "fact": "VariableFact: ['upPrev', False]", "id": 23}, {"type": "0", "fact": "VariableFact: ['downPrev', False]", "id": 23}, {"type": "0", "fact": "VariableFact: ['leftPrev', False]", "id": 23}, {"type": "0", "fact": "VelocityXFact: [0, 0]", "id": 23}, {"type": "0", "fact": "VelocityYFact: [0, 0]", "id": 23}, {"type": "0", "fact": "AnimationFact: [0, 'adventure lady', 2.0, 1.0]", "id": 23}, {"type": "0", "fact": "PositionXFact: [0, 2.0]", "id": 23}, {"type": "0", "fact": "PositionYFact: [0, 3.0]", "id": 23}, {"type": "1", "fact": "VelocityXFact: [0, 1.0]", "id": 24}, {"type": "2", "fact": "VelocityXFact: [3, -6.0]", "id": 24}, {"type": "0", "fact": "VelocityYFact: [0, 0.0]", "id": 24}, {"type": "0", "fact": "VelocityXFact: [0, 1.0]", "id": 24}, {"type": "0", "fact": "AnimationFact: [0, 'Zombie', 2.0, 2.0]", "id": 24}, {"type": "0", "fact": "PositionXFact: [0, 14.0]", "id": 24}, {"type": "0", "fact": "PositionYFact: [0, 3.0]", "id": 24}, {"type": "0", "fact": "VelocityXFact: [1, 0.0]", "id": 24}, {"type": "0", "fact": "VelocityYFact: [1, 0.0]", "id": 24}, {"type": "0", "fact": "AnimationFact: [1, 'Gun', 2.0, 1.0]", "id": 24}, {"type": "0", "fact": "PositionXFact: [1, 4.0]", "id": 24}, {"type": "0", "fact": "PositionYFact: [1, 3.0]", "id": 24}, {"type": "0", "fact": "VelocityXFact: [2, 0.0]", "id": 24}, {"type": "0", "fact": "VelocityYFact: [2, 0.0]", "id": 24}, {"type": "0", "fact": "AnimationFact: [2, 'white girl', 2.0, 2.0]", "id": 24}, {"type": "0", "fact": "PositionXFact: [2, 2.0]", "id": 24}, {"type": "0", "fact": "PositionYFact: [2, 3.0]", "id": 24}, {"type": "0", "fact": "VelocityXFact: [3, 0.0]", "id": 24}, {"type": "0", "fact": "VelocityYFact: [3, 0.0]", "id": 24}, {"type": "0", "fact": "AnimationFact: [3, 'Black Guy', 2.0, 2.0]", "id": 24}, {"type": "0", "fact": "PositionXFact: [3, 17.0]", "id": 24}, {"type": "0", "fact": "PositionYFact: [3, 3.0]", "id": 24}, {"type": "0", "fact": "VariableFact: ['space', False]", "id": 24}, {"type": "0", "fact": "VariableFact: ['up', False]", "id": 24}, {"type": "0", "fact": "VariableFact: ['down', False]", "id": 24}, {"type": "0", "fact": "VariableFact: ['left', False]", "id": 24}, {"type": "0", "fact": "VariableFact: ['right', False]", "id": 24}, {"type": "0", "fact": "VariableFact: ['spacePrev', False]", "id": 24}, {"type": "0", "fact": "VariableFact: ['upPrev', False]", "id": 24}, {"type": "0", "fact": "VariableFact: ['downPrev', False]", "id": 24}, {"type": "0", "fact": "VariableFact: ['leftPrev', False]", "id": 24}, {"type": "0", "fact": "VariableFact: ['rightPrev', False]", "id": 24}, {"type": "0", "fact": "RelationshipFactX: [0, 1, 'West', 'East', 8.0]", "id": 24}, {"type": "0", "fact": "RelationshipFactY: [0, 1, 'North', 'North', 0.0]", "id": 24}, {"type": "0", "fact": "RelationshipFactX: [0, 2, 'West', 'East', 10.0]", "id": 24}, {"type": "0", "fact": "RelationshipFactY: [0, 2, 'North', 'North', 0.0]", "id": 24}, {"type": "0", "fact": "RelationshipFactX: [0, 3, 'East', 'West', -1.0]", "id": 24}, {"type": "0", "fact": "RelationshipFactY: [0, 3, 'North', 'North', 0.0]", "id": 24}, {"type": "0", "fact": "RelationshipFactX: [1, 0, 'East', 'West', -8.0]", "id": 24}, {"type": "0", "fact": "RelationshipFactY: [1, 0, 'North', 'North', 0.0]", "id": 24}, {"type": "0", "fact": "RelationshipFactX: [1, 2, 'West', 'East', 0.0]", "id": 24}, {"type": "0", "fact": "RelationshipFactY: [1, 2, 'North', 'North', 0.0]", "id": 24}, {"type": "0", "fact": "RelationshipFactX: [1, 3, 'East', 'West', -11.0]", "id": 24}, {"type": "0", "fact": "RelationshipFactY: [1, 3, 'North', 'North', 0.0]", "id": 24}, {"type": "0", "fact": "RelationshipFactX: [2, 0, 'East', 'West', -10.0]", "id": 24}, {"type": "0", "fact": "RelationshipFactY: [2, 0, 'North', 'North', 0.0]", "id": 24}, {"type": "0", "fact": "RelationshipFactX: [2, 1, 'East', 'West', 0.0]", "id": 24}, {"type": "0", "fact": "RelationshipFactY: [2, 1, 'North', 'North', 0.0]", "id": 24}, {"type": "0", "fact": "RelationshipFactX: [2, 3, 'East', 'West', -13.0]", "id": 24}, {"type": "0", "fact": "RelationshipFactY: [2, 3, 'North', 'North', 0.0]", "id": 24}, {"type": "0", "fact": "RelationshipFactX: [3, 0, 'West', 'East', 1.0]", "id": 24}, {"type": "0", "fact": "RelationshipFactY: [3, 0, 'North', 'North', 0.0]", "id": 24}, {"type": "0", "fact": "RelationshipFactX: [3, 1, 'West', 'East', 11.0]", "id": 24}, {"type": "0", "fact": "RelationshipFactY: [3, 1, 'North', 'North', 0.0]", "id": 24}, {"type": "0", "fact": "RelationshipFactX: [3, 2, 'West', 'East', 13.0]", "id": 24}, {"type": "0", "fact": "RelationshipFactY: [3, 2, 'North', 'North', 0.0]", "id": 24}, {"type": "1", "fact": "VelocityXFact: [0, 0]", "id": 25}, {"type": "2", "fact": "VelocityXFact: [0, 1.0]", "id": 25}, {"type": "0", "fact": "VariableFact: ['space', False]", "id": 25}, {"type": "0", "fact": "VariableFact: ['up', False]", "id": 25}, {"type": "0", "fact": "VariableFact: ['down', False]", "id": 25}, {"type": "0", "fact": "VariableFact: ['left', False]", "id": 25}, {"type": "0", "fact": "VariableFact: ['spacePrev', False]", "id": 25}, {"type": "0", "fact": "VariableFact: ['upPrev', False]", "id": 25}, {"type": "0", "fact": "VariableFact: ['downPrev', False]", "id": 25}, {"type": "0", "fact": "VariableFact: ['leftPrev', False]", "id": 25}, {"type": "0", "fact": "VelocityXFact: [2, 0]", "id": 25}, {"type": "0", "fact": "VelocityYFact: [2, 0]", "id": 25}, {"type": "0", "fact": "PositionXFact: [2, 2.0]", "id": 25}, {"type": "0", "fact": "PositionYFact: [2, 3.0]", "id": 25}, {"type": "0", "fact": "VelocityXFact: [0, 0]", "id": 25}, {"type": "0", "fact": "VelocityYFact: [0, 0]", "id": 25}, {"type": "0", "fact": "PositionYFact: [0, 3.0]", "id": 25}, {"type": "0", "fact": "VelocityYFact: [1, 0.0]", "id": 25}, {"type": "0", "fact": "PositionYFact: [1, 3.0]", "id": 25}, {"type": "1", "fact": "VelocityXFact: [0, 0.0]", "id": 26}, {"type": "2", "fact": "VelocityXFact: [3, -6.0]", "id": 26}, {"type": "0", "fact": "VelocityYFact: [0, 0.0]", "id": 26}, {"type": "0", "fact": "VelocityXFact: [0, 0.0]", "id": 26}, {"type": "0", "fact": "AnimationFact: [0, 'Zombie', 2.0, 2.0]", "id": 26}, {"type": "0", "fact": "PositionXFact: [0, 14.0]", "id": 26}, {"type": "0", "fact": "PositionYFact: [0, 3.0]", "id": 26}, {"type": "0", "fact": "VelocityXFact: [1, 0.0]", "id": 26}, {"type": "0", "fact": "VelocityYFact: [1, 0.0]", "id": 26}, {"type": "0", "fact": "AnimationFact: [1, 'Gun', 2.0, 1.0]", "id": 26}, {"type": "0", "fact": "PositionXFact: [1, 4.0]", "id": 26}, {"type": "0", "fact": "PositionYFact: [1, 3.0]", "id": 26}, {"type": "0", "fact": "VelocityXFact: [2, 0.0]", "id": 26}, {"type": "0", "fact": "VelocityYFact: [2, 0.0]", "id": 26}, {"type": "0", "fact": "AnimationFact: [2, 'white girl', 2.0, 2.0]", "id": 26}, {"type": "0", "fact": "PositionXFact: [2, 2.0]", "id": 26}, {"type": "0", "fact": "PositionYFact: [2, 3.0]", "id": 26}, {"type": "0", "fact": "VelocityXFact: [3, 0.0]", "id": 26}, {"type": "0", "fact": "VelocityYFact: [3, 0.0]", "id": 26}, {"type": "0", "fact": "AnimationFact: [3, 'Black Guy', 2.0, 2.0]", "id": 26}, {"type": "0", "fact": "PositionXFact: [3, 17.0]", "id": 26}, {"type": "0", "fact": "PositionYFact: [3, 3.0]", "id": 26}, {"type": "0", "fact": "VariableFact: ['space', False]", "id": 26}, {"type": "0", "fact": "VariableFact: ['up', False]", "id": 26}, {"type": "0", "fact": "VariableFact: ['down', False]", "id": 26}, {"type": "0", "fact": "VariableFact: ['left', False]", "id": 26}, {"type": "0", "fact": "VariableFact: ['right', False]", "id": 26}, {"type": "0", "fact": "VariableFact: ['spacePrev', False]", "id": 26}, {"type": "0", "fact": "VariableFact: ['upPrev', False]", "id": 26}, {"type": "0", "fact": "VariableFact: ['downPrev', False]", "id": 26}, {"type": "0", "fact": "VariableFact: ['leftPrev', False]", "id": 26}, {"type": "0", "fact": "VariableFact: ['rightPrev', False]", "id": 26}, {"type": "0", "fact": "RelationshipFactX: [0, 1, 'West', 'East', 8.0]", "id": 26}, {"type": "0", "fact": "RelationshipFactY: [0, 1, 'North', 'North', 0.0]", "id": 26}, {"type": "0", "fact": "RelationshipFactX: [0, 2, 'West', 'East', 10.0]", "id": 26}, {"type": "0", "fact": "RelationshipFactY: [0, 2, 'North', 'North', 0.0]", "id": 26}, {"type": "0", "fact": "RelationshipFactX: [0, 3, 'East', 'West', -1.0]", "id": 26}, {"type": "0", "fact": "RelationshipFactY: [0, 3, 'North', 'North', 0.0]", "id": 26}, {"type": "0", "fact": "RelationshipFactX: [1, 0, 'East', 'West', -8.0]", "id": 26}, {"type": "0", "fact": "RelationshipFactY: [1, 0, 'North', 'North', 0.0]", "id": 26}, {"type": "0", "fact": "RelationshipFactX: [1, 2, 'West', 'East', 0.0]", "id": 26}, {"type": "0", "fact": "RelationshipFactY: [1, 2, 'North', 'North', 0.0]", "id": 26}, {"type": "0", "fact": "RelationshipFactX: [1, 3, 'East', 'West', -11.0]", "id": 26}, {"type": "0", "fact": "RelationshipFactY: [1, 3, 'North', 'North', 0.0]", "id": 26}, {"type": "0", "fact": "RelationshipFactX: [2, 0, 'East', 'West', -10.0]", "id": 26}, {"type": "0", "fact": "RelationshipFactY: [2, 0, 'North', 'North', 0.0]", "id": 26}, {"type": "0", "fact": "RelationshipFactX: [2, 1, 'East', 'West', 0.0]", "id": 26}, {"type": "0", "fact": "RelationshipFactY: [2, 1, 'North', 'North', 0.0]", "id": 26}, {"type": "0", "fact": "RelationshipFactX: [2, 3, 'East', 'West', -13.0]", "id": 26}, {"type": "0", "fact": "RelationshipFactY: [2, 3, 'North', 'North', 0.0]", "id": 26}, {"type": "0", "fact": "RelationshipFactX: [3, 0, 'West', 'East', 1.0]", "id": 26}, {"type": "0", "fact": "RelationshipFactY: [3, 0, 'North', 'North', 0.0]", "id": 26}, {"type": "0", "fact": "RelationshipFactX: [3, 1, 'West', 'East', 11.0]", "id": 26}, {"type": "0", "fact": "RelationshipFactY: [3, 1, 'North', 'North', 0.0]", "id": 26}, {"type": "0", "fact": "RelationshipFactX: [3, 2, 'West', 'East', 13.0]", "id": 26}, {"type": "0", "fact": "RelationshipFactY: [3, 2, 'North', 'North', 0.0]", "id": 26}, {"type": "1", "fact": "EmptyFact: VelocityXFact: [0, 1.0]|VelocityYFact: [0, 0.0]|PositionYFact: [0, 3.0]|", "id": 27}, {"type": "2", "fact": "EmptyFact: ", "id": 27}, {"type": "0", "fact": "VariableFact: ['space', False]", "id": 27}, {"type": "0", "fact": "VariableFact: ['up', False]", "id": 27}, {"type": "0", "fact": "VariableFact: ['down', False]", "id": 27}, {"type": "0", "fact": "VariableFact: ['left', False]", "id": 27}, {"type": "0", "fact": "VariableFact: ['spacePrev', False]", "id": 27}, {"type": "0", "fact": "VariableFact: ['upPrev', False]", "id": 27}, {"type": "0", "fact": "VariableFact: ['downPrev', False]", "id": 27}, {"type": "0", "fact": "VariableFact: ['leftPrev', False]", "id": 27}, {"type": "0", "fact": "VelocityXFact: [1, 0.0]", "id": 27}, {"type": "0", "fact": "VelocityYFact: [1, 0.0]", "id": 27}, {"type": "0", "fact": "PositionXFact: [1, 2.0]", "id": 27}, {"type": "0", "fact": "PositionYFact: [1, 3.0]", "id": 27}, {"type": "0", "fact": "VelocityXFact: [3, 0.0]", "id": 27}, {"type": "0", "fact": "VelocityYFact: [3, 0.0]", "id": 27}, {"type": "0", "fact": "PositionYFact: [3, 3.0]", "id": 27}, {"type": "0", "fact": "VelocityXFact: [0, 1.0]", "id": 27}, {"type": "0", "fact": "VelocityYFact: [0, 0.0]", "id": 27}, {"type": "0", "fact": "PositionYFact: [0, 3.0]", "id": 27}, {"type": "1", "fact": "AnimationFact: [1, 'Zombie', 2.0, 2.0]", "id": 28}, {"type": "2", "fact": "AnimationFact: [1, 'explosion', 2.0, 2.0]", "id": 28}, {"type": "0", "fact": "VelocityXFact: [0, 0.0]", "id": 28}, {"type": "0", "fact": "VelocityYFact: [0, 0.0]", "id": 28}, {"type": "0", "fact": "AnimationFact: [0, 'Black Guy', 2.0, 2.0]", "id": 28}, {"type": "0", "fact": "PositionXFact: [0, 11.0]", "id": 28}, {"type": "0", "fact": "PositionYFact: [0, 3.0]", "id": 28}, {"type": "0", "fact": "VelocityXFact: [1, 0.0]", "id": 28}, {"type": "0", "fact": "VelocityYFact: [1, 0.0]", "id": 28}, {"type": "0", "fact": "AnimationFact: [1, 'Zombie', 2.0, 2.0]", "id": 28}, {"type": "0", "fact": "PositionXFact: [1, 9.0]", "id": 28}, {"type": "0", "fact": "PositionYFact: [1, 3.0]", "id": 28}, {"type": "0", "fact": "VelocityXFact: [2, 0.0]", "id": 28}, {"type": "0", "fact": "VelocityYFact: [2, 0.0]", "id": 28}, {"type": "0", "fact": "AnimationFact: [2, 'Gun', 2.0, 1.0]", "id": 28}, {"type": "0", "fact": "PositionXFact: [2, 4.0]", "id": 28}, {"type": "0", "fact": "PositionYFact: [2, 3.0]", "id": 28}, {"type": "0", "fact": "VelocityXFact: [3, 0.0]", "id": 28}, {"type": "0", "fact": "VelocityYFact: [3, 0.0]", "id": 28}, {"type": "0", "fact": "AnimationFact: [3, 'white girl', 2.0, 2.0]", "id": 28}, {"type": "0", "fact": "PositionXFact: [3, 2.0]", "id": 28}, {"type": "0", "fact": "PositionYFact: [3, 3.0]", "id": 28}, {"type": "0", "fact": "VariableFact: ['space', False]", "id": 28}, {"type": "0", "fact": "VariableFact: ['up', False]", "id": 28}, {"type": "0", "fact": "VariableFact: ['down', False]", "id": 28}, {"type": "0", "fact": "VariableFact: ['left', False]", "id": 28}, {"type": "0", "fact": "VariableFact: ['right', False]", "id": 28}, {"type": "0", "fact": "VariableFact: ['spacePrev', False]", "id": 28}, {"type": "0", "fact": "VariableFact: ['upPrev', False]", "id": 28}, {"type": "0", "fact": "VariableFact: ['downPrev', False]", "id": 28}, {"type": "0", "fact": "VariableFact: ['leftPrev', False]", "id": 28}, {"type": "0", "fact": "VariableFact: ['rightPrev', False]", "id": 28}, {"type": "0", "fact": "RelationshipFactX: [0, 1, 'West', 'East', 0.0]", "id": 28}, {"type": "0", "fact": "RelationshipFactY: [0, 1, 'North', 'North', 0.0]", "id": 28}, {"type": "0", "fact": "RelationshipFactX: [0, 2, 'West', 'East', 5.0]", "id": 28}, {"type": "0", "fact": "RelationshipFactY: [0, 2, 'North', 'North', 0.0]", "id": 28}, {"type": "0", "fact": "RelationshipFactX: [0, 3, 'West', 'East', 7.0]", "id": 28}, {"type": "0", "fact": "RelationshipFactY: [0, 3, 'North', 'North', 0.0]", "id": 28}, {"type": "0", "fact": "RelationshipFactX: [1, 0, 'East', 'West', 0.0]", "id": 28}, {"type": "0", "fact": "RelationshipFactY: [1, 0, 'North', 'North', 0.0]", "id": 28}, {"type": "0", "fact": "RelationshipFactX: [1, 2, 'West', 'East', 3.0]", "id": 28}, {"type": "0", "fact": "RelationshipFactY: [1, 2, 'North', 'North', 0.0]", "id": 28}, {"type": "0", "fact": "RelationshipFactX: [1, 3, 'West', 'East', 5.0]", "id": 28}, {"type": "0", "fact": "RelationshipFactY: [1, 3, 'North', 'North', 0.0]", "id": 28}, {"type": "0", "fact": "RelationshipFactX: [2, 0, 'East', 'West', -5.0]", "id": 28}, {"type": "0", "fact": "RelationshipFactY: [2, 0, 'North', 'North', 0.0]", "id": 28}, {"type": "0", "fact": "RelationshipFactX: [2, 1, 'East', 'West', -3.0]", "id": 28}, {"type": "0", "fact": "RelationshipFactY: [2, 1, 'North', 'North', 0.0]", "id": 28}, {"type": "0", "fact": "RelationshipFactX: [2, 3, 'West', 'East', 0.0]", "id": 28}, {"type": "0", "fact": "RelationshipFactY: [2, 3, 'North', 'North', 0.0]", "id": 28}, {"type": "0", "fact": "RelationshipFactX: [3, 0, 'East', 'West', -7.0]", "id": 28}, {"type": "0", "fact": "RelationshipFactY: [3, 0, 'North', 'North', 0.0]", "id": 28}, {"type": "0", "fact": "RelationshipFactX: [3, 1, 'East', 'West', -5.0]", "id": 28}, {"type": "0", "fact": "RelationshipFactY: [3, 1, 'North', 'North', 0.0]", "id": 28}, {"type": "0", "fact": "RelationshipFactX: [3, 2, 'East', 'West', 0.0]", "id": 28}, {"type": "0", "fact": "RelationshipFactY: [3, 2, 'North', 'North', 0.0]", "id": 28}, {"type": "1", "fact": "EmptyFact: VelocityYFact: [0, 0.0]|PositionYFact: [0, 3.0]|", "id": 29}, {"type": "2", "fact": "EmptyFact: ", "id": 29}, {"type": "0", "fact": "VariableFact: ['space', False]", "id": 29}, {"type": "0", "fact": "VariableFact: ['up', False]", "id": 29}, {"type": "0", "fact": "VariableFact: ['down', False]", "id": 29}, {"type": "0", "fact": "VariableFact: ['left', False]", "id": 29}, {"type": "0", "fact": "VariableFact: ['right', True]", "id": 29}, {"type": "0", "fact": "VariableFact: ['spacePrev', False]", "id": 29}, {"type": "0", "fact": "VariableFact: ['upPrev', False]", "id": 29}, {"type": "0", "fact": "VariableFact: ['downPrev', False]", "id": 29}, {"type": "0", "fact": "VariableFact: ['leftPrev', False]", "id": 29}, {"type": "0", "fact": "VelocityXFact: [1, 0.0]", "id": 29}, {"type": "0", "fact": "VelocityYFact: [1, 0.0]", "id": 29}, {"type": "0", "fact": "PositionXFact: [1, 2.0]", "id": 29}, {"type": "0", "fact": "PositionYFact: [1, 3.0]", "id": 29}, {"type": "0", "fact": "VelocityYFact: [2, 0.0]", "id": 29}, {"type": "0", "fact": "VelocityXFact: [2, 1.0]", "id": 29}, {"type": "0", "fact": "PositionYFact: [2, 3.0]", "id": 29}, {"type": "0", "fact": "VelocityYFact: [0, 0.0]", "id": 29}, {"type": "0", "fact": "PositionYFact: [0, 3.0]", "id": 29}, {"type": "1", "fact": "AnimationFact: [0, 'white girl', 2.0, 2.0]", "id": 30}, {"type": "2", "fact": "AnimationFact: [0, 'adventure lady', 2.0, 1.0]", "id": 30}, {"type": "0", "fact": "VelocityXFact: [0, 0.0]", "id": 30}, {"type": "0", "fact": "VelocityYFact: [0, 0.0]", "id": 30}, {"type": "0", "fact": "AnimationFact: [0, 'white girl', 2.0, 2.0]", "id": 30}, {"type": "0", "fact": "PositionXFact: [0, 2.0]", "id": 30}, {"type": "0", "fact": "PositionYFact: [0, 3.0]", "id": 30}, {"type": "0", "fact": "VelocityYFact: [1, 0.0]", "id": 30}, {"type": "0", "fact": "VelocityXFact: [1, 1.0]", "id": 30}, {"type": "0", "fact": "AnimationFact: [1, 'Zombie', 2.0, 2.0]", "id": 30}, {"type": "0", "fact": "PositionXFact: [1, 9.0]", "id": 30}, {"type": "0", "fact": "PositionYFact: [1, 3.0]", "id": 30}, {"type": "0", "fact": "VariableFact: ['space', False]", "id": 30}, {"type": "0", "fact": "VariableFact: ['up', False]", "id": 30}, {"type": "0", "fact": "VariableFact: ['down', False]", "id": 30}, {"type": "0", "fact": "VariableFact: ['left', False]", "id": 30}, {"type": "0", "fact": "VariableFact: ['right', True]", "id": 30}, {"type": "0", "fact": "VariableFact: ['spacePrev', False]", "id": 30}, {"type": "0", "fact": "VariableFact: ['upPrev', False]", "id": 30}, {"type": "0", "fact": "VariableFact: ['downPrev', False]", "id": 30}, {"type": "0", "fact": "VariableFact: ['leftPrev', False]", "id": 30}, {"type": "0", "fact": "VariableFact: ['rightPrev', False]", "id": 30}, {"type": "0", "fact": "RelationshipFactX: [0, 1, 'East', 'West', -5.0]", "id": 30}, {"type": "0", "fact": "RelationshipFactY: [0, 1, 'North', 'North', 0.0]", "id": 30}, {"type": "0", "fact": "RelationshipFactX: [1, 0, 'West', 'East', 5.0]", "id": 30}, {"type": "0", "fact": "RelationshipFactY: [1, 0, 'North', 'North', 0.0]", "id": 30}, {"type": "1", "fact": "VelocityXFact: [1, 1.0]", "id": 31}, {"type": "2", "fact": "VelocityXFact: [1, 0.0]", "id": 31}, {"type": "0", "fact": "VelocityYFact: [0, 0.0]", "id": 31}, {"type": "0", "fact": "VelocityXFact: [0, 1.0]", "id": 31}, {"type": "0", "fact": "AnimationFact: [0, 'adventure lady', 2.0, 1.0]", "id": 31}, {"type": "0", "fact": "PositionXFact: [0, 2.0]", "id": 31}, {"type": "0", "fact": "PositionYFact: [0, 3.0]", "id": 31}, {"type": "0", "fact": "VelocityXFact: [1, 1.0]", "id": 31}, {"type": "0", "fact": "VelocityYFact: [1, 0.0]", "id": 31}, {"type": "0", "fact": "AnimationFact: [1, 'grassBlock', 1.0, 1.0]", "id": 31}, {"type": "0", "fact": "PositionXFact: [1, 10.0]", "id": 31}, {"type": "0", "fact": "PositionYFact: [1, 3.0]", "id": 31}, {"type": "0", "fact": "VariableFact: ['space', False]", "id": 31}, {"type": "0", "fact": "VariableFact: ['up', False]", "id": 31}, {"type": "0", "fact": "VariableFact: ['down', False]", "id": 31}, {"type": "0", "fact": "VariableFact: ['left', False]", "id": 31}, {"type": "0", "fact": "VariableFact: ['right', True]", "id": 31}, {"type": "0", "fact": "VariableFact: ['spacePrev', False]", "id": 31}, {"type": "0", "fact": "VariableFact: ['upPrev', False]", "id": 31}, {"type": "0", "fact": "VariableFact: ['downPrev', False]", "id": 31}, {"type": "0", "fact": "VariableFact: ['leftPrev', False]", "id": 31}, {"type": "0", "fact": "VariableFact: ['rightPrev', True]", "id": 31}, {"type": "0", "fact": "RelationshipFactX: [0, 1, 'East', 'West', -6.0]", "id": 31}, {"type": "0", "fact": "RelationshipFactY: [0, 1, 'North', 'North', 0.0]", "id": 31}, {"type": "0", "fact": "RelationshipFactX: [1, 0, 'West', 'East', 6.0]", "id": 31}, {"type": "0", "fact": "RelationshipFactY: [1, 0, 'North', 'North', 0.0]", "id": 31}, {"type": "1", "fact": "VelocityXFact: [1, 1.0]", "id": 32}, {"type": "2", "fact": "VelocityXFact: [0, 0.0]", "id": 32}, {"type": "0", "fact": "VariableFact: ['space', False]", "id": 32}, {"type": "0", "fact": "VariableFact: ['left', False]", "id": 32}, {"type": "0", "fact": "VariableFact: ['right', False]", "id": 32}, {"type": "0", "fact": "VariableFact: ['spacePrev', False]", "id": 32}, {"type": "0", "fact": "VariableFact: ['leftPrev', False]", "id": 32}, {"type": "0", "fact": "VariableFact: ['rightPrev', False]", "id": 32}, {"type": "0", "fact": "VelocityXFact: [0, 0.0]", "id": 32}, {"type": "0", "fact": "VelocityYFact: [0, 0.0]", "id": 32}, {"type": "0", "fact": "AnimationFact: [0, 'grassBlock', 1.0, 1.0]", "id": 32}, {"type": "0", "fact": "PositionXFact: [0, 10.0]", "id": 32}, {"type": "0", "fact": "PositionYFact: [0, 3.0]", "id": 32}, {"type": "0", "fact": "VelocityXFact: [1, 1.0]", "id": 32}, {"type": "0", "fact": "AnimationFact: [1, 'adventure lady', 2.0, 1.0]", "id": 32}, {"type": "1", "fact": "VelocityYFact: [1, 0.0]", "id": 33}, {"type": "2", "fact": "VelocityYFact: [0, 1.0]", "id": 33}, {"type": "0", "fact": "VelocityXFact: [0, 0.0]", "id": 33}, {"type": "0", "fact": "VelocityYFact: [0, 0.0]", "id": 33}, {"type": "0", "fact": "AnimationFact: [0, 'grassBlock', 1.0, 1.0]", "id": 33}, {"type": "0", "fact": "PositionXFact: [0, 10.0]", "id": 33}, {"type": "0", "fact": "PositionYFact: [0, 3.0]", "id": 33}, {"type": "0", "fact": "VelocityYFact: [1, 0.0]", "id": 33}, {"type": "0", "fact": "VelocityXFact: [1, 0.0]", "id": 33}, {"type": "0", "fact": "AnimationFact: [1, 'adventure lady', 2.0, 1.0]", "id": 33}, {"type": "0", "fact": "PositionXFact: [1, 12.0]", "id": 33}, {"type": "0", "fact": "PositionYFact: [1, 1.0]", "id": 33}, {"type": "0", "fact": "VariableFact: ['space', False]", "id": 33}, {"type": "0", "fact": "VariableFact: ['up', True]", "id": 33}, {"type": "0", "fact": "VariableFact: ['down', False]", "id": 33}, {"type": "0", "fact": "VariableFact: ['left', False]", "id": 33}, {"type": "0", "fact": "VariableFact: ['right', False]", "id": 33}, {"type": "0", "fact": "VariableFact: ['spacePrev', False]", "id": 33}, {"type": "0", "fact": "VariableFact: ['upPrev', True]", "id": 33}, {"type": "0", "fact": "VariableFact: ['downPrev', False]", "id": 33}, {"type": "0", "fact": "VariableFact: ['leftPrev', False]", "id": 33}, {"type": "0", "fact": "VariableFact: ['rightPrev', False]", "id": 33}, {"type": "0", "fact": "RelationshipFactX: [0, 1, 'East', 'West', -1.0]", "id": 33}, {"type": "0", "fact": "RelationshipFactY: [0, 1, 'North', 'South', 1.0]", "id": 33}, {"type": "0", "fact": "RelationshipFactX: [1, 0, 'West', 'East', 1.0]", "id": 33}, {"type": "0", "fact": "RelationshipFactY: [1, 0, 'South', 'North', -1.0]", "id": 33}, {"type": "1", "fact": "VelocityYFact: [0, 1.0]", "id": 34}, {"type": "2", "fact": "VelocityYFact: [0, 0.0]", "id": 34}, {"type": "0", "fact": "VariableFact: ['space', False]", "id": 34}, {"type": "0", "fact": "VariableFact: ['up', False]", "id": 34}, {"type": "0", "fact": "VariableFact: ['down', False]", "id": 34}, {"type": "0", "fact": "VariableFact: ['left', False]", "id": 34}, {"type": "0", "fact": "VariableFact: ['right', True]", "id": 34}, {"type": "0", "fact": "VariableFact: ['spacePrev', False]", "id": 34}, {"type": "0", "fact": "VariableFact: ['upPrev', False]", "id": 34}, {"type": "0", "fact": "VariableFact: ['downPrev', False]", "id": 34}, {"type": "0", "fact": "VariableFact: ['leftPrev', False]", "id": 34}, {"type": "0", "fact": "VelocityXFact: [1, 0.0]", "id": 34}, {"type": "0", "fact": "VelocityYFact: [1, 0.0]", "id": 34}, {"type": "0", "fact": "AnimationFact: [1, 'grassBlock', 1.0, 1.0]", "id": 34}, {"type": "0", "fact": "PositionXFact: [1, 10.0]", "id": 34}, {"type": "0", "fact": "PositionYFact: [1, 3.0]", "id": 34}, {"type": "0", "fact": "VelocityYFact: [0, 1.0]", "id": 34}, {"type": "0", "fact": "VelocityXFact: [0, 1.0]", "id": 34}, {"type": "0", "fact": "AnimationFact: [0, 'adventure lady', 2.0, 1.0]", "id": 34}, {"type": "0", "fact": "PositionXFact: [0, 12.0]", "id": 34}]