[{"type": "1", "fact": "VelocityYFact: [0, 0]", "id": 0}, {"type": "2", "fact": "VelocityYFact: [0, 1.0]", "id": 0}, {"type": "0", "fact": "VariableFact: ['space', True]", "id": 0}, {"type": "0", "fact": "VariableFact: ['up', False]", "id": 0}, {"type": "0", "fact": "VariableFact: ['down', False]", "id": 0}, {"type": "0", "fact": "VariableFact: ['left', False]", "id": 0}, {"type": "0", "fact": "VariableFact: ['right', False]", "id": 0}, {"type": "0", "fact": "VariableFact: ['upPrev', False]", "id": 0}, {"type": "0", "fact": "VariableFact: ['downPrev', False]", "id": 0}, {"type": "0", "fact": "VariableFact: ['leftPrev', False]", "id": 0}, {"type": "0", "fact": "VariableFact: ['rightPrev', False]", "id": 0}, {"type": "0", "fact": "VelocityXFact: [0, 0]", "id": 0}, {"type": "0", "fact": "VelocityYFact: [0, 0]", "id": 0}, {"type": "0", "fact": "AnimationFact: [0, 'truck', 2.0, 1.0]", "id": 0}, {"type": "0", "fact": "PositionXFact: [0, 2.0]", "id": 0}, {"type": "0", "fact": "VelocityYFact: [1, 0]", "id": 0}, {"type": "0", "fact": "AnimationFact: [1, 'chicken', 1.0, 1.0]", "id": 0}, {"type": "1", "fact": "VelocityXFact: [1, 0]", "id": 1}, {"type": "2", "fact": "VelocityXFact: [1, -1.0]", "id": 1}, {"type": "0", "fact": "VelocityXFact: [0, 0]", "id": 1}, {"type": "0", "fact": "VelocityYFact: [0, 1.0]", "id": 1}, {"type": "0", "fact": "AnimationFact: [0, 'truck', 2.0, 1.0]", "id": 1}, {"type": "0", "fact": "PositionXFact: [0, 2.0]", "id": 1}, {"type": "0", "fact": "PositionYFact: [0, 1.0]", "id": 1}, {"type": "0", "fact": "VelocityXFact: [1, 0]", "id": 1}, {"type": "0", "fact": "VelocityYFact: [1, 0]", "id": 1}, {"type": "0", "fact": "AnimationFact: [1, 'chicken', 1.0, 1.0]", "id": 1}, {"type": "0", "fact": "PositionXFact: [1, 6.0]", "id": 1}, {"type": "0", "fact": "PositionYFact: [1, 1.0]", "id": 1}, {"type": "0", "fact": "VariableFact: ['space', True]", "id": 1}, {"type": "0", "fact": "VariableFact: ['up', False]", "id": 1}, {"type": "0", "fact": "VariableFact: ['down', False]", "id": 1}, {"type": "0", "fact": "VariableFact: ['left', False]", "id": 1}, {"type": "0", "fact": "VariableFact: ['right', False]", "id": 1}, {"type": "0", "fact": "VariableFact: ['spacePrev', False]", "id": 1}, {"type": "0", "fact": "VariableFact: ['upPrev', False]", "id": 1}, {"type": "0", "fact": "VariableFact: ['downPrev', False]", "id": 1}, {"type": "0", "fact": "VariableFact: ['leftPrev', False]", "id": 1}, {"type": "0", "fact": "VariableFact: ['rightPrev', False]", "id": 1}, {"type": "0", "fact": "RelationshipFactX: [0, 1, 'East', 'West', -2.0]", "id": 1}, {"type": "0", "fact": "RelationshipFactY: [0, 1, 'North', 'North', 0.0]", "id": 1}, {"type": "0", "fact": "RelationshipFactX: [1, 0, 'West', 'East', 2.0]", "id": 1}, {"type": "0", "fact": "RelationshipFactY: [1, 0, 'North', 'North', 0.0]", "id": 1}, {"type": "1", "fact": "VelocityYFact: [0, 1.0]", "id": 2}, {"type": "2", "fact": "VelocityYFact: [0, 0.0]", "id": 2}, {"type": "0", "fact": "VariableFact: ['space', False]", "id": 2}, {"type": "0", "fact": "VariableFact: ['up', False]", "id": 2}, {"type": "0", "fact": "VariableFact: ['down', False]", "id": 2}, {"type": "0", "fact": "VariableFact: ['left', False]", "id": 2}, {"type": "0", "fact": "VariableFact: ['right', False]", "id": 2}, {"type": "0", "fact": "VariableFact: ['spacePrev', False]", "id": 2}, {"type": "0", "fact": "VariableFact: ['upPrev', False]", "id": 2}, {"type": "0", "fact": "VariableFact: ['downPrev', False]", "id": 2}, {"type": "0", "fact": "VariableFact: ['leftPrev', False]", "id": 2}, {"type": "0", "fact": "VariableFact: ['rightPrev', False]", "id": 2}, {"type": "0", "fact": "VelocityXFact: [0, 0]", "id": 2}, {"type": "0", "fact": "VelocityYFact: [0, 1.0]", "id": 2}, {"type": "0", "fact": "AnimationFact: [0, 'truck', 2.0, 1.0]", "id": 2}, {"type": "0", "fact": "PositionXFact: [0, 2.0]", "id": 2}, {"type": "0", "fact": "VelocityYFact: [1, 0]", "id": 2}, {"type": "0", "fact": "VelocityXFact: [1, -1.0]", "id": 2}, {"type": "0", "fact": "AnimationFact: [1, 'chicken', 1.0, 1.0]", "id": 2}, {"type": "1", "fact": "VelocityYFact: [1, 0]", "id": 3}, {"type": "2", "fact": "VelocityYFact: [1, 2.0]", "id": 3}, {"type": "0", "fact": "VelocityXFact: [0, 0]", "id": 3}, {"type": "0", "fact": "VelocityYFact: [0, 0.0]", "id": 3}, {"type": "0", "fact": "AnimationFact: [0, 'truck', 2.0, 1.0]", "id": 3}, {"type": "0", "fact": "PositionXFact: [0, 2.0]", "id": 3}, {"type": "0", "fact": "PositionYFact: [0, 3.0]", "id": 3}, {"type": "0", "fact": "VelocityYFact: [1, 0]", "id": 3}, {"type": "0", "fact": "VelocityXFact: [1, -1.0]", "id": 3}, {"type": "0", "fact": "AnimationFact: [1, 'chicken', 1.0, 1.0]", "id": 3}, {"type": "0", "fact": "PositionXFact: [1, 0.0]", "id": 3}, {"type": "0", "fact": "PositionYFact: [1, 1.0]", "id": 3}, {"type": "0", "fact": "VariableFact: ['space', False]", "id": 3}, {"type": "0", "fact": "VariableFact: ['up', False]", "id": 3}, {"type": "0", "fact": "VariableFact: ['down', False]", "id": 3}, {"type": "0", "fact": "VariableFact: ['left', False]", "id": 3}, {"type": "0", "fact": "VariableFact: ['right', False]", "id": 3}, {"type": "0", "fact": "VariableFact: ['spacePrev', False]", "id": 3}, {"type": "0", "fact": "VariableFact: ['upPrev', False]", "id": 3}, {"type": "0", "fact": "VariableFact: ['downPrev', False]", "id": 3}, {"type": "0", "fact": "VariableFact: ['leftPrev', False]", "id": 3}, {"type": "0", "fact": "VariableFact: ['rightPrev', False]", "id": 3}, {"type": "0", "fact": "RelationshipFactX: [0, 1, 'West', 'East', 1.0]", "id": 3}, {"type": "0", "fact": "RelationshipFactY: [0, 1, 'North', 'South', 1.0]", "id": 3}, {"type": "0", "fact": "RelationshipFactX: [1, 0, 'East', 'West', -1.0]", "id": 3}, {"type": "0", "fact": "RelationshipFactY: [1, 0, 'South', 'North', -1.0]", "id": 3}, {"type": "1", "fact": "VelocityXFact: [1, -1.0]", "id": 4}, {"type": "2", "fact": "VelocityXFact: [1, 21.0]", "id": 4}, {"type": "0", "fact": "VariableFact: ['space', False]", "id": 4}, {"type": "0", "fact": "VariableFact: ['up', False]", "id": 4}, {"type": "0", "fact": "VariableFact: ['down', False]", "id": 4}, {"type": "0", "fact": "VariableFact: ['left', False]", "id": 4}, {"type": "0", "fact": "VariableFact: ['right', False]", "id": 4}, {"type": "0", "fact": "VariableFact: ['spacePrev', False]", "id": 4}, {"type": "0", "fact": "VariableFact: ['upPrev', False]", "id": 4}, {"type": "0", "fact": "VariableFact: ['downPrev', False]", "id": 4}, {"type": "0", "fact": "VariableFact: ['leftPrev', False]", "id": 4}, {"type": "0", "fact": "VariableFact: ['rightPrev', False]", "id": 4}, {"type": "0", "fact": "VelocityXFact: [0, 0]", "id": 4}, {"type": "0", "fact": "VelocityYFact: [0, 0.0]", "id": 4}, {"type": "0", "fact": "AnimationFact: [0, 'truck', 2.0, 1.0]", "id": 4}, {"type": "0", "fact": "PositionXFact: [0, 2.0]", "id": 4}, {"type": "0", "fact": "VelocityXFact: [1, -1.0]", "id": 4}, {"type": "0", "fact": "AnimationFact: [1, 'chicken', 1.0, 1.0]", "id": 4}, {"type": "0", "fact": "PositionXFact: [1, 0.0]", "id": 4}, {"type": "1", "fact": "VelocityYFact: [1, 2.0]", "id": 5}, {"type": "2", "fact": "VelocityYFact: [0, 0.0]", "id": 5}, {"type": "0", "fact": "VelocityXFact: [0, 0]", "id": 5}, {"type": "0", "fact": "VelocityYFact: [0, 0.0]", "id": 5}, {"type": "0", "fact": "AnimationFact: [0, 'truck', 2.0, 1.0]", "id": 5}, {"type": "0", "fact": "PositionXFact: [0, 2.0]", "id": 5}, {"type": "0", "fact": "PositionYFact: [0, 3.0]", "id": 5}, {"type": "0", "fact": "VelocityYFact: [1, 2.0]", "id": 5}, {"type": "0", "fact": "VelocityXFact: [1, 21.0]", "id": 5}, {"type": "0", "fact": "AnimationFact: [1, 'chicken', 1.0, 1.0]", "id": 5}, {"type": "0", "fact": "PositionXFact: [1, 21.0]", "id": 5}, {"type": "0", "fact": "PositionYFact: [1, 3.0]", "id": 5}, {"type": "0", "fact": "VariableFact: ['space', False]", "id": 5}, {"type": "0", "fact": "VariableFact: ['up', False]", "id": 5}, {"type": "0", "fact": "VariableFact: ['down', False]", "id": 5}, {"type": "0", "fact": "VariableFact: ['left', False]", "id": 5}, {"type": "0", "fact": "VariableFact: ['right', False]", "id": 5}, {"type": "0", "fact": "VariableFact: ['spacePrev', False]", "id": 5}, {"type": "0", "fact": "VariableFact: ['upPrev', False]", "id": 5}, {"type": "0", "fact": "VariableFact: ['downPrev', False]", "id": 5}, {"type": "0", "fact": "VariableFact: ['leftPrev', False]", "id": 5}, {"type": "0", "fact": "VariableFact: ['rightPrev', False]", "id": 5}, {"type": "0", "fact": "RelationshipFactX: [0, 1, 'East', 'West', -17.0]", "id": 5}, {"type": "0", "fact": "RelationshipFactY: [0, 1, 'North', 'North', 0.0]", "id": 5}, {"type": "0", "fact": "RelationshipFactX: [1, 0, 'West', 'East', 17.0]", "id": 5}, {"type": "0", "fact": "RelationshipFactY: [1, 0, 'North', 'North', 0.0]", "id": 5}, {"type": "1", "fact": "VelocityXFact: [1, 21.0]", "id": 6}, {"type": "2", "fact": "VelocityXFact: [0, -1.0]", "id": 6}, {"type": "0", "fact": "VariableFact: ['space', False]", "id": 6}, {"type": "0", "fact": "VariableFact: ['up', False]", "id": 6}, {"type": "0", "fact": "VariableFact: ['down', False]", "id": 6}, {"type": "0", "fact": "VariableFact: ['left', False]", "id": 6}, {"type": "0", "fact": "VariableFact: ['right', False]", "id": 6}, {"type": "0", "fact": "VariableFact: ['spacePrev', False]", "id": 6}, {"type": "0", "fact": "VariableFact: ['upPrev', False]", "id": 6}, {"type": "0", "fact": "VariableFact: ['downPrev', False]", "id": 6}, {"type": "0", "fact": "VariableFact: ['leftPrev', False]", "id": 6}, {"type": "0", "fact": "VariableFact: ['rightPrev', False]", "id": 6}, {"type": "0", "fact": "VelocityXFact: [0, 0]", "id": 6}, {"type": "0", "fact": "VelocityYFact: [0, 0.0]", "id": 6}, {"type": "0", "fact": "AnimationFact: [0, 'truck', 2.0, 1.0]", "id": 6}, {"type": "0", "fact": "PositionXFact: [0, 2.0]", "id": 6}, {"type": "0", "fact": "VelocityXFact: [1, 21.0]", "id": 6}, {"type": "0", "fact": "AnimationFact: [1, 'chicken', 1.0, 1.0]", "id": 6}, {"type": "0", "fact": "PositionXFact: [1, 21.0]", "id": 6}, {"type": "1", "fact": "VelocityYFact: [1, 0.0]", "id": 7}, {"type": "2", "fact": "VelocityYFact: [1, 3.0]", "id": 7}, {"type": "0", "fact": "VelocityXFact: [0, 0]", "id": 7}, {"type": "0", "fact": "VelocityYFact: [0, 0.0]", "id": 7}, {"type": "0", "fact": "AnimationFact: [0, 'truck', 2.0, 1.0]", "id": 7}, {"type": "0", "fact": "PositionXFact: [0, 2.0]", "id": 7}, {"type": "0", "fact": "PositionYFact: [0, 5.0]", "id": 7}, {"type": "0", "fact": "VelocityYFact: [1, 0.0]", "id": 7}, {"type": "0", "fact": "VelocityXFact: [1, 21.0]", "id": 7}, {"type": "0", "fact": "AnimationFact: [1, 'chicken', 1.0, 1.0]", "id": 7}, {"type": "0", "fact": "PositionXFact: [1, 0.0]", "id": 7}, {"type": "0", "fact": "PositionYFact: [1, 3.0]", "id": 7}, {"type": "0", "fact": "VariableFact: ['space', False]", "id": 7}, {"type": "0", "fact": "VariableFact: ['up', False]", "id": 7}, {"type": "0", "fact": "VariableFact: ['down', False]", "id": 7}, {"type": "0", "fact": "VariableFact: ['left', False]", "id": 7}, {"type": "0", "fact": "VariableFact: ['right', False]", "id": 7}, {"type": "0", "fact": "VariableFact: ['spacePrev', False]", "id": 7}, {"type": "0", "fact": "VariableFact: ['upPrev', False]", "id": 7}, {"type": "0", "fact": "VariableFact: ['downPrev', False]", "id": 7}, {"type": "0", "fact": "VariableFact: ['leftPrev', False]", "id": 7}, {"type": "0", "fact": "VariableFact: ['rightPrev', False]", "id": 7}, {"type": "0", "fact": "RelationshipFactX: [0, 1, 'West', 'East', 1.0]", "id": 7}, {"type": "0", "fact": "RelationshipFactY: [0, 1, 'North', 'South', 1.0]", "id": 7}, {"type": "0", "fact": "RelationshipFactX: [1, 0, 'East', 'West', -1.0]", "id": 7}, {"type": "0", "fact": "RelationshipFactY: [1, 0, 'South', 'North', -1.0]", "id": 7}, {"type": "1", "fact": "VelocityYFact: [1, 3.0]", "id": 8}, {"type": "2", "fact": "VelocityYFact: [0, 0.0]", "id": 8}, {"type": "0", "fact": "VelocityXFact: [0, 0]", "id": 8}, {"type": "0", "fact": "VelocityYFact: [0, 0.0]", "id": 8}, {"type": "0", "fact": "AnimationFact: [0, 'truck', 2.0, 1.0]", "id": 8}, {"type": "0", "fact": "PositionXFact: [0, 2.0]", "id": 8}, {"type": "0", "fact": "PositionYFact: [0, 5.0]", "id": 8}, {"type": "0", "fact": "VelocityYFact: [1, 3.0]", "id": 8}, {"type": "0", "fact": "VelocityXFact: [1, -1.0]", "id": 8}, {"type": "0", "fact": "AnimationFact: [1, 'chicken', 1.0, 1.0]", "id": 8}, {"type": "0", "fact": "PositionXFact: [1, 21.0]", "id": 8}, {"type": "0", "fact": "PositionYFact: [1, 6.0]", "id": 8}, {"type": "0", "fact": "VariableFact: ['space', False]", "id": 8}, {"type": "0", "fact": "VariableFact: ['up', False]", "id": 8}, {"type": "0", "fact": "VariableFact: ['down', False]", "id": 8}, {"type": "0", "fact": "VariableFact: ['left', False]", "id": 8}, {"type": "0", "fact": "VariableFact: ['right', False]", "id": 8}, {"type": "0", "fact": "VariableFact: ['spacePrev', False]", "id": 8}, {"type": "0", "fact": "VariableFact: ['upPrev', False]", "id": 8}, {"type": "0", "fact": "VariableFact: ['downPrev', False]", "id": 8}, {"type": "0", "fact": "VariableFact: ['leftPrev', False]", "id": 8}, {"type": "0", "fact": "VariableFact: ['rightPrev', False]", "id": 8}, {"type": "0", "fact": "RelationshipFactX: [0, 1, 'East', 'West', -17.0]", "id": 8}, {"type": "0", "fact": "RelationshipFactY: [0, 1, 'South', 'North', 0.0]", "id": 8}, {"type": "0", "fact": "RelationshipFactX: [1, 0, 'West', 'East', 17.0]", "id": 8}, {"type": "0", "fact": "RelationshipFactY: [1, 0, 'North', 'South', 0.0]", "id": 8}, {"type": "1", "fact": "VelocityYFact: [0, 0.0]", "id": 9}, {"type": "2", "fact": "VelocityYFact: [0, -1.0]", "id": 9}, {"type": "0", "fact": "VelocityXFact: [0, 0]", "id": 9}, {"type": "0", "fact": "VelocityYFact: [0, 0.0]", "id": 9}, {"type": "0", "fact": "AnimationFact: [0, 'truck', 2.0, 1.0]", "id": 9}, {"type": "0", "fact": "PositionXFact: [0, 2.0]", "id": 9}, {"type": "0", "fact": "PositionYFact: [0, 5.0]", "id": 9}, {"type": "0", "fact": "VelocityXFact: [1, -1.0]", "id": 9}, {"type": "0", "fact": "VelocityYFact: [1, 0.0]", "id": 9}, {"type": "0", "fact": "AnimationFact: [1, 'chicken', 1.0, 1.0]", "id": 9}, {"type": "0", "fact": "PositionXFact: [1, 19.0]", "id": 9}, {"type": "0", "fact": "PositionYFact: [1, 6.0]", "id": 9}, {"type": "0", "fact": "VariableFact: ['space', False]", "id": 9}, {"type": "0", "fact": "VariableFact: ['up', False]", "id": 9}, {"type": "0", "fact": "VariableFact: ['down', True]", "id": 9}, {"type": "0", "fact": "VariableFact: ['left', False]", "id": 9}, {"type": "0", "fact": "VariableFact: ['right', False]", "id": 9}, {"type": "0", "fact": "VariableFact: ['spacePrev', False]", "id": 9}, {"type": "0", "fact": "VariableFact: ['upPrev', False]", "id": 9}, {"type": "0", "fact": "VariableFact: ['downPrev', False]", "id": 9}, {"type": "0", "fact": "VariableFact: ['leftPrev', False]", "id": 9}, {"type": "0", "fact": "VariableFact: ['rightPrev', False]", "id": 9}, {"type": "0", "fact": "RelationshipFactX: [0, 1, 'East', 'West', -15.0]", "id": 9}, {"type": "0", "fact": "RelationshipFactY: [0, 1, 'South', 'North', 0.0]", "id": 9}, {"type": "0", "fact": "RelationshipFactX: [1, 0, 'West', 'East', 15.0]", "id": 9}, {"type": "0", "fact": "RelationshipFactY: [1, 0, 'North', 'South', 0.0]", "id": 9}, {"type": "1", "fact": "VelocityYFact: [0, -1.0]", "id": 10}, {"type": "2", "fact": "VelocityYFact: [0, 0.0]", "id": 10}, {"type": "0", "fact": "VelocityXFact: [0, 0]", "id": 10}, {"type": "0", "fact": "VelocityYFact: [0, -1.0]", "id": 10}, {"type": "0", "fact": "AnimationFact: [0, 'truck', 2.0, 1.0]", "id": 10}, {"type": "0", "fact": "PositionXFact: [0, 2.0]", "id": 10}, {"type": "0", "fact": "PositionYFact: [0, 3.0]", "id": 10}, {"type": "0", "fact": "VelocityXFact: [1, -1.0]", "id": 10}, {"type": "0", "fact": "VelocityYFact: [1, 0.0]", "id": 10}, {"type": "0", "fact": "AnimationFact: [1, 'chicken', 1.0, 1.0]", "id": 10}, {"type": "0", "fact": "PositionXFact: [1, 17.0]", "id": 10}, {"type": "0", "fact": "PositionYFact: [1, 6.0]", "id": 10}, {"type": "0", "fact": "VariableFact: ['space', False]", "id": 10}, {"type": "0", "fact": "VariableFact: ['up', False]", "id": 10}, {"type": "0", "fact": "VariableFact: ['down', False]", "id": 10}, {"type": "0", "fact": "VariableFact: ['left', False]", "id": 10}, {"type": "0", "fact": "VariableFact: ['right', False]", "id": 10}, {"type": "0", "fact": "VariableFact: ['spacePrev', False]", "id": 10}, {"type": "0", "fact": "VariableFact: ['upPrev', False]", "id": 10}, {"type": "0", "fact": "VariableFact: ['downPrev', False]", "id": 10}, {"type": "0", "fact": "VariableFact: ['leftPrev', False]", "id": 10}, {"type": "0", "fact": "VariableFact: ['rightPrev', False]", "id": 10}, {"type": "0", "fact": "RelationshipFactX: [0, 1, 'East', 'West', -13.0]", "id": 10}, {"type": "0", "fact": "RelationshipFactY: [0, 1, 'South', 'North', -2.0]", "id": 10}, {"type": "0", "fact": "RelationshipFactX: [1, 0, 'West', 'East', 13.0]", "id": 10}, {"type": "0", "fact": "RelationshipFactY: [1, 0, 'North', 'South', 2.0]", "id": 10}]