[{"type": "1", "fact": "VelocityXFact: [1, 0]", "id": 0}, {"type": "2", "fact": "VelocityXFact: [1, 1.0]", "id": 0}, {"type": "0", "fact": "VelocityXFact: [0, 0]", "id": 0}, {"type": "0", "fact": "VelocityYFact: [0, 0]", "id": 0}, {"type": "0", "fact": "AnimationFact: [0, 'dog', 1.0, 1.0]", "id": 0}, {"type": "0", "fact": "PositionXFact: [0, 2.0]", "id": 0}, {"type": "0", "fact": "PositionYFact: [0, 4.0]", "id": 0}, {"type": "0", "fact": "VelocityXFact: [1, 0]", "id": 0}, {"type": "0", "fact": "VelocityYFact: [1, 0]", "id": 0}, {"type": "0", "fact": "AnimationFact: [1, 'cloud', 3.0, 2.0]", "id": 0}, {"type": "0", "fact": "PositionXFact: [1, 3.0]", "id": 0}, {"type": "0", "fact": "PositionYFact: [1, 3.0]", "id": 0}, {"type": "0", "fact": "VariableFact: ['space', False]", "id": 0}, {"type": "0", "fact": "VariableFact: ['up', False]", "id": 0}, {"type": "0", "fact": "VariableFact: ['down', False]", "id": 0}, {"type": "0", "fact": "VariableFact: ['left', False]", "id": 0}, {"type": "0", "fact": "VariableFact: ['right', False]", "id": 0}, {"type": "0", "fact": "VariableFact: ['spacePrev', False]", "id": 0}, {"type": "0", "fact": "VariableFact: ['upPrev', False]", "id": 0}, {"type": "0", "fact": "VariableFact: ['downPrev', False]", "id": 0}, {"type": "0", "fact": "VariableFact: ['leftPrev', False]", "id": 0}, {"type": "0", "fact": "VariableFact: ['rightPrev', False]", "id": 0}, {"type": "0", "fact": "RelationshipFactX: [0, 1, 'East', 'West', 0.0]", "id": 0}, {"type": "0", "fact": "RelationshipFactY: [0, 1, 'North', 'East', 0.0]", "id": 0}, {"type": "0", "fact": "RelationshipFactX: [1, 0, 'West', 'East', 0.0]", "id": 0}, {"type": "0", "fact": "RelationshipFactY: [1, 0, 'South', 'South', 0.0]", "id": 0}]