[{"type": "1", "fact": "VelocityXFact: [0, 0]", "id": 0}, {"type": "2", "fact": "VelocityXFact: [0, 1.0]", "id": 0}, {"type": "0", "fact": "VariableFact: ['space', False]", "id": 0}, {"type": "0", "fact": "VariableFact: ['up', False]", "id": 0}, {"type": "0", "fact": "VariableFact: ['down', False]", "id": 0}, {"type": "0", "fact": "VariableFact: ['left', False]", "id": 0}, {"type": "0", "fact": "VariableFact: ['right', True]", "id": 0}, {"type": "0", "fact": "VariableFact: ['spacePrev', False]", "id": 0}, {"type": "0", "fact": "VariableFact: ['upPrev', False]", "id": 0}, {"type": "0", "fact": "VariableFact: ['downPrev', False]", "id": 0}, {"type": "0", "fact": "VariableFact: ['leftPrev', False]", "id": 0}, {"type": "0", "fact": "VelocityXFact: [0, 0]", "id": 0}, {"type": "0", "fact": "VelocityYFact: [0, 0]", "id": 0}, {"type": "0", "fact": "AnimationFact: [0, 'Zombie', 2.0, 2.0]", "id": 0}, {"type": "0", "fact": "PositionYFact: [0, 5.0]", "id": 0}, {"type": "0", "fact": "VelocityYFact: [4, 0]", "id": 0}, {"type": "0", "fact": "AnimationFact: [4, 'Black Guy', 2.0, 2.0]", "id": 0}, {"type": "0", "fact": "PositionYFact: [4, 1.0]", "id": 0}, {"type": "0", "fact": "VelocityYFact: [3, 0]", "id": 0}, {"type": "0", "fact": "AnimationFact: [3, 'Black Guy', 2.0, 2.0]", "id": 0}, {"type": "0", "fact": "PositionYFact: [3, 5.0]", "id": 0}, {"type": "0", "fact": "VelocityYFact: [2, 0]", "id": 0}, {"type": "0", "fact": "AnimationFact: [2, 'Black Guy', 2.0, 2.0]", "id": 0}, {"type": "0", "fact": "PositionYFact: [2, 3.0]", "id": 0}, {"type": "0", "fact": "VelocityYFact: [1, 0]", "id": 0}, {"type": "0", "fact": "AnimationFact: [1, 'Black Guy', 2.0, 2.0]", "id": 0}, {"type": "0", "fact": "PositionYFact: [1, 7.0]", "id": 0}, {"type": "1", "fact": "VelocityXFact: [1, 0]", "id": 1}, {"type": "2", "fact": "VelocityXFact: [0, 1.0]", "id": 1}, {"type": "0", "fact": "VelocityYFact: [0, 0]", "id": 1}, {"type": "0", "fact": "VelocityXFact: [0, 1.0]", "id": 1}, {"type": "0", "fact": "AnimationFact: [0, 'Zombie', 2.0, 2.0]", "id": 1}, {"type": "0", "fact": "PositionXFact: [0, 3.0]", "id": 1}, {"type": "0", "fact": "PositionYFact: [0, 5.0]", "id": 1}, {"type": "0", "fact": "VelocityXFact: [1, 0]", "id": 1}, {"type": "0", "fact": "VelocityYFact: [1, 0]", "id": 1}, {"type": "0", "fact": "AnimationFact: [1, 'Black Guy', 2.0, 2.0]", "id": 1}, {"type": "0", "fact": "PositionXFact: [1, 12.0]", "id": 1}, {"type": "0", "fact": "PositionYFact: [1, 7.0]", "id": 1}, {"type": "0", "fact": "VelocityXFact: [2, 0]", "id": 1}, {"type": "0", "fact": "VelocityYFact: [2, 0]", "id": 1}, {"type": "0", "fact": "AnimationFact: [2, 'Black Guy', 2.0, 2.0]", "id": 1}, {"type": "0", "fact": "PositionXFact: [2, 12.0]", "id": 1}, {"type": "0", "fact": "PositionYFact: [2, 3.0]", "id": 1}, {"type": "0", "fact": "VelocityXFact: [3, 0]", "id": 1}, {"type": "0", "fact": "VelocityYFact: [3, 0]", "id": 1}, {"type": "0", "fact": "AnimationFact: [3, 'Black Guy', 2.0, 2.0]", "id": 1}, {"type": "0", "fact": "PositionXFact: [3, 17.0]", "id": 1}, {"type": "0", "fact": "PositionYFact: [3, 5.0]", "id": 1}, {"type": "0", "fact": "VelocityXFact: [4, 0]", "id": 1}, {"type": "0", "fact": "VelocityYFact: [4, 0]", "id": 1}, {"type": "0", "fact": "AnimationFact: [4, 'Black Guy', 2.0, 2.0]", "id": 1}, {"type": "0", "fact": "PositionXFact: [4, 8.0]", "id": 1}, {"type": "0", "fact": "PositionYFact: [4, 1.0]", "id": 1}, {"type": "0", "fact": "VariableFact: ['space', False]", "id": 1}, {"type": "0", "fact": "VariableFact: ['up', False]", "id": 1}, {"type": "0", "fact": "VariableFact: ['down', False]", "id": 1}, {"type": "0", "fact": "VariableFact: ['left', False]", "id": 1}, {"type": "0", "fact": "VariableFact: ['right', True]", "id": 1}, {"type": "0", "fact": "VariableFact: ['spacePrev', False]", "id": 1}, {"type": "0", "fact": "VariableFact: ['upPrev', False]", "id": 1}, {"type": "0", "fact": "VariableFact: ['downPrev', False]", "id": 1}, {"type": "0", "fact": "VariableFact: ['leftPrev', False]", "id": 1}, {"type": "0", "fact": "VariableFact: ['rightPrev', False]", "id": 1}, {"type": "0", "fact": "RelationshipFactX: [0, 1, 'East', 'West', -7.0]", "id": 1}, {"type": "0", "fact": "RelationshipFactY: [0, 1, 'South', 'North', 0.0]", "id": 1}, {"type": "0", "fact": "RelationshipFactX: [0, 2, 'East', 'West', -7.0]", "id": 1}, {"type": "0", "fact": "RelationshipFactY: [0, 2, 'North', 'South', 0.0]", "id": 1}, {"type": "0", "fact": "RelationshipFactX: [0, 3, 'East', 'West', -12.0]", "id": 1}, {"type": "0", "fact": "RelationshipFactY: [0, 3, 'North', 'North', 0.0]", "id": 1}, {"type": "0", "fact": "RelationshipFactX: [0, 4, 'East', 'West', -3.0]", "id": 1}, {"type": "0", "fact": "RelationshipFactY: [0, 4, 'North', 'South', 2.0]", "id": 1}, {"type": "0", "fact": "RelationshipFactX: [1, 0, 'West', 'East', 7.0]", "id": 1}, {"type": "0", "fact": "RelationshipFactY: [1, 0, 'North', 'South', 0.0]", "id": 1}, {"type": "0", "fact": "RelationshipFactX: [1, 2, 'North', 'North', 0.0]", "id": 1}, {"type": "0", "fact": "RelationshipFactY: [1, 2, 'North', 'South', 2.0]", "id": 1}, {"type": "0", "fact": "RelationshipFactX: [1, 3, 'East', 'West', -3.0]", "id": 1}, {"type": "0", "fact": "RelationshipFactY: [1, 3, 'North', 'South', 0.0]", "id": 1}, {"type": "0", "fact": "RelationshipFactX: [1, 4, 'West', 'East', 2.0]", "id": 1}, {"type": "0", "fact": "RelationshipFactY: [1, 4, 'North', 'South', 4.0]", "id": 1}, {"type": "0", "fact": "RelationshipFactX: [2, 0, 'West', 'East', 7.0]", "id": 1}, {"type": "0", "fact": "RelationshipFactY: [2, 0, 'South', 'North', 0.0]", "id": 1}, {"type": "0", "fact": "RelationshipFactX: [2, 1, 'North', 'North', 0.0]", "id": 1}, {"type": "0", "fact": "RelationshipFactY: [2, 1, 'South', 'North', -2.0]", "id": 1}, {"type": "0", "fact": "RelationshipFactX: [2, 3, 'East', 'West', -3.0]", "id": 1}, {"type": "0", "fact": "RelationshipFactY: [2, 3, 'South', 'North', 0.0]", "id": 1}, {"type": "0", "fact": "RelationshipFactX: [2, 4, 'West', 'East', 2.0]", "id": 1}, {"type": "0", "fact": "RelationshipFactY: [2, 4, 'North', 'South', 0.0]", "id": 1}, {"type": "0", "fact": "RelationshipFactX: [3, 0, 'West', 'East', 12.0]", "id": 1}, {"type": "0", "fact": "RelationshipFactY: [3, 0, 'North', 'North', 0.0]", "id": 1}, {"type": "0", "fact": "RelationshipFactX: [3, 1, 'West', 'East', 3.0]", "id": 1}, {"type": "0", "fact": "RelationshipFactY: [3, 1, 'South', 'North', 0.0]", "id": 1}, {"type": "0", "fact": "RelationshipFactX: [3, 2, 'West', 'East', 3.0]", "id": 1}, {"type": "0", "fact": "RelationshipFactY: [3, 2, 'North', 'South', 0.0]", "id": 1}, {"type": "0", "fact": "RelationshipFactX: [3, 4, 'West', 'East', 7.0]", "id": 1}, {"type": "0", "fact": "RelationshipFactY: [3, 4, 'North', 'South', 2.0]", "id": 1}, {"type": "0", "fact": "RelationshipFactX: [4, 0, 'West', 'East', 3.0]", "id": 1}, {"type": "0", "fact": "RelationshipFactY: [4, 0, 'South', 'North', -2.0]", "id": 1}, {"type": "0", "fact": "RelationshipFactX: [4, 1, 'East', 'West', -2.0]", "id": 1}, {"type": "0", "fact": "RelationshipFactY: [4, 1, 'South', 'North', -4.0]", "id": 1}, {"type": "0", "fact": "RelationshipFactX: [4, 2, 'East', 'West', -2.0]", "id": 1}, {"type": "0", "fact": "RelationshipFactY: [4, 2, 'South', 'North', 0.0]", "id": 1}, {"type": "0", "fact": "RelationshipFactX: [4, 3, 'East', 'West', -7.0]", "id": 1}, {"type": "0", "fact": "RelationshipFactY: [4, 3, 'South', 'North', -2.0]", "id": 1}, {"type": "1", "fact": "VelocityXFact: [2, 0]", "id": 2}, {"type": "2", "fact": "VelocityXFact: [0, 1.0]", "id": 2}, {"type": "0", "fact": "VelocityYFact: [0, 0]", "id": 2}, {"type": "0", "fact": "VelocityXFact: [0, 1.0]", "id": 2}, {"type": "0", "fact": "AnimationFact: [0, 'Zombie', 2.0, 2.0]", "id": 2}, {"type": "0", "fact": "PositionXFact: [0, 3.0]", "id": 2}, {"type": "0", "fact": "PositionYFact: [0, 5.0]", "id": 2}, {"type": "0", "fact": "VelocityYFact: [1, 0]", "id": 2}, {"type": "0", "fact": "VelocityXFact: [1, 1.0]", "id": 2}, {"type": "0", "fact": "AnimationFact: [1, 'Black Guy', 2.0, 2.0]", "id": 2}, {"type": "0", "fact": "PositionXFact: [1, 12.0]", "id": 2}, {"type": "0", "fact": "PositionYFact: [1, 7.0]", "id": 2}, {"type": "0", "fact": "VelocityXFact: [2, 0]", "id": 2}, {"type": "0", "fact": "VelocityYFact: [2, 0]", "id": 2}, {"type": "0", "fact": "AnimationFact: [2, 'Black Guy', 2.0, 2.0]", "id": 2}, {"type": "0", "fact": "PositionXFact: [2, 12.0]", "id": 2}, {"type": "0", "fact": "PositionYFact: [2, 3.0]", "id": 2}, {"type": "0", "fact": "VelocityXFact: [3, 0]", "id": 2}, {"type": "0", "fact": "VelocityYFact: [3, 0]", "id": 2}, {"type": "0", "fact": "AnimationFact: [3, 'Black Guy', 2.0, 2.0]", "id": 2}, {"type": "0", "fact": "PositionXFact: [3, 17.0]", "id": 2}, {"type": "0", "fact": "PositionYFact: [3, 5.0]", "id": 2}, {"type": "0", "fact": "VelocityXFact: [4, 0]", "id": 2}, {"type": "0", "fact": "VelocityYFact: [4, 0]", "id": 2}, {"type": "0", "fact": "AnimationFact: [4, 'Black Guy', 2.0, 2.0]", "id": 2}, {"type": "0", "fact": "PositionXFact: [4, 8.0]", "id": 2}, {"type": "0", "fact": "PositionYFact: [4, 1.0]", "id": 2}, {"type": "0", "fact": "VariableFact: ['space', False]", "id": 2}, {"type": "0", "fact": "VariableFact: ['up', False]", "id": 2}, {"type": "0", "fact": "VariableFact: ['down', False]", "id": 2}, {"type": "0", "fact": "VariableFact: ['left', False]", "id": 2}, {"type": "0", "fact": "VariableFact: ['right', True]", "id": 2}, {"type": "0", "fact": "VariableFact: ['spacePrev', False]", "id": 2}, {"type": "0", "fact": "VariableFact: ['upPrev', False]", "id": 2}, {"type": "0", "fact": "VariableFact: ['downPrev', False]", "id": 2}, {"type": "0", "fact": "VariableFact: ['leftPrev', False]", "id": 2}, {"type": "0", "fact": "VariableFact: ['rightPrev', False]", "id": 2}, {"type": "0", "fact": "RelationshipFactX: [0, 1, 'East', 'West', -7.0]", "id": 2}, {"type": "0", "fact": "RelationshipFactY: [0, 1, 'South', 'North', 0.0]", "id": 2}, {"type": "0", "fact": "RelationshipFactX: [0, 2, 'East', 'West', -7.0]", "id": 2}, {"type": "0", "fact": "RelationshipFactY: [0, 2, 'North', 'South', 0.0]", "id": 2}, {"type": "0", "fact": "RelationshipFactX: [0, 3, 'East', 'West', -12.0]", "id": 2}, {"type": "0", "fact": "RelationshipFactY: [0, 3, 'North', 'North', 0.0]", "id": 2}, {"type": "0", "fact": "RelationshipFactX: [0, 4, 'East', 'West', -3.0]", "id": 2}, {"type": "0", "fact": "RelationshipFactY: [0, 4, 'North', 'South', 2.0]", "id": 2}, {"type": "0", "fact": "RelationshipFactX: [1, 0, 'West', 'East', 7.0]", "id": 2}, {"type": "0", "fact": "RelationshipFactY: [1, 0, 'North', 'South', 0.0]", "id": 2}, {"type": "0", "fact": "RelationshipFactX: [1, 2, 'North', 'North', 0.0]", "id": 2}, {"type": "0", "fact": "RelationshipFactY: [1, 2, 'North', 'South', 2.0]", "id": 2}, {"type": "0", "fact": "RelationshipFactX: [1, 3, 'East', 'West', -3.0]", "id": 2}, {"type": "0", "fact": "RelationshipFactY: [1, 3, 'North', 'South', 0.0]", "id": 2}, {"type": "0", "fact": "RelationshipFactX: [1, 4, 'West', 'East', 2.0]", "id": 2}, {"type": "0", "fact": "RelationshipFactY: [1, 4, 'North', 'South', 4.0]", "id": 2}, {"type": "0", "fact": "RelationshipFactX: [2, 0, 'West', 'East', 7.0]", "id": 2}, {"type": "0", "fact": "RelationshipFactY: [2, 0, 'South', 'North', 0.0]", "id": 2}, {"type": "0", "fact": "RelationshipFactX: [2, 1, 'North', 'North', 0.0]", "id": 2}, {"type": "0", "fact": "RelationshipFactY: [2, 1, 'South', 'North', -2.0]", "id": 2}, {"type": "0", "fact": "RelationshipFactX: [2, 3, 'East', 'West', -3.0]", "id": 2}, {"type": "0", "fact": "RelationshipFactY: [2, 3, 'South', 'North', 0.0]", "id": 2}, {"type": "0", "fact": "RelationshipFactX: [2, 4, 'West', 'East', 2.0]", "id": 2}, {"type": "0", "fact": "RelationshipFactY: [2, 4, 'North', 'South', 0.0]", "id": 2}, {"type": "0", "fact": "RelationshipFactX: [3, 0, 'West', 'East', 12.0]", "id": 2}, {"type": "0", "fact": "RelationshipFactY: [3, 0, 'North', 'North', 0.0]", "id": 2}, {"type": "0", "fact": "RelationshipFactX: [3, 1, 'West', 'East', 3.0]", "id": 2}, {"type": "0", "fact": "RelationshipFactY: [3, 1, 'South', 'North', 0.0]", "id": 2}, {"type": "0", "fact": "RelationshipFactX: [3, 2, 'West', 'East', 3.0]", "id": 2}, {"type": "0", "fact": "RelationshipFactY: [3, 2, 'North', 'South', 0.0]", "id": 2}, {"type": "0", "fact": "RelationshipFactX: [3, 4, 'West', 'East', 7.0]", "id": 2}, {"type": "0", "fact": "RelationshipFactY: [3, 4, 'North', 'South', 2.0]", "id": 2}, {"type": "0", "fact": "RelationshipFactX: [4, 0, 'West', 'East', 3.0]", "id": 2}, {"type": "0", "fact": "RelationshipFactY: [4, 0, 'South', 'North', -2.0]", "id": 2}, {"type": "0", "fact": "RelationshipFactX: [4, 1, 'East', 'West', -2.0]", "id": 2}, {"type": "0", "fact": "RelationshipFactY: [4, 1, 'South', 'North', -4.0]", "id": 2}, {"type": "0", "fact": "RelationshipFactX: [4, 2, 'East', 'West', -2.0]", "id": 2}, {"type": "0", "fact": "RelationshipFactY: [4, 2, 'South', 'North', 0.0]", "id": 2}, {"type": "0", "fact": "RelationshipFactX: [4, 3, 'East', 'West', -7.0]", "id": 2}, {"type": "0", "fact": "RelationshipFactY: [4, 3, 'South', 'North', -2.0]", "id": 2}, {"type": "1", "fact": "VelocityXFact: [3, 0]", "id": 3}, {"type": "2", "fact": "VelocityXFact: [0, 1.0]", "id": 3}, {"type": "0", "fact": "AnimationFact: [2, 'Black Guy', 2.0, 2.0]", "id": 3}, {"type": "0", "fact": "PositionYFact: [2, 3.0]", "id": 3}, {"type": "0", "fact": "VariableFact: ['space', False]", "id": 3}, {"type": "0", "fact": "VariableFact: ['up', False]", "id": 3}, {"type": "0", "fact": "VariableFact: ['down', False]", "id": 3}, {"type": "0", "fact": "VariableFact: ['left', False]", "id": 3}, {"type": "0", "fact": "VariableFact: ['right', True]", "id": 3}, {"type": "0", "fact": "VariableFact: ['spacePrev', False]", "id": 3}, {"type": "0", "fact": "VariableFact: ['upPrev', False]", "id": 3}, {"type": "0", "fact": "VariableFact: ['downPrev', False]", "id": 3}, {"type": "0", "fact": "VariableFact: ['leftPrev', False]", "id": 3}, {"type": "0", "fact": "VelocityYFact: [4, 0]", "id": 3}, {"type": "0", "fact": "AnimationFact: [4, 'Black Guy', 2.0, 2.0]", "id": 3}, {"type": "0", "fact": "PositionYFact: [4, 1.0]", "id": 3}, {"type": "0", "fact": "VelocityXFact: [3, 0]", "id": 3}, {"type": "0", "fact": "VelocityYFact: [3, 0]", "id": 3}, {"type": "0", "fact": "PositionYFact: [3, 5.0]", "id": 3}, {"type": "0", "fact": "VelocityYFact: [1, 0]", "id": 3}, {"type": "0", "fact": "AnimationFact: [1, 'Black Guy', 2.0, 2.0]", "id": 3}, {"type": "0", "fact": "PositionYFact: [1, 7.0]", "id": 3}, {"type": "1", "fact": "VelocityXFact: [4, 0]", "id": 4}, {"type": "2", "fact": "VelocityXFact: [0, 1.0]", "id": 4}, {"type": "0", "fact": "VelocityYFact: [0, 0]", "id": 4}, {"type": "0", "fact": "VelocityXFact: [0, 1.0]", "id": 4}, {"type": "0", "fact": "AnimationFact: [0, 'Zombie', 2.0, 2.0]", "id": 4}, {"type": "0", "fact": "PositionXFact: [0, 3.0]", "id": 4}, {"type": "0", "fact": "PositionYFact: [0, 5.0]", "id": 4}, {"type": "0", "fact": "VelocityYFact: [1, 0]", "id": 4}, {"type": "0", "fact": "VelocityXFact: [1, 1.0]", "id": 4}, {"type": "0", "fact": "AnimationFact: [1, 'Black Guy', 2.0, 2.0]", "id": 4}, {"type": "0", "fact": "PositionXFact: [1, 12.0]", "id": 4}, {"type": "0", "fact": "PositionYFact: [1, 7.0]", "id": 4}, {"type": "0", "fact": "VelocityYFact: [2, 0]", "id": 4}, {"type": "0", "fact": "VelocityXFact: [2, 1.0]", "id": 4}, {"type": "0", "fact": "AnimationFact: [2, 'Black Guy', 2.0, 2.0]", "id": 4}, {"type": "0", "fact": "PositionXFact: [2, 12.0]", "id": 4}, {"type": "0", "fact": "PositionYFact: [2, 3.0]", "id": 4}, {"type": "0", "fact": "VelocityYFact: [3, 0]", "id": 4}, {"type": "0", "fact": "VelocityXFact: [3, 1.0]", "id": 4}, {"type": "0", "fact": "AnimationFact: [3, 'Black Guy', 2.0, 2.0]", "id": 4}, {"type": "0", "fact": "PositionXFact: [3, 17.0]", "id": 4}, {"type": "0", "fact": "PositionYFact: [3, 5.0]", "id": 4}, {"type": "0", "fact": "VelocityXFact: [4, 0]", "id": 4}, {"type": "0", "fact": "VelocityYFact: [4, 0]", "id": 4}, {"type": "0", "fact": "AnimationFact: [4, 'Black Guy', 2.0, 2.0]", "id": 4}, {"type": "0", "fact": "PositionXFact: [4, 8.0]", "id": 4}, {"type": "0", "fact": "PositionYFact: [4, 1.0]", "id": 4}, {"type": "0", "fact": "VariableFact: ['space', False]", "id": 4}, {"type": "0", "fact": "VariableFact: ['up', False]", "id": 4}, {"type": "0", "fact": "VariableFact: ['down', False]", "id": 4}, {"type": "0", "fact": "VariableFact: ['left', False]", "id": 4}, {"type": "0", "fact": "VariableFact: ['right', True]", "id": 4}, {"type": "0", "fact": "VariableFact: ['spacePrev', False]", "id": 4}, {"type": "0", "fact": "VariableFact: ['upPrev', False]", "id": 4}, {"type": "0", "fact": "VariableFact: ['downPrev', False]", "id": 4}, {"type": "0", "fact": "VariableFact: ['leftPrev', False]", "id": 4}, {"type": "0", "fact": "VariableFact: ['rightPrev', False]", "id": 4}, {"type": "0", "fact": "RelationshipFactX: [0, 1, 'East', 'West', -7.0]", "id": 4}, {"type": "0", "fact": "RelationshipFactY: [0, 1, 'South', 'North', 0.0]", "id": 4}, {"type": "0", "fact": "RelationshipFactX: [0, 2, 'East', 'West', -7.0]", "id": 4}, {"type": "0", "fact": "RelationshipFactY: [0, 2, 'North', 'South', 0.0]", "id": 4}, {"type": "0", "fact": "RelationshipFactX: [0, 3, 'East', 'West', -12.0]", "id": 4}, {"type": "0", "fact": "RelationshipFactY: [0, 3, 'North', 'North', 0.0]", "id": 4}, {"type": "0", "fact": "RelationshipFactX: [0, 4, 'East', 'West', -3.0]", "id": 4}, {"type": "0", "fact": "RelationshipFactY: [0, 4, 'North', 'South', 2.0]", "id": 4}, {"type": "0", "fact": "RelationshipFactX: [1, 0, 'West', 'East', 7.0]", "id": 4}, {"type": "0", "fact": "RelationshipFactY: [1, 0, 'North', 'South', 0.0]", "id": 4}, {"type": "0", "fact": "RelationshipFactX: [1, 2, 'North', 'North', 0.0]", "id": 4}, {"type": "0", "fact": "RelationshipFactY: [1, 2, 'North', 'South', 2.0]", "id": 4}, {"type": "0", "fact": "RelationshipFactX: [1, 3, 'East', 'West', -3.0]", "id": 4}, {"type": "0", "fact": "RelationshipFactY: [1, 3, 'North', 'South', 0.0]", "id": 4}, {"type": "0", "fact": "RelationshipFactX: [1, 4, 'West', 'East', 2.0]", "id": 4}, {"type": "0", "fact": "RelationshipFactY: [1, 4, 'North', 'South', 4.0]", "id": 4}, {"type": "0", "fact": "RelationshipFactX: [2, 0, 'West', 'East', 7.0]", "id": 4}, {"type": "0", "fact": "RelationshipFactY: [2, 0, 'South', 'North', 0.0]", "id": 4}, {"type": "0", "fact": "RelationshipFactX: [2, 1, 'North', 'North', 0.0]", "id": 4}, {"type": "0", "fact": "RelationshipFactY: [2, 1, 'South', 'North', -2.0]", "id": 4}, {"type": "0", "fact": "RelationshipFactX: [2, 3, 'East', 'West', -3.0]", "id": 4}, {"type": "0", "fact": "RelationshipFactY: [2, 3, 'South', 'North', 0.0]", "id": 4}, {"type": "0", "fact": "RelationshipFactX: [2, 4, 'West', 'East', 2.0]", "id": 4}, {"type": "0", "fact": "RelationshipFactY: [2, 4, 'North', 'South', 0.0]", "id": 4}, {"type": "0", "fact": "RelationshipFactX: [3, 0, 'West', 'East', 12.0]", "id": 4}, {"type": "0", "fact": "RelationshipFactY: [3, 0, 'North', 'North', 0.0]", "id": 4}, {"type": "0", "fact": "RelationshipFactX: [3, 1, 'West', 'East', 3.0]", "id": 4}, {"type": "0", "fact": "RelationshipFactY: [3, 1, 'South', 'North', 0.0]", "id": 4}, {"type": "0", "fact": "RelationshipFactX: [3, 2, 'West', 'East', 3.0]", "id": 4}, {"type": "0", "fact": "RelationshipFactY: [3, 2, 'North', 'South', 0.0]", "id": 4}, {"type": "0", "fact": "RelationshipFactX: [3, 4, 'West', 'East', 7.0]", "id": 4}, {"type": "0", "fact": "RelationshipFactY: [3, 4, 'North', 'South', 2.0]", "id": 4}, {"type": "0", "fact": "RelationshipFactX: [4, 0, 'West', 'East', 3.0]", "id": 4}, {"type": "0", "fact": "RelationshipFactY: [4, 0, 'South', 'North', -2.0]", "id": 4}, {"type": "0", "fact": "RelationshipFactX: [4, 1, 'East', 'West', -2.0]", "id": 4}, {"type": "0", "fact": "RelationshipFactY: [4, 1, 'South', 'North', -4.0]", "id": 4}, {"type": "0", "fact": "RelationshipFactX: [4, 2, 'East', 'West', -2.0]", "id": 4}, {"type": "0", "fact": "RelationshipFactY: [4, 2, 'South', 'North', 0.0]", "id": 4}, {"type": "0", "fact": "RelationshipFactX: [4, 3, 'East', 'West', -7.0]", "id": 4}, {"type": "0", "fact": "RelationshipFactY: [4, 3, 'South', 'North', -2.0]", "id": 4}, {"type": "1", "fact": "VelocityXFact: [0, 1.0]", "id": 5}, {"type": "2", "fact": "VelocityXFact: [0, 0.0]", "id": 5}, {"type": "0", "fact": "VelocityYFact: [0, 0]", "id": 5}, {"type": "0", "fact": "VelocityXFact: [0, 1.0]", "id": 5}, {"type": "0", "fact": "AnimationFact: [0, 'Zombie', 2.0, 2.0]", "id": 5}, {"type": "0", "fact": "PositionXFact: [0, 4.0]", "id": 5}, {"type": "0", "fact": "PositionYFact: [0, 5.0]", "id": 5}, {"type": "0", "fact": "VelocityYFact: [1, 0]", "id": 5}, {"type": "0", "fact": "VelocityXFact: [1, 1.0]", "id": 5}, {"type": "0", "fact": "AnimationFact: [1, 'Black Guy', 2.0, 2.0]", "id": 5}, {"type": "0", "fact": "PositionXFact: [1, 13.0]", "id": 5}, {"type": "0", "fact": "PositionYFact: [1, 7.0]", "id": 5}, {"type": "0", "fact": "VelocityYFact: [2, 0]", "id": 5}, {"type": "0", "fact": "VelocityXFact: [2, 1.0]", "id": 5}, {"type": "0", "fact": "AnimationFact: [2, 'Black Guy', 2.0, 2.0]", "id": 5}, {"type": "0", "fact": "PositionXFact: [2, 13.0]", "id": 5}, {"type": "0", "fact": "PositionYFact: [2, 3.0]", "id": 5}, {"type": "0", "fact": "VelocityYFact: [3, 0]", "id": 5}, {"type": "0", "fact": "VelocityXFact: [3, 1.0]", "id": 5}, {"type": "0", "fact": "AnimationFact: [3, 'Black Guy', 2.0, 2.0]", "id": 5}, {"type": "0", "fact": "PositionXFact: [3, 18.0]", "id": 5}, {"type": "0", "fact": "PositionYFact: [3, 5.0]", "id": 5}, {"type": "0", "fact": "VelocityYFact: [4, 0]", "id": 5}, {"type": "0", "fact": "VelocityXFact: [4, 1.0]", "id": 5}, {"type": "0", "fact": "AnimationFact: [4, 'Black Guy', 2.0, 2.0]", "id": 5}, {"type": "0", "fact": "PositionXFact: [4, 9.0]", "id": 5}, {"type": "0", "fact": "PositionYFact: [4, 1.0]", "id": 5}, {"type": "0", "fact": "VariableFact: ['space', False]", "id": 5}, {"type": "0", "fact": "VariableFact: ['up', False]", "id": 5}, {"type": "0", "fact": "VariableFact: ['down', False]", "id": 5}, {"type": "0", "fact": "VariableFact: ['left', False]", "id": 5}, {"type": "0", "fact": "VariableFact: ['right', False]", "id": 5}, {"type": "0", "fact": "VariableFact: ['spacePrev', False]", "id": 5}, {"type": "0", "fact": "VariableFact: ['upPrev', False]", "id": 5}, {"type": "0", "fact": "VariableFact: ['downPrev', False]", "id": 5}, {"type": "0", "fact": "VariableFact: ['leftPrev', False]", "id": 5}, {"type": "0", "fact": "VariableFact: ['rightPrev', False]", "id": 5}, {"type": "0", "fact": "RelationshipFactX: [0, 1, 'East', 'West', -7.0]", "id": 5}, {"type": "0", "fact": "RelationshipFactY: [0, 1, 'South', 'North', 0.0]", "id": 5}, {"type": "0", "fact": "RelationshipFactX: [0, 2, 'East', 'West', -7.0]", "id": 5}, {"type": "0", "fact": "RelationshipFactY: [0, 2, 'North', 'South', 0.0]", "id": 5}, {"type": "0", "fact": "RelationshipFactX: [0, 3, 'East', 'West', -12.0]", "id": 5}, {"type": "0", "fact": "RelationshipFactY: [0, 3, 'North', 'North', 0.0]", "id": 5}, {"type": "0", "fact": "RelationshipFactX: [0, 4, 'East', 'West', -3.0]", "id": 5}, {"type": "0", "fact": "RelationshipFactY: [0, 4, 'North', 'South', 2.0]", "id": 5}, {"type": "0", "fact": "RelationshipFactX: [1, 0, 'West', 'East', 7.0]", "id": 5}, {"type": "0", "fact": "RelationshipFactY: [1, 0, 'North', 'South', 0.0]", "id": 5}, {"type": "0", "fact": "RelationshipFactX: [1, 2, 'North', 'North', 0.0]", "id": 5}, {"type": "0", "fact": "RelationshipFactY: [1, 2, 'North', 'South', 2.0]", "id": 5}, {"type": "0", "fact": "RelationshipFactX: [1, 3, 'East', 'West', -3.0]", "id": 5}, {"type": "0", "fact": "RelationshipFactY: [1, 3, 'North', 'South', 0.0]", "id": 5}, {"type": "0", "fact": "RelationshipFactX: [1, 4, 'West', 'East', 2.0]", "id": 5}, {"type": "0", "fact": "RelationshipFactY: [1, 4, 'North', 'South', 4.0]", "id": 5}, {"type": "0", "fact": "RelationshipFactX: [2, 0, 'West', 'East', 7.0]", "id": 5}, {"type": "0", "fact": "RelationshipFactY: [2, 0, 'South', 'North', 0.0]", "id": 5}, {"type": "0", "fact": "RelationshipFactX: [2, 1, 'North', 'North', 0.0]", "id": 5}, {"type": "0", "fact": "RelationshipFactY: [2, 1, 'South', 'North', -2.0]", "id": 5}, {"type": "0", "fact": "RelationshipFactX: [2, 3, 'East', 'West', -3.0]", "id": 5}, {"type": "0", "fact": "RelationshipFactY: [2, 3, 'South', 'North', 0.0]", "id": 5}, {"type": "0", "fact": "RelationshipFactX: [2, 4, 'West', 'East', 2.0]", "id": 5}, {"type": "0", "fact": "RelationshipFactY: [2, 4, 'North', 'South', 0.0]", "id": 5}, {"type": "0", "fact": "RelationshipFactX: [3, 0, 'West', 'East', 12.0]", "id": 5}, {"type": "0", "fact": "RelationshipFactY: [3, 0, 'North', 'North', 0.0]", "id": 5}, {"type": "0", "fact": "RelationshipFactX: [3, 1, 'West', 'East', 3.0]", "id": 5}, {"type": "0", "fact": "RelationshipFactY: [3, 1, 'South', 'North', 0.0]", "id": 5}, {"type": "0", "fact": "RelationshipFactX: [3, 2, 'West', 'East', 3.0]", "id": 5}, {"type": "0", "fact": "RelationshipFactY: [3, 2, 'North', 'South', 0.0]", "id": 5}, {"type": "0", "fact": "RelationshipFactX: [3, 4, 'West', 'East', 7.0]", "id": 5}, {"type": "0", "fact": "RelationshipFactY: [3, 4, 'North', 'South', 2.0]", "id": 5}, {"type": "0", "fact": "RelationshipFactX: [4, 0, 'West', 'East', 3.0]", "id": 5}, {"type": "0", "fact": "RelationshipFactY: [4, 0, 'South', 'North', -2.0]", "id": 5}, {"type": "0", "fact": "RelationshipFactX: [4, 1, 'East', 'West', -2.0]", "id": 5}, {"type": "0", "fact": "RelationshipFactY: [4, 1, 'South', 'North', -4.0]", "id": 5}, {"type": "0", "fact": "RelationshipFactX: [4, 2, 'East', 'West', -2.0]", "id": 5}, {"type": "0", "fact": "RelationshipFactY: [4, 2, 'South', 'North', 0.0]", "id": 5}, {"type": "0", "fact": "RelationshipFactX: [4, 3, 'East', 'West', -7.0]", "id": 5}, {"type": "0", "fact": "RelationshipFactY: [4, 3, 'South', 'North', -2.0]", "id": 5}, {"type": "1", "fact": "VelocityXFact: [3, 1.0]", "id": 6}, {"type": "2", "fact": "VelocityXFact: [4, -20.0]", "id": 6}, {"type": "0", "fact": "VelocityYFact: [0, 0]", "id": 6}, {"type": "0", "fact": "VelocityXFact: [0, 1.0]", "id": 6}, {"type": "0", "fact": "AnimationFact: [0, 'Zombie', 2.0, 2.0]", "id": 6}, {"type": "0", "fact": "PositionXFact: [0, 5.0]", "id": 6}, {"type": "0", "fact": "PositionYFact: [0, 5.0]", "id": 6}, {"type": "0", "fact": "VelocityYFact: [1, 0]", "id": 6}, {"type": "0", "fact": "VelocityXFact: [1, 1.0]", "id": 6}, {"type": "0", "fact": "AnimationFact: [1, 'Black Guy', 2.0, 2.0]", "id": 6}, {"type": "0", "fact": "PositionXFact: [1, 15.0]", "id": 6}, {"type": "0", "fact": "PositionYFact: [1, 7.0]", "id": 6}, {"type": "0", "fact": "VelocityYFact: [2, 0]", "id": 6}, {"type": "0", "fact": "VelocityXFact: [2, 1.0]", "id": 6}, {"type": "0", "fact": "AnimationFact: [2, 'Black Guy', 2.0, 2.0]", "id": 6}, {"type": "0", "fact": "PositionXFact: [2, 15.0]", "id": 6}, {"type": "0", "fact": "PositionYFact: [2, 3.0]", "id": 6}, {"type": "0", "fact": "VelocityYFact: [3, 0]", "id": 6}, {"type": "0", "fact": "VelocityXFact: [3, 1.0]", "id": 6}, {"type": "0", "fact": "AnimationFact: [3, 'Black Guy', 2.0, 2.0]", "id": 6}, {"type": "0", "fact": "PositionXFact: [3, 20.0]", "id": 6}, {"type": "0", "fact": "PositionYFact: [3, 5.0]", "id": 6}, {"type": "0", "fact": "VelocityYFact: [4, 0]", "id": 6}, {"type": "0", "fact": "VelocityXFact: [4, 1.0]", "id": 6}, {"type": "0", "fact": "AnimationFact: [4, 'Black Guy', 2.0, 2.0]", "id": 6}, {"type": "0", "fact": "PositionXFact: [4, 11.0]", "id": 6}, {"type": "0", "fact": "PositionYFact: [4, 1.0]", "id": 6}, {"type": "0", "fact": "VariableFact: ['space', False]", "id": 6}, {"type": "0", "fact": "VariableFact: ['up', False]", "id": 6}, {"type": "0", "fact": "VariableFact: ['down', False]", "id": 6}, {"type": "0", "fact": "VariableFact: ['left', False]", "id": 6}, {"type": "0", "fact": "VariableFact: ['right', True]", "id": 6}, {"type": "0", "fact": "VariableFact: ['spacePrev', False]", "id": 6}, {"type": "0", "fact": "VariableFact: ['upPrev', False]", "id": 6}, {"type": "0", "fact": "VariableFact: ['downPrev', False]", "id": 6}, {"type": "0", "fact": "VariableFact: ['leftPrev', False]", "id": 6}, {"type": "0", "fact": "VariableFact: ['rightPrev', True]", "id": 6}, {"type": "0", "fact": "RelationshipFactX: [0, 1, 'East', 'West', -8.0]", "id": 6}, {"type": "0", "fact": "RelationshipFactY: [0, 1, 'South', 'North', 0.0]", "id": 6}, {"type": "0", "fact": "RelationshipFactX: [0, 2, 'East', 'West', -8.0]", "id": 6}, {"type": "0", "fact": "RelationshipFactY: [0, 2, 'North', 'South', 0.0]", "id": 6}, {"type": "0", "fact": "RelationshipFactX: [0, 3, 'East', 'West', -13.0]", "id": 6}, {"type": "0", "fact": "RelationshipFactY: [0, 3, 'North', 'North', 0.0]", "id": 6}, {"type": "0", "fact": "RelationshipFactX: [0, 4, 'East', 'West', -4.0]", "id": 6}, {"type": "0", "fact": "RelationshipFactY: [0, 4, 'North', 'South', 2.0]", "id": 6}, {"type": "0", "fact": "RelationshipFactX: [1, 0, 'West', 'East', 8.0]", "id": 6}, {"type": "0", "fact": "RelationshipFactY: [1, 0, 'North', 'South', 0.0]", "id": 6}, {"type": "0", "fact": "RelationshipFactX: [1, 2, 'North', 'North', 0.0]", "id": 6}, {"type": "0", "fact": "RelationshipFactY: [1, 2, 'North', 'South', 2.0]", "id": 6}, {"type": "0", "fact": "RelationshipFactX: [1, 3, 'East', 'West', -3.0]", "id": 6}, {"type": "0", "fact": "RelationshipFactY: [1, 3, 'North', 'South', 0.0]", "id": 6}, {"type": "0", "fact": "RelationshipFactX: [1, 4, 'West', 'East', 2.0]", "id": 6}, {"type": "0", "fact": "RelationshipFactY: [1, 4, 'North', 'South', 4.0]", "id": 6}, {"type": "0", "fact": "RelationshipFactX: [2, 0, 'West', 'East', 8.0]", "id": 6}, {"type": "0", "fact": "RelationshipFactY: [2, 0, 'South', 'North', 0.0]", "id": 6}, {"type": "0", "fact": "RelationshipFactX: [2, 1, 'North', 'North', 0.0]", "id": 6}, {"type": "0", "fact": "RelationshipFactY: [2, 1, 'South', 'North', -2.0]", "id": 6}, {"type": "0", "fact": "RelationshipFactX: [2, 3, 'East', 'West', -3.0]", "id": 6}, {"type": "0", "fact": "RelationshipFactY: [2, 3, 'South', 'North', 0.0]", "id": 6}, {"type": "0", "fact": "RelationshipFactX: [2, 4, 'West', 'East', 2.0]", "id": 6}, {"type": "0", "fact": "RelationshipFactY: [2, 4, 'North', 'South', 0.0]", "id": 6}, {"type": "0", "fact": "RelationshipFactX: [3, 0, 'West', 'East', 13.0]", "id": 6}, {"type": "0", "fact": "RelationshipFactY: [3, 0, 'North', 'North', 0.0]", "id": 6}, {"type": "0", "fact": "RelationshipFactX: [3, 1, 'West', 'East', 3.0]", "id": 6}, {"type": "0", "fact": "RelationshipFactY: [3, 1, 'South', 'North', 0.0]", "id": 6}, {"type": "0", "fact": "RelationshipFactX: [3, 2, 'West', 'East', 3.0]", "id": 6}, {"type": "0", "fact": "RelationshipFactY: [3, 2, 'North', 'South', 0.0]", "id": 6}, {"type": "0", "fact": "RelationshipFactX: [3, 4, 'West', 'East', 7.0]", "id": 6}, {"type": "0", "fact": "RelationshipFactY: [3, 4, 'North', 'South', 2.0]", "id": 6}, {"type": "0", "fact": "RelationshipFactX: [4, 0, 'West', 'East', 4.0]", "id": 6}, {"type": "0", "fact": "RelationshipFactY: [4, 0, 'South', 'North', -2.0]", "id": 6}, {"type": "0", "fact": "RelationshipFactX: [4, 1, 'East', 'West', -2.0]", "id": 6}, {"type": "0", "fact": "RelationshipFactY: [4, 1, 'South', 'North', -4.0]", "id": 6}, {"type": "0", "fact": "RelationshipFactX: [4, 2, 'East', 'West', -2.0]", "id": 6}, {"type": "0", "fact": "RelationshipFactY: [4, 2, 'South', 'North', 0.0]", "id": 6}, {"type": "0", "fact": "RelationshipFactX: [4, 3, 'East', 'West', -7.0]", "id": 6}, {"type": "0", "fact": "RelationshipFactY: [4, 3, 'South', 'North', -2.0]", "id": 6}, {"type": "1", "fact": "VelocityXFact: [3, -20.0]", "id": 7}, {"type": "2", "fact": "VelocityXFact: [0, 1.0]", "id": 7}, {"type": "0", "fact": "AnimationFact: [2, 'Black Guy', 2.0, 2.0]", "id": 7}, {"type": "0", "fact": "PositionYFact: [2, 3.0]", "id": 7}, {"type": "0", "fact": "VariableFact: ['space', False]", "id": 7}, {"type": "0", "fact": "VariableFact: ['up', False]", "id": 7}, {"type": "0", "fact": "VariableFact: ['down', False]", "id": 7}, {"type": "0", "fact": "VariableFact: ['left', False]", "id": 7}, {"type": "0", "fact": "VariableFact: ['right', True]", "id": 7}, {"type": "0", "fact": "VariableFact: ['spacePrev', False]", "id": 7}, {"type": "0", "fact": "VariableFact: ['upPrev', False]", "id": 7}, {"type": "0", "fact": "VariableFact: ['downPrev', False]", "id": 7}, {"type": "0", "fact": "VariableFact: ['leftPrev', False]", "id": 7}, {"type": "0", "fact": "VariableFact: ['rightPrev', True]", "id": 7}, {"type": "0", "fact": "VelocityYFact: [0, 0]", "id": 7}, {"type": "0", "fact": "VelocityXFact: [0, 1.0]", "id": 7}, {"type": "0", "fact": "AnimationFact: [0, 'Zombie', 2.0, 2.0]", "id": 7}, {"type": "0", "fact": "PositionXFact: [0, 6.0]", "id": 7}, {"type": "0", "fact": "PositionYFact: [0, 5.0]", "id": 7}, {"type": "0", "fact": "VelocityYFact: [4, 0]", "id": 7}, {"type": "0", "fact": "VelocityXFact: [4, 1.0]", "id": 7}, {"type": "0", "fact": "AnimationFact: [4, 'Black Guy', 2.0, 2.0]", "id": 7}, {"type": "0", "fact": "PositionYFact: [4, 1.0]", "id": 7}, {"type": "0", "fact": "VelocityYFact: [3, 0]", "id": 7}, {"type": "0", "fact": "VelocityXFact: [3, -20.0]", "id": 7}, {"type": "0", "fact": "AnimationFact: [3, 'Black Guy', 2.0, 2.0]", "id": 7}, {"type": "0", "fact": "PositionXFact: [3, 0.0]", "id": 7}, {"type": "1", "fact": "VelocityXFact: [0, 1.0]", "id": 8}, {"type": "2", "fact": "VelocityXFact: [0, -1.0]", "id": 8}, {"type": "0", "fact": "VariableFact: ['space', False]", "id": 8}, {"type": "0", "fact": "VariableFact: ['up', False]", "id": 8}, {"type": "0", "fact": "VariableFact: ['down', False]", "id": 8}, {"type": "0", "fact": "VariableFact: ['left', True]", "id": 8}, {"type": "0", "fact": "VariableFact: ['right', False]", "id": 8}, {"type": "0", "fact": "VariableFact: ['spacePrev', False]", "id": 8}, {"type": "0", "fact": "VariableFact: ['upPrev', False]", "id": 8}, {"type": "0", "fact": "VariableFact: ['downPrev', False]", "id": 8}, {"type": "0", "fact": "VariableFact: ['leftPrev', True]", "id": 8}, {"type": "0", "fact": "VariableFact: ['rightPrev', False]", "id": 8}, {"type": "0", "fact": "VelocityYFact: [4, 0]", "id": 8}, {"type": "0", "fact": "VelocityXFact: [4, 1.0]", "id": 8}, {"type": "0", "fact": "AnimationFact: [4, 'Black Guy', 2.0, 2.0]", "id": 8}, {"type": "0", "fact": "PositionYFact: [4, 1.0]", "id": 8}, {"type": "0", "fact": "VelocityYFact: [2, 0]", "id": 8}, {"type": "0", "fact": "VelocityXFact: [2, 1.0]", "id": 8}, {"type": "0", "fact": "AnimationFact: [2, 'Black Guy', 2.0, 2.0]", "id": 8}, {"type": "0", "fact": "PositionYFact: [2, 3.0]", "id": 8}, {"type": "0", "fact": "VelocityYFact: [1, 0]", "id": 8}, {"type": "0", "fact": "VelocityXFact: [1, 1.0]", "id": 8}, {"type": "0", "fact": "AnimationFact: [1, 'Black Guy', 2.0, 2.0]", "id": 8}, {"type": "0", "fact": "PositionYFact: [1, 7.0]", "id": 8}, {"type": "0", "fact": "VelocityYFact: [0, 0]", "id": 8}, {"type": "0", "fact": "VelocityXFact: [0, 1.0]", "id": 8}, {"type": "0", "fact": "AnimationFact: [0, 'Zombie', 2.0, 2.0]", "id": 8}, {"type": "0", "fact": "PositionYFact: [0, 5.0]", "id": 8}, {"type": "1", "fact": "VelocityXFact: [0, -1.0]", "id": 9}, {"type": "2", "fact": "VelocityXFact: [4, 0.0]", "id": 9}, {"type": "0", "fact": "VelocityYFact: [0, 0]", "id": 9}, {"type": "0", "fact": "VelocityXFact: [0, -1.0]", "id": 9}, {"type": "0", "fact": "AnimationFact: [0, 'Zombie', 2.0, 2.0]", "id": 9}, {"type": "0", "fact": "PositionXFact: [0, 6.0]", "id": 9}, {"type": "0", "fact": "PositionYFact: [0, 5.0]", "id": 9}, {"type": "0", "fact": "VelocityYFact: [1, 0]", "id": 9}, {"type": "0", "fact": "VelocityXFact: [1, 1.0]", "id": 9}, {"type": "0", "fact": "AnimationFact: [1, 'Black Guy', 2.0, 2.0]", "id": 9}, {"type": "0", "fact": "PositionXFact: [1, 18.0]", "id": 9}, {"type": "0", "fact": "PositionYFact: [1, 7.0]", "id": 9}, {"type": "0", "fact": "VelocityYFact: [2, 0]", "id": 9}, {"type": "0", "fact": "VelocityXFact: [2, 1.0]", "id": 9}, {"type": "0", "fact": "AnimationFact: [2, 'Black Guy', 2.0, 2.0]", "id": 9}, {"type": "0", "fact": "PositionXFact: [2, 18.0]", "id": 9}, {"type": "0", "fact": "PositionYFact: [2, 3.0]", "id": 9}, {"type": "0", "fact": "VelocityYFact: [3, 0]", "id": 9}, {"type": "0", "fact": "VelocityXFact: [3, 1.0]", "id": 9}, {"type": "0", "fact": "AnimationFact: [3, 'Black Guy', 2.0, 2.0]", "id": 9}, {"type": "0", "fact": "PositionXFact: [3, 2.0]", "id": 9}, {"type": "0", "fact": "PositionYFact: [3, 5.0]", "id": 9}, {"type": "0", "fact": "VelocityYFact: [4, 0]", "id": 9}, {"type": "0", "fact": "VelocityXFact: [4, 1.0]", "id": 9}, {"type": "0", "fact": "AnimationFact: [4, 'Black Guy', 2.0, 2.0]", "id": 9}, {"type": "0", "fact": "PositionXFact: [4, 14.0]", "id": 9}, {"type": "0", "fact": "PositionYFact: [4, 1.0]", "id": 9}, {"type": "0", "fact": "VariableFact: ['space', False]", "id": 9}, {"type": "0", "fact": "VariableFact: ['up', False]", "id": 9}, {"type": "0", "fact": "VariableFact: ['down', False]", "id": 9}, {"type": "0", "fact": "VariableFact: ['left', False]", "id": 9}, {"type": "0", "fact": "VariableFact: ['right', False]", "id": 9}, {"type": "0", "fact": "VariableFact: ['spacePrev', False]", "id": 9}, {"type": "0", "fact": "VariableFact: ['upPrev', False]", "id": 9}, {"type": "0", "fact": "VariableFact: ['downPrev', False]", "id": 9}, {"type": "0", "fact": "VariableFact: ['leftPrev', False]", "id": 9}, {"type": "0", "fact": "VariableFact: ['rightPrev', False]", "id": 9}, {"type": "0", "fact": "RelationshipFactX: [0, 1, 'East', 'West', -10.0]", "id": 9}, {"type": "0", "fact": "RelationshipFactY: [0, 1, 'South', 'North', 0.0]", "id": 9}, {"type": "0", "fact": "RelationshipFactX: [0, 2, 'East', 'West', -10.0]", "id": 9}, {"type": "0", "fact": "RelationshipFactY: [0, 2, 'North', 'South', 0.0]", "id": 9}, {"type": "0", "fact": "RelationshipFactX: [0, 3, 'West', 'East', 2.0]", "id": 9}, {"type": "0", "fact": "RelationshipFactY: [0, 3, 'North', 'North', 0.0]", "id": 9}, {"type": "0", "fact": "RelationshipFactX: [0, 4, 'East', 'West', -6.0]", "id": 9}, {"type": "0", "fact": "RelationshipFactY: [0, 4, 'North', 'South', 2.0]", "id": 9}, {"type": "0", "fact": "RelationshipFactX: [1, 0, 'West', 'East', 10.0]", "id": 9}, {"type": "0", "fact": "RelationshipFactY: [1, 0, 'North', 'South', 0.0]", "id": 9}, {"type": "0", "fact": "RelationshipFactX: [1, 2, 'North', 'North', 0.0]", "id": 9}, {"type": "0", "fact": "RelationshipFactY: [1, 2, 'North', 'South', 2.0]", "id": 9}, {"type": "0", "fact": "RelationshipFactX: [1, 3, 'West', 'East', 14.0]", "id": 9}, {"type": "0", "fact": "RelationshipFactY: [1, 3, 'North', 'South', 0.0]", "id": 9}, {"type": "0", "fact": "RelationshipFactX: [1, 4, 'West', 'East', 2.0]", "id": 9}, {"type": "0", "fact": "RelationshipFactY: [1, 4, 'North', 'South', 4.0]", "id": 9}, {"type": "0", "fact": "RelationshipFactX: [2, 0, 'West', 'East', 10.0]", "id": 9}, {"type": "0", "fact": "RelationshipFactY: [2, 0, 'South', 'North', 0.0]", "id": 9}, {"type": "0", "fact": "RelationshipFactX: [2, 1, 'North', 'North', 0.0]", "id": 9}, {"type": "0", "fact": "RelationshipFactY: [2, 1, 'South', 'North', -2.0]", "id": 9}, {"type": "0", "fact": "RelationshipFactX: [2, 3, 'West', 'East', 14.0]", "id": 9}, {"type": "0", "fact": "RelationshipFactY: [2, 3, 'South', 'North', 0.0]", "id": 9}, {"type": "0", "fact": "RelationshipFactX: [2, 4, 'West', 'East', 2.0]", "id": 9}, {"type": "0", "fact": "RelationshipFactY: [2, 4, 'North', 'South', 0.0]", "id": 9}, {"type": "0", "fact": "RelationshipFactX: [3, 0, 'East', 'West', -2.0]", "id": 9}, {"type": "0", "fact": "RelationshipFactY: [3, 0, 'North', 'North', 0.0]", "id": 9}, {"type": "0", "fact": "RelationshipFactX: [3, 1, 'East', 'West', -14.0]", "id": 9}, {"type": "0", "fact": "RelationshipFactY: [3, 1, 'South', 'North', 0.0]", "id": 9}, {"type": "0", "fact": "RelationshipFactX: [3, 2, 'East', 'West', -14.0]", "id": 9}, {"type": "0", "fact": "RelationshipFactY: [3, 2, 'North', 'South', 0.0]", "id": 9}, {"type": "0", "fact": "RelationshipFactX: [3, 4, 'East', 'West', -10.0]", "id": 9}, {"type": "0", "fact": "RelationshipFactY: [3, 4, 'North', 'South', 2.0]", "id": 9}, {"type": "0", "fact": "RelationshipFactX: [4, 0, 'West', 'East', 6.0]", "id": 9}, {"type": "0", "fact": "RelationshipFactY: [4, 0, 'South', 'North', -2.0]", "id": 9}, {"type": "0", "fact": "RelationshipFactX: [4, 1, 'East', 'West', -2.0]", "id": 9}, {"type": "0", "fact": "RelationshipFactY: [4, 1, 'South', 'North', -4.0]", "id": 9}, {"type": "0", "fact": "RelationshipFactX: [4, 2, 'East', 'West', -2.0]", "id": 9}, {"type": "0", "fact": "RelationshipFactY: [4, 2, 'South', 'North', 0.0]", "id": 9}, {"type": "0", "fact": "RelationshipFactX: [4, 3, 'West', 'East', 10.0]", "id": 9}, {"type": "0", "fact": "RelationshipFactY: [4, 3, 'South', 'North', -2.0]", "id": 9}, {"type": "1", "fact": "EmptyFact: VelocityYFact: [3, 0]|VelocityXFact: [3, 1.0]|AnimationFact: [3, 'Black Guy', 2.0, 2.0]|PositionXFact: [3, 4.0]|PositionYFact: [3, 5.0]|", "id": 10}, {"type": "2", "fact": "EmptyFact: ", "id": 10}, {"type": "0", "fact": "VelocityYFact: [0, 0]", "id": 10}, {"type": "0", "fact": "VelocityXFact: [0, 0.0]", "id": 10}, {"type": "0", "fact": "AnimationFact: [0, 'Zombie', 2.0, 2.0]", "id": 10}, {"type": "0", "fact": "PositionXFact: [0, 6.0]", "id": 10}, {"type": "0", "fact": "PositionYFact: [0, 5.0]", "id": 10}, {"type": "0", "fact": "VelocityYFact: [1, 0]", "id": 10}, {"type": "0", "fact": "VelocityXFact: [1, 1.0]", "id": 10}, {"type": "0", "fact": "AnimationFact: [1, 'Black Guy', 2.0, 2.0]", "id": 10}, {"type": "0", "fact": "PositionXFact: [1, 20.0]", "id": 10}, {"type": "0", "fact": "PositionYFact: [1, 7.0]", "id": 10}, {"type": "0", "fact": "VelocityYFact: [2, 0]", "id": 10}, {"type": "0", "fact": "VelocityXFact: [2, 1.0]", "id": 10}, {"type": "0", "fact": "AnimationFact: [2, 'Black Guy', 2.0, 2.0]", "id": 10}, {"type": "0", "fact": "PositionXFact: [2, 20.0]", "id": 10}, {"type": "0", "fact": "PositionYFact: [2, 3.0]", "id": 10}, {"type": "0", "fact": "VelocityYFact: [3, 0]", "id": 10}, {"type": "0", "fact": "VelocityXFact: [3, 1.0]", "id": 10}, {"type": "0", "fact": "AnimationFact: [3, 'Black Guy', 2.0, 2.0]", "id": 10}, {"type": "0", "fact": "PositionXFact: [3, 4.0]", "id": 10}, {"type": "0", "fact": "PositionYFact: [3, 5.0]", "id": 10}, {"type": "0", "fact": "VelocityYFact: [4, 0]", "id": 10}, {"type": "0", "fact": "VelocityXFact: [4, 1.0]", "id": 10}, {"type": "0", "fact": "AnimationFact: [4, 'Black Guy', 2.0, 2.0]", "id": 10}, {"type": "0", "fact": "PositionXFact: [4, 16.0]", "id": 10}, {"type": "0", "fact": "PositionYFact: [4, 1.0]", "id": 10}, {"type": "0", "fact": "VariableFact: ['space', False]", "id": 10}, {"type": "0", "fact": "VariableFact: ['up', False]", "id": 10}, {"type": "0", "fact": "VariableFact: ['down', False]", "id": 10}, {"type": "0", "fact": "VariableFact: ['left', False]", "id": 10}, {"type": "0", "fact": "VariableFact: ['right', False]", "id": 10}, {"type": "0", "fact": "VariableFact: ['spacePrev', False]", "id": 10}, {"type": "0", "fact": "VariableFact: ['upPrev', False]", "id": 10}, {"type": "0", "fact": "VariableFact: ['downPrev', False]", "id": 10}, {"type": "0", "fact": "VariableFact: ['leftPrev', False]", "id": 10}, {"type": "0", "fact": "VariableFact: ['rightPrev', False]", "id": 10}, {"type": "0", "fact": "RelationshipFactX: [0, 1, 'East', 'West', -12.0]", "id": 10}, {"type": "0", "fact": "RelationshipFactY: [0, 1, 'South', 'North', 0.0]", "id": 10}, {"type": "0", "fact": "RelationshipFactX: [0, 2, 'East', 'West', -12.0]", "id": 10}, {"type": "0", "fact": "RelationshipFactY: [0, 2, 'North', 'South', 0.0]", "id": 10}, {"type": "0", "fact": "RelationshipFactX: [0, 3, 'West', 'East', 0.0]", "id": 10}, {"type": "0", "fact": "RelationshipFactY: [0, 3, 'North', 'North', 0.0]", "id": 10}, {"type": "0", "fact": "RelationshipFactX: [0, 4, 'East', 'West', -8.0]", "id": 10}, {"type": "0", "fact": "RelationshipFactY: [0, 4, 'North', 'South', 2.0]", "id": 10}, {"type": "0", "fact": "RelationshipFactX: [1, 0, 'West', 'East', 12.0]", "id": 10}, {"type": "0", "fact": "RelationshipFactY: [1, 0, 'North', 'South', 0.0]", "id": 10}, {"type": "0", "fact": "RelationshipFactX: [1, 2, 'North', 'North', 0.0]", "id": 10}, {"type": "0", "fact": "RelationshipFactY: [1, 2, 'North', 'South', 2.0]", "id": 10}, {"type": "0", "fact": "RelationshipFactX: [1, 3, 'West', 'East', 14.0]", "id": 10}, {"type": "0", "fact": "RelationshipFactY: [1, 3, 'North', 'South', 0.0]", "id": 10}, {"type": "0", "fact": "RelationshipFactX: [1, 4, 'West', 'East', 2.0]", "id": 10}, {"type": "0", "fact": "RelationshipFactY: [1, 4, 'North', 'South', 4.0]", "id": 10}, {"type": "0", "fact": "RelationshipFactX: [2, 0, 'West', 'East', 12.0]", "id": 10}, {"type": "0", "fact": "RelationshipFactY: [2, 0, 'South', 'North', 0.0]", "id": 10}, {"type": "0", "fact": "RelationshipFactX: [2, 1, 'North', 'North', 0.0]", "id": 10}, {"type": "0", "fact": "RelationshipFactY: [2, 1, 'South', 'North', -2.0]", "id": 10}, {"type": "0", "fact": "RelationshipFactX: [2, 3, 'West', 'East', 14.0]", "id": 10}, {"type": "0", "fact": "RelationshipFactY: [2, 3, 'South', 'North', 0.0]", "id": 10}, {"type": "0", "fact": "RelationshipFactX: [2, 4, 'West', 'East', 2.0]", "id": 10}, {"type": "0", "fact": "RelationshipFactY: [2, 4, 'North', 'South', 0.0]", "id": 10}, {"type": "0", "fact": "RelationshipFactX: [3, 0, 'East', 'West', 0.0]", "id": 10}, {"type": "0", "fact": "RelationshipFactY: [3, 0, 'North', 'North', 0.0]", "id": 10}, {"type": "0", "fact": "RelationshipFactX: [3, 1, 'East', 'West', -14.0]", "id": 10}, {"type": "0", "fact": "RelationshipFactY: [3, 1, 'South', 'North', 0.0]", "id": 10}, {"type": "0", "fact": "RelationshipFactX: [3, 2, 'East', 'West', -14.0]", "id": 10}, {"type": "0", "fact": "RelationshipFactY: [3, 2, 'North', 'South', 0.0]", "id": 10}, {"type": "0", "fact": "RelationshipFactX: [3, 4, 'East', 'West', -10.0]", "id": 10}, {"type": "0", "fact": "RelationshipFactY: [3, 4, 'North', 'South', 2.0]", "id": 10}, {"type": "0", "fact": "RelationshipFactX: [4, 0, 'West', 'East', 8.0]", "id": 10}, {"type": "0", "fact": "RelationshipFactY: [4, 0, 'South', 'North', -2.0]", "id": 10}, {"type": "0", "fact": "RelationshipFactX: [4, 1, 'East', 'West', -2.0]", "id": 10}, {"type": "0", "fact": "RelationshipFactY: [4, 1, 'South', 'North', -4.0]", "id": 10}, {"type": "0", "fact": "RelationshipFactX: [4, 2, 'East', 'West', -2.0]", "id": 10}, {"type": "0", "fact": "RelationshipFactY: [4, 2, 'South', 'North', 0.0]", "id": 10}, {"type": "0", "fact": "RelationshipFactX: [4, 3, 'West', 'East', 10.0]", "id": 10}, {"type": "0", "fact": "RelationshipFactY: [4, 3, 'South', 'North', -2.0]", "id": 10}, {"type": "1", "fact": "VelocityXFact: [1, 1.0]", "id": 11}, {"type": "2", "fact": "VelocityXFact: [3, -20.0]", "id": 11}, {"type": "0", "fact": "VelocityYFact: [0, 0]", "id": 11}, {"type": "0", "fact": "VelocityXFact: [0, 0.0]", "id": 11}, {"type": "0", "fact": "AnimationFact: [0, 'Zombie', 2.0, 2.0]", "id": 11}, {"type": "0", "fact": "PositionXFact: [0, 6.0]", "id": 11}, {"type": "0", "fact": "PositionYFact: [0, 5.0]", "id": 11}, {"type": "0", "fact": "VelocityYFact: [1, 0]", "id": 11}, {"type": "0", "fact": "VelocityXFact: [1, 1.0]", "id": 11}, {"type": "0", "fact": "AnimationFact: [1, 'Black Guy', 2.0, 2.0]", "id": 11}, {"type": "0", "fact": "PositionXFact: [1, 20.0]", "id": 11}, {"type": "0", "fact": "PositionYFact: [1, 7.0]", "id": 11}, {"type": "0", "fact": "VelocityYFact: [2, 0]", "id": 11}, {"type": "0", "fact": "VelocityXFact: [2, 1.0]", "id": 11}, {"type": "0", "fact": "AnimationFact: [2, 'Black Guy', 2.0, 2.0]", "id": 11}, {"type": "0", "fact": "PositionXFact: [2, 20.0]", "id": 11}, {"type": "0", "fact": "PositionYFact: [2, 3.0]", "id": 11}, {"type": "0", "fact": "VelocityYFact: [3, 0]", "id": 11}, {"type": "0", "fact": "VelocityXFact: [3, 1.0]", "id": 11}, {"type": "0", "fact": "AnimationFact: [3, 'Black Guy', 2.0, 2.0]", "id": 11}, {"type": "0", "fact": "PositionXFact: [3, 16.0]", "id": 11}, {"type": "0", "fact": "PositionYFact: [3, 1.0]", "id": 11}, {"type": "0", "fact": "VariableFact: ['space', False]", "id": 11}, {"type": "0", "fact": "VariableFact: ['up', False]", "id": 11}, {"type": "0", "fact": "VariableFact: ['down', False]", "id": 11}, {"type": "0", "fact": "VariableFact: ['left', False]", "id": 11}, {"type": "0", "fact": "VariableFact: ['right', False]", "id": 11}, {"type": "0", "fact": "VariableFact: ['spacePrev', False]", "id": 11}, {"type": "0", "fact": "VariableFact: ['upPrev', False]", "id": 11}, {"type": "0", "fact": "VariableFact: ['downPrev', False]", "id": 11}, {"type": "0", "fact": "VariableFact: ['leftPrev', False]", "id": 11}, {"type": "0", "fact": "VariableFact: ['rightPrev', False]", "id": 11}, {"type": "0", "fact": "RelationshipFactX: [0, 1, 'East', 'West', -12.0]", "id": 11}, {"type": "0", "fact": "RelationshipFactY: [0, 1, 'South', 'North', 0.0]", "id": 11}, {"type": "0", "fact": "RelationshipFactX: [0, 2, 'East', 'West', -12.0]", "id": 11}, {"type": "0", "fact": "RelationshipFactY: [0, 2, 'North', 'South', 0.0]", "id": 11}, {"type": "0", "fact": "RelationshipFactX: [0, 3, 'East', 'West', -8.0]", "id": 11}, {"type": "0", "fact": "RelationshipFactY: [0, 3, 'North', 'South', 2.0]", "id": 11}, {"type": "0", "fact": "RelationshipFactX: [1, 0, 'West', 'East', 12.0]", "id": 11}, {"type": "0", "fact": "RelationshipFactY: [1, 0, 'North', 'South', 0.0]", "id": 11}, {"type": "0", "fact": "RelationshipFactX: [1, 2, 'North', 'North', 0.0]", "id": 11}, {"type": "0", "fact": "RelationshipFactY: [1, 2, 'North', 'South', 2.0]", "id": 11}, {"type": "0", "fact": "RelationshipFactX: [1, 3, 'West', 'East', 2.0]", "id": 11}, {"type": "0", "fact": "RelationshipFactY: [1, 3, 'North', 'South', 4.0]", "id": 11}, {"type": "0", "fact": "RelationshipFactX: [2, 0, 'West', 'East', 12.0]", "id": 11}, {"type": "0", "fact": "RelationshipFactY: [2, 0, 'South', 'North', 0.0]", "id": 11}, {"type": "0", "fact": "RelationshipFactX: [2, 1, 'North', 'North', 0.0]", "id": 11}, {"type": "0", "fact": "RelationshipFactY: [2, 1, 'South', 'North', -2.0]", "id": 11}, {"type": "0", "fact": "RelationshipFactX: [2, 3, 'West', 'East', 2.0]", "id": 11}, {"type": "0", "fact": "RelationshipFactY: [2, 3, 'North', 'South', 0.0]", "id": 11}, {"type": "0", "fact": "RelationshipFactX: [3, 0, 'West', 'East', 8.0]", "id": 11}, {"type": "0", "fact": "RelationshipFactY: [3, 0, 'South', 'North', -2.0]", "id": 11}, {"type": "0", "fact": "RelationshipFactX: [3, 1, 'East', 'West', -2.0]", "id": 11}, {"type": "0", "fact": "RelationshipFactY: [3, 1, 'South', 'North', -4.0]", "id": 11}, {"type": "0", "fact": "RelationshipFactX: [3, 2, 'East', 'West', -2.0]", "id": 11}, {"type": "0", "fact": "RelationshipFactY: [3, 2, 'South', 'North', 0.0]", "id": 11}, {"type": "1", "fact": "VelocityXFact: [2, 1.0]", "id": 12}, {"type": "2", "fact": "VelocityXFact: [2, -4.0]", "id": 12}, {"type": "0", "fact": "VelocityYFact: [0, 0]", "id": 12}, {"type": "0", "fact": "VelocityXFact: [0, 0.0]", "id": 12}, {"type": "0", "fact": "AnimationFact: [0, 'Zombie', 2.0, 2.0]", "id": 12}, {"type": "0", "fact": "PositionXFact: [0, 6.0]", "id": 12}, {"type": "0", "fact": "PositionYFact: [0, 5.0]", "id": 12}, {"type": "0", "fact": "VelocityYFact: [1, 0]", "id": 12}, {"type": "0", "fact": "VelocityXFact: [1, -20.0]", "id": 12}, {"type": "0", "fact": "AnimationFact: [1, 'Black Guy', 2.0, 2.0]", "id": 12}, {"type": "0", "fact": "PositionXFact: [1, 20.0]", "id": 12}, {"type": "0", "fact": "PositionYFact: [1, 7.0]", "id": 12}, {"type": "0", "fact": "VelocityYFact: [2, 0]", "id": 12}, {"type": "0", "fact": "VelocityXFact: [2, 1.0]", "id": 12}, {"type": "0", "fact": "AnimationFact: [2, 'Black Guy', 2.0, 2.0]", "id": 12}, {"type": "0", "fact": "PositionXFact: [2, 20.0]", "id": 12}, {"type": "0", "fact": "PositionYFact: [2, 3.0]", "id": 12}, {"type": "0", "fact": "VelocityYFact: [3, 0]", "id": 12}, {"type": "0", "fact": "VelocityXFact: [3, 1.0]", "id": 12}, {"type": "0", "fact": "AnimationFact: [3, 'Black Guy', 2.0, 2.0]", "id": 12}, {"type": "0", "fact": "PositionXFact: [3, 16.0]", "id": 12}, {"type": "0", "fact": "PositionYFact: [3, 1.0]", "id": 12}, {"type": "0", "fact": "VariableFact: ['space', False]", "id": 12}, {"type": "0", "fact": "VariableFact: ['up', False]", "id": 12}, {"type": "0", "fact": "VariableFact: ['down', False]", "id": 12}, {"type": "0", "fact": "VariableFact: ['left', False]", "id": 12}, {"type": "0", "fact": "VariableFact: ['right', False]", "id": 12}, {"type": "0", "fact": "VariableFact: ['spacePrev', False]", "id": 12}, {"type": "0", "fact": "VariableFact: ['upPrev', False]", "id": 12}, {"type": "0", "fact": "VariableFact: ['downPrev', False]", "id": 12}, {"type": "0", "fact": "VariableFact: ['leftPrev', False]", "id": 12}, {"type": "0", "fact": "VariableFact: ['rightPrev', False]", "id": 12}, {"type": "0", "fact": "RelationshipFactX: [0, 1, 'East', 'West', -12.0]", "id": 12}, {"type": "0", "fact": "RelationshipFactY: [0, 1, 'South', 'North', 0.0]", "id": 12}, {"type": "0", "fact": "RelationshipFactX: [0, 2, 'East', 'West', -12.0]", "id": 12}, {"type": "0", "fact": "RelationshipFactY: [0, 2, 'North', 'South', 0.0]", "id": 12}, {"type": "0", "fact": "RelationshipFactX: [0, 3, 'East', 'West', -8.0]", "id": 12}, {"type": "0", "fact": "RelationshipFactY: [0, 3, 'North', 'South', 2.0]", "id": 12}, {"type": "0", "fact": "RelationshipFactX: [1, 0, 'West', 'East', 12.0]", "id": 12}, {"type": "0", "fact": "RelationshipFactY: [1, 0, 'North', 'South', 0.0]", "id": 12}, {"type": "0", "fact": "RelationshipFactX: [1, 2, 'North', 'North', 0.0]", "id": 12}, {"type": "0", "fact": "RelationshipFactY: [1, 2, 'North', 'South', 2.0]", "id": 12}, {"type": "0", "fact": "RelationshipFactX: [1, 3, 'West', 'East', 2.0]", "id": 12}, {"type": "0", "fact": "RelationshipFactY: [1, 3, 'North', 'South', 4.0]", "id": 12}, {"type": "0", "fact": "RelationshipFactX: [2, 0, 'West', 'East', 12.0]", "id": 12}, {"type": "0", "fact": "RelationshipFactY: [2, 0, 'South', 'North', 0.0]", "id": 12}, {"type": "0", "fact": "RelationshipFactX: [2, 1, 'North', 'North', 0.0]", "id": 12}, {"type": "0", "fact": "RelationshipFactY: [2, 1, 'South', 'North', -2.0]", "id": 12}, {"type": "0", "fact": "RelationshipFactX: [2, 3, 'West', 'East', 2.0]", "id": 12}, {"type": "0", "fact": "RelationshipFactY: [2, 3, 'North', 'South', 0.0]", "id": 12}, {"type": "0", "fact": "RelationshipFactX: [3, 0, 'West', 'East', 8.0]", "id": 12}, {"type": "0", "fact": "RelationshipFactY: [3, 0, 'South', 'North', -2.0]", "id": 12}, {"type": "0", "fact": "RelationshipFactX: [3, 1, 'East', 'West', -2.0]", "id": 12}, {"type": "0", "fact": "RelationshipFactY: [3, 1, 'South', 'North', -4.0]", "id": 12}, {"type": "0", "fact": "RelationshipFactX: [3, 2, 'East', 'West', -2.0]", "id": 12}, {"type": "0", "fact": "RelationshipFactY: [3, 2, 'South', 'North', 0.0]", "id": 12}, {"type": "1", "fact": "VelocityXFact: [2, -4.0]", "id": 13}, {"type": "2", "fact": "VelocityXFact: [0, 1.0]", "id": 13}, {"type": "0", "fact": "VelocityYFact: [0, 0.0]", "id": 13}, {"type": "0", "fact": "VelocityXFact: [0, 1.0]", "id": 13}, {"type": "0", "fact": "AnimationFact: [0, 'Zombie', 2.0, 2.0]", "id": 13}, {"type": "0", "fact": "PositionXFact: [0, 6.0]", "id": 13}, {"type": "0", "fact": "PositionYFact: [0, 5.0]", "id": 13}, {"type": "0", "fact": "VelocityXFact: [1, 1.0]", "id": 13}, {"type": "0", "fact": "VelocityYFact: [1, 0.0]", "id": 13}, {"type": "0", "fact": "AnimationFact: [1, 'Black Guy', 2.0, 2.0]", "id": 13}, {"type": "0", "fact": "PositionXFact: [1, 17.0]", "id": 13}, {"type": "0", "fact": "PositionYFact: [1, 1.0]", "id": 13}, {"type": "0", "fact": "VelocityXFact: [2, -4.0]", "id": 13}, {"type": "0", "fact": "VelocityYFact: [2, -2.0]", "id": 13}, {"type": "0", "fact": "AnimationFact: [2, 'Black Guy', 2.0, 2.0]", "id": 13}, {"type": "0", "fact": "PositionXFact: [2, 0.0]", "id": 13}, {"type": "0", "fact": "PositionYFact: [2, 3.0]", "id": 13}, {"type": "0", "fact": "VelocityYFact: [3, 0.0]", "id": 13}, {"type": "0", "fact": "VelocityXFact: [3, 1.0]", "id": 13}, {"type": "0", "fact": "AnimationFact: [3, 'Black Guy', 2.0, 2.0]", "id": 13}, {"type": "0", "fact": "PositionXFact: [3, 0.0]", "id": 13}, {"type": "0", "fact": "PositionYFact: [3, 7.0]", "id": 13}, {"type": "0", "fact": "VariableFact: ['space', False]", "id": 13}, {"type": "0", "fact": "VariableFact: ['up', False]", "id": 13}, {"type": "0", "fact": "VariableFact: ['down', False]", "id": 13}, {"type": "0", "fact": "VariableFact: ['left', False]", "id": 13}, {"type": "0", "fact": "VariableFact: ['right', True]", "id": 13}, {"type": "0", "fact": "VariableFact: ['spacePrev', False]", "id": 13}, {"type": "0", "fact": "VariableFact: ['upPrev', False]", "id": 13}, {"type": "0", "fact": "VariableFact: ['downPrev', False]", "id": 13}, {"type": "0", "fact": "VariableFact: ['leftPrev', False]", "id": 13}, {"type": "0", "fact": "VariableFact: ['rightPrev', True]", "id": 13}, {"type": "0", "fact": "RelationshipFactX: [0, 1, 'East', 'West', -9.0]", "id": 13}, {"type": "0", "fact": "RelationshipFactY: [0, 1, 'North', 'South', 2.0]", "id": 13}, {"type": "0", "fact": "RelationshipFactX: [0, 2, 'West', 'East', 4.0]", "id": 13}, {"type": "0", "fact": "RelationshipFactY: [0, 2, 'North', 'South', 0.0]", "id": 13}, {"type": "0", "fact": "RelationshipFactX: [0, 3, 'West', 'East', 4.0]", "id": 13}, {"type": "0", "fact": "RelationshipFactY: [0, 3, 'South', 'North', 0.0]", "id": 13}, {"type": "0", "fact": "RelationshipFactX: [1, 0, 'West', 'East', 9.0]", "id": 13}, {"type": "0", "fact": "RelationshipFactY: [1, 0, 'South', 'North', -2.0]", "id": 13}, {"type": "0", "fact": "RelationshipFactX: [1, 2, 'West', 'East', 15.0]", "id": 13}, {"type": "0", "fact": "RelationshipFactY: [1, 2, 'South', 'North', 0.0]", "id": 13}, {"type": "0", "fact": "RelationshipFactX: [1, 3, 'West', 'East', 15.0]", "id": 13}, {"type": "0", "fact": "RelationshipFactY: [1, 3, 'South', 'North', -4.0]", "id": 13}, {"type": "0", "fact": "RelationshipFactX: [2, 0, 'East', 'West', -4.0]", "id": 13}, {"type": "0", "fact": "RelationshipFactY: [2, 0, 'South', 'North', 0.0]", "id": 13}, {"type": "0", "fact": "RelationshipFactX: [2, 1, 'East', 'West', -15.0]", "id": 13}, {"type": "0", "fact": "RelationshipFactY: [2, 1, 'North', 'South', 0.0]", "id": 13}, {"type": "0", "fact": "RelationshipFactX: [2, 3, 'North', 'North', 0.0]", "id": 13}, {"type": "0", "fact": "RelationshipFactY: [2, 3, 'South', 'North', -2.0]", "id": 13}, {"type": "0", "fact": "RelationshipFactX: [3, 0, 'East', 'West', -4.0]", "id": 13}, {"type": "0", "fact": "RelationshipFactY: [3, 0, 'North', 'South', 0.0]", "id": 13}, {"type": "0", "fact": "RelationshipFactX: [3, 1, 'East', 'West', -15.0]", "id": 13}, {"type": "0", "fact": "RelationshipFactY: [3, 1, 'North', 'South', 4.0]", "id": 13}, {"type": "0", "fact": "RelationshipFactX: [3, 2, 'North', 'North', 0.0]", "id": 13}, {"type": "0", "fact": "RelationshipFactY: [3, 2, 'North', 'South', 2.0]", "id": 13}, {"type": "1", "fact": "VelocityYFact: [2, -2.0]", "id": 14}, {"type": "2", "fact": "VelocityYFact: [0, 0.0]", "id": 14}, {"type": "0", "fact": "VelocityYFact: [0, 0.0]", "id": 14}, {"type": "0", "fact": "VelocityXFact: [0, 1.0]", "id": 14}, {"type": "0", "fact": "AnimationFact: [0, 'Zombie', 2.0, 2.0]", "id": 14}, {"type": "0", "fact": "PositionXFact: [0, 6.0]", "id": 14}, {"type": "0", "fact": "PositionYFact: [0, 5.0]", "id": 14}, {"type": "0", "fact": "VelocityXFact: [1, 1.0]", "id": 14}, {"type": "0", "fact": "VelocityYFact: [1, 0.0]", "id": 14}, {"type": "0", "fact": "AnimationFact: [1, 'Black Guy', 2.0, 2.0]", "id": 14}, {"type": "0", "fact": "PositionXFact: [1, 17.0]", "id": 14}, {"type": "0", "fact": "PositionYFact: [1, 1.0]", "id": 14}, {"type": "0", "fact": "VelocityYFact: [2, -2.0]", "id": 14}, {"type": "0", "fact": "VelocityXFact: [2, 1.0]", "id": 14}, {"type": "0", "fact": "AnimationFact: [2, 'Black Guy', 2.0, 2.0]", "id": 14}, {"type": "0", "fact": "PositionXFact: [2, 0.0]", "id": 14}, {"type": "0", "fact": "PositionYFact: [2, 3.0]", "id": 14}, {"type": "0", "fact": "VelocityYFact: [3, 0.0]", "id": 14}, {"type": "0", "fact": "VelocityXFact: [3, 1.0]", "id": 14}, {"type": "0", "fact": "AnimationFact: [3, 'Black Guy', 2.0, 2.0]", "id": 14}, {"type": "0", "fact": "PositionXFact: [3, 0.0]", "id": 14}, {"type": "0", "fact": "PositionYFact: [3, 7.0]", "id": 14}, {"type": "0", "fact": "VariableFact: ['space', False]", "id": 14}, {"type": "0", "fact": "VariableFact: ['up', False]", "id": 14}, {"type": "0", "fact": "VariableFact: ['down', False]", "id": 14}, {"type": "0", "fact": "VariableFact: ['left', False]", "id": 14}, {"type": "0", "fact": "VariableFact: ['right', True]", "id": 14}, {"type": "0", "fact": "VariableFact: ['spacePrev', False]", "id": 14}, {"type": "0", "fact": "VariableFact: ['upPrev', False]", "id": 14}, {"type": "0", "fact": "VariableFact: ['downPrev', False]", "id": 14}, {"type": "0", "fact": "VariableFact: ['leftPrev', False]", "id": 14}, {"type": "0", "fact": "VariableFact: ['rightPrev', True]", "id": 14}, {"type": "0", "fact": "RelationshipFactX: [0, 1, 'East', 'West', -9.0]", "id": 14}, {"type": "0", "fact": "RelationshipFactY: [0, 1, 'North', 'South', 2.0]", "id": 14}, {"type": "0", "fact": "RelationshipFactX: [0, 2, 'West', 'East', 4.0]", "id": 14}, {"type": "0", "fact": "RelationshipFactY: [0, 2, 'North', 'South', 0.0]", "id": 14}, {"type": "0", "fact": "RelationshipFactX: [0, 3, 'West', 'East', 4.0]", "id": 14}, {"type": "0", "fact": "RelationshipFactY: [0, 3, 'South', 'North', 0.0]", "id": 14}, {"type": "0", "fact": "RelationshipFactX: [1, 0, 'West', 'East', 9.0]", "id": 14}, {"type": "0", "fact": "RelationshipFactY: [1, 0, 'South', 'North', -2.0]", "id": 14}, {"type": "0", "fact": "RelationshipFactX: [1, 2, 'West', 'East', 15.0]", "id": 14}, {"type": "0", "fact": "RelationshipFactY: [1, 2, 'South', 'North', 0.0]", "id": 14}, {"type": "0", "fact": "RelationshipFactX: [1, 3, 'West', 'East', 15.0]", "id": 14}, {"type": "0", "fact": "RelationshipFactY: [1, 3, 'South', 'North', -4.0]", "id": 14}, {"type": "0", "fact": "RelationshipFactX: [2, 0, 'East', 'West', -4.0]", "id": 14}, {"type": "0", "fact": "RelationshipFactY: [2, 0, 'South', 'North', 0.0]", "id": 14}, {"type": "0", "fact": "RelationshipFactX: [2, 1, 'East', 'West', -15.0]", "id": 14}, {"type": "0", "fact": "RelationshipFactY: [2, 1, 'North', 'South', 0.0]", "id": 14}, {"type": "0", "fact": "RelationshipFactX: [2, 3, 'North', 'North', 0.0]", "id": 14}, {"type": "0", "fact": "RelationshipFactY: [2, 3, 'South', 'North', -2.0]", "id": 14}, {"type": "0", "fact": "RelationshipFactX: [3, 0, 'East', 'West', -4.0]", "id": 14}, {"type": "0", "fact": "RelationshipFactY: [3, 0, 'North', 'South', 0.0]", "id": 14}, {"type": "0", "fact": "RelationshipFactX: [3, 1, 'East', 'West', -15.0]", "id": 14}, {"type": "0", "fact": "RelationshipFactY: [3, 1, 'North', 'South', 4.0]", "id": 14}, {"type": "0", "fact": "RelationshipFactX: [3, 2, 'North', 'North', 0.0]", "id": 14}, {"type": "0", "fact": "RelationshipFactY: [3, 2, 'North', 'South', 2.0]", "id": 14}, {"type": "1", "fact": "VelocityXFact: [1, 1.0]", "id": 15}, {"type": "2", "fact": "VelocityXFact: [3, -20.0]", "id": 15}, {"type": "0", "fact": "VelocityYFact: [0, 0.0]", "id": 15}, {"type": "0", "fact": "VelocityXFact: [0, -1.0]", "id": 15}, {"type": "0", "fact": "AnimationFact: [0, 'Zombie', 2.0, 2.0]", "id": 15}, {"type": "0", "fact": "PositionXFact: [0, 7.0]", "id": 15}, {"type": "0", "fact": "PositionYFact: [0, 5.0]", "id": 15}, {"type": "0", "fact": "VelocityXFact: [1, 1.0]", "id": 15}, {"type": "0", "fact": "VelocityYFact: [1, 0.0]", "id": 15}, {"type": "0", "fact": "AnimationFact: [1, 'Black Guy', 2.0, 2.0]", "id": 15}, {"type": "0", "fact": "PositionXFact: [1, 20.0]", "id": 15}, {"type": "0", "fact": "PositionYFact: [1, 1.0]", "id": 15}, {"type": "0", "fact": "VelocityXFact: [2, 1.0]", "id": 15}, {"type": "0", "fact": "VelocityYFact: [2, 0.0]", "id": 15}, {"type": "0", "fact": "AnimationFact: [2, 'Black Guy', 2.0, 2.0]", "id": 15}, {"type": "0", "fact": "PositionXFact: [2, 3.0]", "id": 15}, {"type": "0", "fact": "PositionYFact: [2, 3.0]", "id": 15}, {"type": "0", "fact": "VelocityYFact: [3, 0.0]", "id": 15}, {"type": "0", "fact": "VelocityXFact: [3, 1.0]", "id": 15}, {"type": "0", "fact": "AnimationFact: [3, 'Black Guy', 2.0, 2.0]", "id": 15}, {"type": "0", "fact": "PositionXFact: [3, 3.0]", "id": 15}, {"type": "0", "fact": "PositionYFact: [3, 7.0]", "id": 15}, {"type": "0", "fact": "VariableFact: ['space', False]", "id": 15}, {"type": "0", "fact": "VariableFact: ['up', False]", "id": 15}, {"type": "0", "fact": "VariableFact: ['down', False]", "id": 15}, {"type": "0", "fact": "VariableFact: ['left', False]", "id": 15}, {"type": "0", "fact": "VariableFact: ['right', False]", "id": 15}, {"type": "0", "fact": "VariableFact: ['spacePrev', False]", "id": 15}, {"type": "0", "fact": "VariableFact: ['upPrev', False]", "id": 15}, {"type": "0", "fact": "VariableFact: ['downPrev', False]", "id": 15}, {"type": "0", "fact": "VariableFact: ['leftPrev', False]", "id": 15}, {"type": "0", "fact": "VariableFact: ['rightPrev', False]", "id": 15}, {"type": "0", "fact": "RelationshipFactX: [0, 1, 'East', 'West', -11.0]", "id": 15}, {"type": "0", "fact": "RelationshipFactY: [0, 1, 'North', 'South', 2.0]", "id": 15}, {"type": "0", "fact": "RelationshipFactX: [0, 2, 'West', 'East', 2.0]", "id": 15}, {"type": "0", "fact": "RelationshipFactY: [0, 2, 'North', 'South', 0.0]", "id": 15}, {"type": "0", "fact": "RelationshipFactX: [0, 3, 'West', 'East', 2.0]", "id": 15}, {"type": "0", "fact": "RelationshipFactY: [0, 3, 'South', 'North', 0.0]", "id": 15}, {"type": "0", "fact": "RelationshipFactX: [1, 0, 'West', 'East', 11.0]", "id": 15}, {"type": "0", "fact": "RelationshipFactY: [1, 0, 'South', 'North', -2.0]", "id": 15}, {"type": "0", "fact": "RelationshipFactX: [1, 2, 'West', 'East', 15.0]", "id": 15}, {"type": "0", "fact": "RelationshipFactY: [1, 2, 'South', 'North', 0.0]", "id": 15}, {"type": "0", "fact": "RelationshipFactX: [1, 3, 'West', 'East', 15.0]", "id": 15}, {"type": "0", "fact": "RelationshipFactY: [1, 3, 'South', 'North', -4.0]", "id": 15}, {"type": "0", "fact": "RelationshipFactX: [2, 0, 'East', 'West', -2.0]", "id": 15}, {"type": "0", "fact": "RelationshipFactY: [2, 0, 'South', 'North', 0.0]", "id": 15}, {"type": "0", "fact": "RelationshipFactX: [2, 1, 'East', 'West', -15.0]", "id": 15}, {"type": "0", "fact": "RelationshipFactY: [2, 1, 'North', 'South', 0.0]", "id": 15}, {"type": "0", "fact": "RelationshipFactX: [2, 3, 'North', 'North', 0.0]", "id": 15}, {"type": "0", "fact": "RelationshipFactY: [2, 3, 'South', 'North', -2.0]", "id": 15}, {"type": "0", "fact": "RelationshipFactX: [3, 0, 'East', 'West', -2.0]", "id": 15}, {"type": "0", "fact": "RelationshipFactY: [3, 0, 'North', 'South', 0.0]", "id": 15}, {"type": "0", "fact": "RelationshipFactX: [3, 1, 'East', 'West', -15.0]", "id": 15}, {"type": "0", "fact": "RelationshipFactY: [3, 1, 'North', 'South', 4.0]", "id": 15}, {"type": "0", "fact": "RelationshipFactX: [3, 2, 'North', 'North', 0.0]", "id": 15}, {"type": "0", "fact": "RelationshipFactY: [3, 2, 'North', 'South', 2.0]", "id": 15}, {"type": "1", "fact": "VelocityXFact: [2, 1.0]", "id": 16}, {"type": "2", "fact": "VelocityXFact: [0, 2.0]", "id": 16}, {"type": "0", "fact": "VelocityYFact: [0, 0.0]", "id": 16}, {"type": "0", "fact": "VelocityXFact: [0, -1.0]", "id": 16}, {"type": "0", "fact": "AnimationFact: [0, 'Zombie', 2.0, 2.0]", "id": 16}, {"type": "0", "fact": "PositionXFact: [0, 6.0]", "id": 16}, {"type": "0", "fact": "PositionYFact: [0, 5.0]", "id": 16}, {"type": "0", "fact": "VelocityYFact: [1, 0.0]", "id": 16}, {"type": "0", "fact": "VelocityXFact: [1, -20.0]", "id": 16}, {"type": "0", "fact": "AnimationFact: [1, 'Black Guy', 2.0, 2.0]", "id": 16}, {"type": "0", "fact": "PositionXFact: [1, 0.0]", "id": 16}, {"type": "0", "fact": "PositionYFact: [1, 1.0]", "id": 16}, {"type": "0", "fact": "VelocityXFact: [2, 1.0]", "id": 16}, {"type": "0", "fact": "VelocityYFact: [2, 0.0]", "id": 16}, {"type": "0", "fact": "AnimationFact: [2, 'Black Guy', 2.0, 2.0]", "id": 16}, {"type": "0", "fact": "PositionXFact: [2, 4.0]", "id": 16}, {"type": "0", "fact": "PositionYFact: [2, 3.0]", "id": 16}, {"type": "0", "fact": "VelocityYFact: [3, 0.0]", "id": 16}, {"type": "0", "fact": "VelocityXFact: [3, 1.0]", "id": 16}, {"type": "0", "fact": "AnimationFact: [3, 'Black Guy', 2.0, 2.0]", "id": 16}, {"type": "0", "fact": "PositionXFact: [3, 4.0]", "id": 16}, {"type": "0", "fact": "PositionYFact: [3, 7.0]", "id": 16}, {"type": "0", "fact": "VariableFact: ['space', False]", "id": 16}, {"type": "0", "fact": "VariableFact: ['up', False]", "id": 16}, {"type": "0", "fact": "VariableFact: ['down', False]", "id": 16}, {"type": "0", "fact": "VariableFact: ['left', False]", "id": 16}, {"type": "0", "fact": "VariableFact: ['right', False]", "id": 16}, {"type": "0", "fact": "VariableFact: ['spacePrev', False]", "id": 16}, {"type": "0", "fact": "VariableFact: ['upPrev', False]", "id": 16}, {"type": "0", "fact": "VariableFact: ['downPrev', False]", "id": 16}, {"type": "0", "fact": "VariableFact: ['leftPrev', False]", "id": 16}, {"type": "0", "fact": "VariableFact: ['rightPrev', False]", "id": 16}, {"type": "0", "fact": "RelationshipFactX: [0, 1, 'West', 'East', 4.0]", "id": 16}, {"type": "0", "fact": "RelationshipFactY: [0, 1, 'North', 'South', 2.0]", "id": 16}, {"type": "0", "fact": "RelationshipFactX: [0, 2, 'West', 'East', 0.0]", "id": 16}, {"type": "0", "fact": "RelationshipFactY: [0, 2, 'North', 'South', 0.0]", "id": 16}, {"type": "0", "fact": "RelationshipFactX: [0, 3, 'West', 'East', 0.0]", "id": 16}, {"type": "0", "fact": "RelationshipFactY: [0, 3, 'South', 'North', 0.0]", "id": 16}, {"type": "0", "fact": "RelationshipFactX: [1, 0, 'East', 'West', -4.0]", "id": 16}, {"type": "0", "fact": "RelationshipFactY: [1, 0, 'South', 'North', -2.0]", "id": 16}, {"type": "0", "fact": "RelationshipFactX: [1, 2, 'East', 'West', -2.0]", "id": 16}, {"type": "0", "fact": "RelationshipFactY: [1, 2, 'South', 'North', 0.0]", "id": 16}, {"type": "0", "fact": "RelationshipFactX: [1, 3, 'East', 'West', -2.0]", "id": 16}, {"type": "0", "fact": "RelationshipFactY: [1, 3, 'South', 'North', -4.0]", "id": 16}, {"type": "0", "fact": "RelationshipFactX: [2, 0, 'East', 'West', 0.0]", "id": 16}, {"type": "0", "fact": "RelationshipFactY: [2, 0, 'South', 'North', 0.0]", "id": 16}, {"type": "0", "fact": "RelationshipFactX: [2, 1, 'West', 'East', 2.0]", "id": 16}, {"type": "0", "fact": "RelationshipFactY: [2, 1, 'North', 'South', 0.0]", "id": 16}, {"type": "0", "fact": "RelationshipFactX: [2, 3, 'North', 'North', 0.0]", "id": 16}, {"type": "0", "fact": "RelationshipFactY: [2, 3, 'South', 'North', -2.0]", "id": 16}, {"type": "0", "fact": "RelationshipFactX: [3, 0, 'East', 'West', 0.0]", "id": 16}, {"type": "0", "fact": "RelationshipFactY: [3, 0, 'North', 'South', 0.0]", "id": 16}, {"type": "0", "fact": "RelationshipFactX: [3, 1, 'West', 'East', 2.0]", "id": 16}, {"type": "0", "fact": "RelationshipFactY: [3, 1, 'North', 'South', 4.0]", "id": 16}, {"type": "0", "fact": "RelationshipFactX: [3, 2, 'North', 'North', 0.0]", "id": 16}, {"type": "0", "fact": "RelationshipFactY: [3, 2, 'North', 'South', 2.0]", "id": 16}, {"type": "1", "fact": "VelocityXFact: [1, -20.0]", "id": 17}, {"type": "2", "fact": "VelocityXFact: [3, 1.0]", "id": 17}, {"type": "0", "fact": "VelocityYFact: [0, 0.0]", "id": 17}, {"type": "0", "fact": "VelocityXFact: [0, -1.0]", "id": 17}, {"type": "0", "fact": "AnimationFact: [0, 'Zombie', 2.0, 2.0]", "id": 17}, {"type": "0", "fact": "PositionXFact: [0, 6.0]", "id": 17}, {"type": "0", "fact": "PositionYFact: [0, 5.0]", "id": 17}, {"type": "0", "fact": "VelocityYFact: [1, 0.0]", "id": 17}, {"type": "0", "fact": "VelocityXFact: [1, -20.0]", "id": 17}, {"type": "0", "fact": "AnimationFact: [1, 'Black Guy', 2.0, 2.0]", "id": 17}, {"type": "0", "fact": "PositionXFact: [1, 0.0]", "id": 17}, {"type": "0", "fact": "PositionYFact: [1, 1.0]", "id": 17}, {"type": "0", "fact": "VelocityYFact: [2, 0.0]", "id": 17}, {"type": "0", "fact": "VelocityXFact: [2, 2.0]", "id": 17}, {"type": "0", "fact": "AnimationFact: [2, 'Black Guy', 2.0, 2.0]", "id": 17}, {"type": "0", "fact": "PositionXFact: [2, 4.0]", "id": 17}, {"type": "0", "fact": "PositionYFact: [2, 3.0]", "id": 17}, {"type": "0", "fact": "VelocityYFact: [3, 0.0]", "id": 17}, {"type": "0", "fact": "VelocityXFact: [3, 1.0]", "id": 17}, {"type": "0", "fact": "AnimationFact: [3, 'Black Guy', 2.0, 2.0]", "id": 17}, {"type": "0", "fact": "PositionXFact: [3, 4.0]", "id": 17}, {"type": "0", "fact": "PositionYFact: [3, 7.0]", "id": 17}, {"type": "0", "fact": "VariableFact: ['space', False]", "id": 17}, {"type": "0", "fact": "VariableFact: ['up', False]", "id": 17}, {"type": "0", "fact": "VariableFact: ['down', False]", "id": 17}, {"type": "0", "fact": "VariableFact: ['left', False]", "id": 17}, {"type": "0", "fact": "VariableFact: ['right', False]", "id": 17}, {"type": "0", "fact": "VariableFact: ['spacePrev', False]", "id": 17}, {"type": "0", "fact": "VariableFact: ['upPrev', False]", "id": 17}, {"type": "0", "fact": "VariableFact: ['downPrev', False]", "id": 17}, {"type": "0", "fact": "VariableFact: ['leftPrev', False]", "id": 17}, {"type": "0", "fact": "VariableFact: ['rightPrev', False]", "id": 17}, {"type": "0", "fact": "RelationshipFactX: [0, 1, 'West', 'East', 4.0]", "id": 17}, {"type": "0", "fact": "RelationshipFactY: [0, 1, 'North', 'South', 2.0]", "id": 17}, {"type": "0", "fact": "RelationshipFactX: [0, 2, 'West', 'East', 0.0]", "id": 17}, {"type": "0", "fact": "RelationshipFactY: [0, 2, 'North', 'South', 0.0]", "id": 17}, {"type": "0", "fact": "RelationshipFactX: [0, 3, 'West', 'East', 0.0]", "id": 17}, {"type": "0", "fact": "RelationshipFactY: [0, 3, 'South', 'North', 0.0]", "id": 17}, {"type": "0", "fact": "RelationshipFactX: [1, 0, 'East', 'West', -4.0]", "id": 17}, {"type": "0", "fact": "RelationshipFactY: [1, 0, 'South', 'North', -2.0]", "id": 17}, {"type": "0", "fact": "RelationshipFactX: [1, 2, 'East', 'West', -2.0]", "id": 17}, {"type": "0", "fact": "RelationshipFactY: [1, 2, 'South', 'North', 0.0]", "id": 17}, {"type": "0", "fact": "RelationshipFactX: [1, 3, 'East', 'West', -2.0]", "id": 17}, {"type": "0", "fact": "RelationshipFactY: [1, 3, 'South', 'North', -4.0]", "id": 17}, {"type": "0", "fact": "RelationshipFactX: [2, 0, 'East', 'West', 0.0]", "id": 17}, {"type": "0", "fact": "RelationshipFactY: [2, 0, 'South', 'North', 0.0]", "id": 17}, {"type": "0", "fact": "RelationshipFactX: [2, 1, 'West', 'East', 2.0]", "id": 17}, {"type": "0", "fact": "RelationshipFactY: [2, 1, 'North', 'South', 0.0]", "id": 17}, {"type": "0", "fact": "RelationshipFactX: [2, 3, 'North', 'North', 0.0]", "id": 17}, {"type": "0", "fact": "RelationshipFactY: [2, 3, 'South', 'North', -2.0]", "id": 17}, {"type": "0", "fact": "RelationshipFactX: [3, 0, 'East', 'West', 0.0]", "id": 17}, {"type": "0", "fact": "RelationshipFactY: [3, 0, 'North', 'South', 0.0]", "id": 17}, {"type": "0", "fact": "RelationshipFactX: [3, 1, 'West', 'East', 2.0]", "id": 17}, {"type": "0", "fact": "RelationshipFactY: [3, 1, 'North', 'South', 4.0]", "id": 17}, {"type": "0", "fact": "RelationshipFactX: [3, 2, 'North', 'North', 0.0]", "id": 17}, {"type": "0", "fact": "RelationshipFactY: [3, 2, 'North', 'South', 2.0]", "id": 17}, {"type": "1", "fact": "VelocityXFact: [3, 1.0]", "id": 18}, {"type": "2", "fact": "VelocityXFact: [0, 2.0]", "id": 18}, {"type": "0", "fact": "VelocityYFact: [0, 0.0]", "id": 18}, {"type": "0", "fact": "VelocityXFact: [0, -1.0]", "id": 18}, {"type": "0", "fact": "AnimationFact: [0, 'Zombie', 2.0, 2.0]", "id": 18}, {"type": "0", "fact": "PositionXFact: [0, 6.0]", "id": 18}, {"type": "0", "fact": "PositionYFact: [0, 5.0]", "id": 18}, {"type": "0", "fact": "VelocityYFact: [1, 0.0]", "id": 18}, {"type": "0", "fact": "VelocityXFact: [1, 1.0]", "id": 18}, {"type": "0", "fact": "AnimationFact: [1, 'Black Guy', 2.0, 2.0]", "id": 18}, {"type": "0", "fact": "PositionXFact: [1, 0.0]", "id": 18}, {"type": "0", "fact": "PositionYFact: [1, 1.0]", "id": 18}, {"type": "0", "fact": "VelocityYFact: [2, 0.0]", "id": 18}, {"type": "0", "fact": "VelocityXFact: [2, 2.0]", "id": 18}, {"type": "0", "fact": "AnimationFact: [2, 'Black Guy', 2.0, 2.0]", "id": 18}, {"type": "0", "fact": "PositionXFact: [2, 4.0]", "id": 18}, {"type": "0", "fact": "PositionYFact: [2, 3.0]", "id": 18}, {"type": "0", "fact": "VelocityYFact: [3, 0.0]", "id": 18}, {"type": "0", "fact": "VelocityXFact: [3, 1.0]", "id": 18}, {"type": "0", "fact": "AnimationFact: [3, 'Black Guy', 2.0, 2.0]", "id": 18}, {"type": "0", "fact": "PositionXFact: [3, 4.0]", "id": 18}, {"type": "0", "fact": "PositionYFact: [3, 7.0]", "id": 18}, {"type": "0", "fact": "VariableFact: ['space', False]", "id": 18}, {"type": "0", "fact": "VariableFact: ['up', False]", "id": 18}, {"type": "0", "fact": "VariableFact: ['down', False]", "id": 18}, {"type": "0", "fact": "VariableFact: ['left', False]", "id": 18}, {"type": "0", "fact": "VariableFact: ['right', False]", "id": 18}, {"type": "0", "fact": "VariableFact: ['spacePrev', False]", "id": 18}, {"type": "0", "fact": "VariableFact: ['upPrev', False]", "id": 18}, {"type": "0", "fact": "VariableFact: ['downPrev', False]", "id": 18}, {"type": "0", "fact": "VariableFact: ['leftPrev', False]", "id": 18}, {"type": "0", "fact": "VariableFact: ['rightPrev', False]", "id": 18}, {"type": "0", "fact": "RelationshipFactX: [0, 1, 'West', 'East', 4.0]", "id": 18}, {"type": "0", "fact": "RelationshipFactY: [0, 1, 'North', 'South', 2.0]", "id": 18}, {"type": "0", "fact": "RelationshipFactX: [0, 2, 'West', 'East', 0.0]", "id": 18}, {"type": "0", "fact": "RelationshipFactY: [0, 2, 'North', 'South', 0.0]", "id": 18}, {"type": "0", "fact": "RelationshipFactX: [0, 3, 'West', 'East', 0.0]", "id": 18}, {"type": "0", "fact": "RelationshipFactY: [0, 3, 'South', 'North', 0.0]", "id": 18}, {"type": "0", "fact": "RelationshipFactX: [1, 0, 'East', 'West', -4.0]", "id": 18}, {"type": "0", "fact": "RelationshipFactY: [1, 0, 'South', 'North', -2.0]", "id": 18}, {"type": "0", "fact": "RelationshipFactX: [1, 2, 'East', 'West', -2.0]", "id": 18}, {"type": "0", "fact": "RelationshipFactY: [1, 2, 'South', 'North', 0.0]", "id": 18}, {"type": "0", "fact": "RelationshipFactX: [1, 3, 'East', 'West', -2.0]", "id": 18}, {"type": "0", "fact": "RelationshipFactY: [1, 3, 'South', 'North', -4.0]", "id": 18}, {"type": "0", "fact": "RelationshipFactX: [2, 0, 'East', 'West', 0.0]", "id": 18}, {"type": "0", "fact": "RelationshipFactY: [2, 0, 'South', 'North', 0.0]", "id": 18}, {"type": "0", "fact": "RelationshipFactX: [2, 1, 'West', 'East', 2.0]", "id": 18}, {"type": "0", "fact": "RelationshipFactY: [2, 1, 'North', 'South', 0.0]", "id": 18}, {"type": "0", "fact": "RelationshipFactX: [2, 3, 'North', 'North', 0.0]", "id": 18}, {"type": "0", "fact": "RelationshipFactY: [2, 3, 'South', 'North', -2.0]", "id": 18}, {"type": "0", "fact": "RelationshipFactX: [3, 0, 'East', 'West', 0.0]", "id": 18}, {"type": "0", "fact": "RelationshipFactY: [3, 0, 'North', 'South', 0.0]", "id": 18}, {"type": "0", "fact": "RelationshipFactX: [3, 1, 'West', 'East', 2.0]", "id": 18}, {"type": "0", "fact": "RelationshipFactY: [3, 1, 'North', 'South', 4.0]", "id": 18}, {"type": "0", "fact": "RelationshipFactX: [3, 2, 'North', 'North', 0.0]", "id": 18}, {"type": "0", "fact": "RelationshipFactY: [3, 2, 'North', 'South', 2.0]", "id": 18}, {"type": "1", "fact": "VelocityXFact: [2, 2.0]", "id": 19}, {"type": "2", "fact": "VelocityXFact: [1, 1.0]", "id": 19}, {"type": "0", "fact": "VelocityYFact: [0, 0.0]", "id": 19}, {"type": "0", "fact": "VelocityXFact: [0, -1.0]", "id": 19}, {"type": "0", "fact": "AnimationFact: [0, 'Zombie', 2.0, 2.0]", "id": 19}, {"type": "0", "fact": "PositionXFact: [0, 5.0]", "id": 19}, {"type": "0", "fact": "PositionYFact: [0, 5.0]", "id": 19}, {"type": "0", "fact": "VelocityYFact: [1, 0.0]", "id": 19}, {"type": "0", "fact": "VelocityXFact: [1, 1.0]", "id": 19}, {"type": "0", "fact": "AnimationFact: [1, 'Black Guy', 2.0, 2.0]", "id": 19}, {"type": "0", "fact": "PositionXFact: [1, 1.0]", "id": 19}, {"type": "0", "fact": "PositionYFact: [1, 1.0]", "id": 19}, {"type": "0", "fact": "VelocityYFact: [2, 0.0]", "id": 19}, {"type": "0", "fact": "VelocityXFact: [2, 2.0]", "id": 19}, {"type": "0", "fact": "AnimationFact: [2, 'Black Guy', 2.0, 2.0]", "id": 19}, {"type": "0", "fact": "PositionXFact: [2, 6.0]", "id": 19}, {"type": "0", "fact": "PositionYFact: [2, 3.0]", "id": 19}, {"type": "0", "fact": "VelocityYFact: [3, 0.0]", "id": 19}, {"type": "0", "fact": "VelocityXFact: [3, 2.0]", "id": 19}, {"type": "0", "fact": "AnimationFact: [3, 'Black Guy', 2.0, 2.0]", "id": 19}, {"type": "0", "fact": "PositionXFact: [3, 6.0]", "id": 19}, {"type": "0", "fact": "PositionYFact: [3, 7.0]", "id": 19}, {"type": "0", "fact": "VariableFact: ['space', False]", "id": 19}, {"type": "0", "fact": "VariableFact: ['up', False]", "id": 19}, {"type": "0", "fact": "VariableFact: ['down', False]", "id": 19}, {"type": "0", "fact": "VariableFact: ['left', False]", "id": 19}, {"type": "0", "fact": "VariableFact: ['right', False]", "id": 19}, {"type": "0", "fact": "VariableFact: ['spacePrev', False]", "id": 19}, {"type": "0", "fact": "VariableFact: ['upPrev', False]", "id": 19}, {"type": "0", "fact": "VariableFact: ['downPrev', False]", "id": 19}, {"type": "0", "fact": "VariableFact: ['leftPrev', False]", "id": 19}, {"type": "0", "fact": "VariableFact: ['rightPrev', False]", "id": 19}, {"type": "0", "fact": "RelationshipFactX: [0, 1, 'West', 'East', 2.0]", "id": 19}, {"type": "0", "fact": "RelationshipFactY: [0, 1, 'North', 'South', 2.0]", "id": 19}, {"type": "0", "fact": "RelationshipFactX: [0, 2, 'North', 'West', 0.0]", "id": 19}, {"type": "0", "fact": "RelationshipFactY: [0, 2, 'North', 'South', 0.0]", "id": 19}, {"type": "0", "fact": "RelationshipFactX: [0, 3, 'North', 'West', 0.0]", "id": 19}, {"type": "0", "fact": "RelationshipFactY: [0, 3, 'South', 'North', 0.0]", "id": 19}, {"type": "0", "fact": "RelationshipFactX: [1, 0, 'East', 'West', -2.0]", "id": 19}, {"type": "0", "fact": "RelationshipFactY: [1, 0, 'South', 'North', -2.0]", "id": 19}, {"type": "0", "fact": "RelationshipFactX: [1, 2, 'East', 'West', -3.0]", "id": 19}, {"type": "0", "fact": "RelationshipFactY: [1, 2, 'South', 'North', 0.0]", "id": 19}, {"type": "0", "fact": "RelationshipFactX: [1, 3, 'East', 'West', -3.0]", "id": 19}, {"type": "0", "fact": "RelationshipFactY: [1, 3, 'South', 'North', -4.0]", "id": 19}, {"type": "0", "fact": "RelationshipFactX: [2, 0, 'North', 'East', 0.0]", "id": 19}, {"type": "0", "fact": "RelationshipFactY: [2, 0, 'South', 'North', 0.0]", "id": 19}, {"type": "0", "fact": "RelationshipFactX: [2, 1, 'West', 'East', 3.0]", "id": 19}, {"type": "0", "fact": "RelationshipFactY: [2, 1, 'North', 'South', 0.0]", "id": 19}, {"type": "0", "fact": "RelationshipFactX: [2, 3, 'North', 'North', 0.0]", "id": 19}, {"type": "0", "fact": "RelationshipFactY: [2, 3, 'South', 'North', -2.0]", "id": 19}, {"type": "0", "fact": "RelationshipFactX: [3, 0, 'North', 'East', 0.0]", "id": 19}, {"type": "0", "fact": "RelationshipFactY: [3, 0, 'North', 'South', 0.0]", "id": 19}, {"type": "0", "fact": "RelationshipFactX: [3, 1, 'West', 'East', 3.0]", "id": 19}, {"type": "0", "fact": "RelationshipFactY: [3, 1, 'North', 'South', 4.0]", "id": 19}, {"type": "0", "fact": "RelationshipFactX: [3, 2, 'North', 'North', 0.0]", "id": 19}, {"type": "0", "fact": "RelationshipFactY: [3, 2, 'North', 'South', 2.0]", "id": 19}, {"type": "1", "fact": "VelocityXFact: [3, 2.0]", "id": 20}, {"type": "2", "fact": "VelocityXFact: [1, 1.0]", "id": 20}, {"type": "0", "fact": "VelocityYFact: [0, 0.0]", "id": 20}, {"type": "0", "fact": "VelocityXFact: [0, -1.0]", "id": 20}, {"type": "0", "fact": "AnimationFact: [0, 'Zombie', 2.0, 2.0]", "id": 20}, {"type": "0", "fact": "PositionXFact: [0, 5.0]", "id": 20}, {"type": "0", "fact": "PositionYFact: [0, 5.0]", "id": 20}, {"type": "0", "fact": "VelocityYFact: [1, 0.0]", "id": 20}, {"type": "0", "fact": "VelocityXFact: [1, 1.0]", "id": 20}, {"type": "0", "fact": "AnimationFact: [1, 'Black Guy', 2.0, 2.0]", "id": 20}, {"type": "0", "fact": "PositionXFact: [1, 1.0]", "id": 20}, {"type": "0", "fact": "PositionYFact: [1, 1.0]", "id": 20}, {"type": "0", "fact": "VelocityYFact: [2, 0.0]", "id": 20}, {"type": "0", "fact": "VelocityXFact: [2, 1.0]", "id": 20}, {"type": "0", "fact": "AnimationFact: [2, 'Black Guy', 2.0, 2.0]", "id": 20}, {"type": "0", "fact": "PositionXFact: [2, 6.0]", "id": 20}, {"type": "0", "fact": "PositionYFact: [2, 3.0]", "id": 20}, {"type": "0", "fact": "VelocityYFact: [3, 0.0]", "id": 20}, {"type": "0", "fact": "VelocityXFact: [3, 2.0]", "id": 20}, {"type": "0", "fact": "AnimationFact: [3, 'Black Guy', 2.0, 2.0]", "id": 20}, {"type": "0", "fact": "PositionXFact: [3, 6.0]", "id": 20}, {"type": "0", "fact": "PositionYFact: [3, 7.0]", "id": 20}, {"type": "0", "fact": "VariableFact: ['space', False]", "id": 20}, {"type": "0", "fact": "VariableFact: ['up', False]", "id": 20}, {"type": "0", "fact": "VariableFact: ['down', False]", "id": 20}, {"type": "0", "fact": "VariableFact: ['left', False]", "id": 20}, {"type": "0", "fact": "VariableFact: ['right', False]", "id": 20}, {"type": "0", "fact": "VariableFact: ['spacePrev', False]", "id": 20}, {"type": "0", "fact": "VariableFact: ['upPrev', False]", "id": 20}, {"type": "0", "fact": "VariableFact: ['downPrev', False]", "id": 20}, {"type": "0", "fact": "VariableFact: ['leftPrev', False]", "id": 20}, {"type": "0", "fact": "VariableFact: ['rightPrev', False]", "id": 20}, {"type": "0", "fact": "RelationshipFactX: [0, 1, 'West', 'East', 2.0]", "id": 20}, {"type": "0", "fact": "RelationshipFactY: [0, 1, 'North', 'South', 2.0]", "id": 20}, {"type": "0", "fact": "RelationshipFactX: [0, 2, 'North', 'West', 0.0]", "id": 20}, {"type": "0", "fact": "RelationshipFactY: [0, 2, 'North', 'South', 0.0]", "id": 20}, {"type": "0", "fact": "RelationshipFactX: [0, 3, 'North', 'West', 0.0]", "id": 20}, {"type": "0", "fact": "RelationshipFactY: [0, 3, 'South', 'North', 0.0]", "id": 20}, {"type": "0", "fact": "RelationshipFactX: [1, 0, 'East', 'West', -2.0]", "id": 20}, {"type": "0", "fact": "RelationshipFactY: [1, 0, 'South', 'North', -2.0]", "id": 20}, {"type": "0", "fact": "RelationshipFactX: [1, 2, 'East', 'West', -3.0]", "id": 20}, {"type": "0", "fact": "RelationshipFactY: [1, 2, 'South', 'North', 0.0]", "id": 20}, {"type": "0", "fact": "RelationshipFactX: [1, 3, 'East', 'West', -3.0]", "id": 20}, {"type": "0", "fact": "RelationshipFactY: [1, 3, 'South', 'North', -4.0]", "id": 20}, {"type": "0", "fact": "RelationshipFactX: [2, 0, 'North', 'East', 0.0]", "id": 20}, {"type": "0", "fact": "RelationshipFactY: [2, 0, 'South', 'North', 0.0]", "id": 20}, {"type": "0", "fact": "RelationshipFactX: [2, 1, 'West', 'East', 3.0]", "id": 20}, {"type": "0", "fact": "RelationshipFactY: [2, 1, 'North', 'South', 0.0]", "id": 20}, {"type": "0", "fact": "RelationshipFactX: [2, 3, 'North', 'North', 0.0]", "id": 20}, {"type": "0", "fact": "RelationshipFactY: [2, 3, 'South', 'North', -2.0]", "id": 20}, {"type": "0", "fact": "RelationshipFactX: [3, 0, 'North', 'East', 0.0]", "id": 20}, {"type": "0", "fact": "RelationshipFactY: [3, 0, 'North', 'South', 0.0]", "id": 20}, {"type": "0", "fact": "RelationshipFactX: [3, 1, 'West', 'East', 3.0]", "id": 20}, {"type": "0", "fact": "RelationshipFactY: [3, 1, 'North', 'South', 4.0]", "id": 20}, {"type": "0", "fact": "RelationshipFactX: [3, 2, 'North', 'North', 0.0]", "id": 20}, {"type": "0", "fact": "RelationshipFactY: [3, 2, 'North', 'South', 2.0]", "id": 20}, {"type": "1", "fact": "VelocityXFact: [0, -1.0]", "id": 21}, {"type": "2", "fact": "VelocityXFact: [0, 1.0]", "id": 21}, {"type": "0", "fact": "VelocityYFact: [0, 0.0]", "id": 21}, {"type": "0", "fact": "VelocityXFact: [0, -1.0]", "id": 21}, {"type": "0", "fact": "AnimationFact: [0, 'Zombie', 2.0, 2.0]", "id": 21}, {"type": "0", "fact": "PositionXFact: [0, 3.0]", "id": 21}, {"type": "0", "fact": "PositionYFact: [0, 5.0]", "id": 21}, {"type": "0", "fact": "VelocityYFact: [1, 0.0]", "id": 21}, {"type": "0", "fact": "VelocityXFact: [1, 1.0]", "id": 21}, {"type": "0", "fact": "AnimationFact: [1, 'Black Guy', 2.0, 2.0]", "id": 21}, {"type": "0", "fact": "PositionXFact: [1, 3.0]", "id": 21}, {"type": "0", "fact": "PositionYFact: [1, 1.0]", "id": 21}, {"type": "0", "fact": "VelocityYFact: [2, 0.0]", "id": 21}, {"type": "0", "fact": "VelocityXFact: [2, 1.0]", "id": 21}, {"type": "0", "fact": "AnimationFact: [2, 'Black Guy', 2.0, 2.0]", "id": 21}, {"type": "0", "fact": "PositionXFact: [2, 8.0]", "id": 21}, {"type": "0", "fact": "PositionYFact: [2, 3.0]", "id": 21}, {"type": "0", "fact": "VelocityYFact: [3, 0.0]", "id": 21}, {"type": "0", "fact": "VelocityXFact: [3, 1.0]", "id": 21}, {"type": "0", "fact": "AnimationFact: [3, 'Black Guy', 2.0, 2.0]", "id": 21}, {"type": "0", "fact": "PositionXFact: [3, 8.0]", "id": 21}, {"type": "0", "fact": "PositionYFact: [3, 7.0]", "id": 21}, {"type": "0", "fact": "VariableFact: ['space', False]", "id": 21}, {"type": "0", "fact": "VariableFact: ['up', False]", "id": 21}, {"type": "0", "fact": "VariableFact: ['down', False]", "id": 21}, {"type": "0", "fact": "VariableFact: ['left', False]", "id": 21}, {"type": "0", "fact": "VariableFact: ['right', True]", "id": 21}, {"type": "0", "fact": "VariableFact: ['spacePrev', False]", "id": 21}, {"type": "0", "fact": "VariableFact: ['upPrev', False]", "id": 21}, {"type": "0", "fact": "VariableFact: ['downPrev', False]", "id": 21}, {"type": "0", "fact": "VariableFact: ['leftPrev', False]", "id": 21}, {"type": "0", "fact": "VariableFact: ['rightPrev', True]", "id": 21}, {"type": "0", "fact": "RelationshipFactX: [0, 1, 'North', 'North', 0.0]", "id": 21}, {"type": "0", "fact": "RelationshipFactY: [0, 1, 'North', 'South', 2.0]", "id": 21}, {"type": "0", "fact": "RelationshipFactX: [0, 2, 'East', 'West', -3.0]", "id": 21}, {"type": "0", "fact": "RelationshipFactY: [0, 2, 'North', 'South', 0.0]", "id": 21}, {"type": "0", "fact": "RelationshipFactX: [0, 3, 'East', 'West', -3.0]", "id": 21}, {"type": "0", "fact": "RelationshipFactY: [0, 3, 'South', 'North', 0.0]", "id": 21}, {"type": "0", "fact": "RelationshipFactX: [1, 0, 'North', 'North', 0.0]", "id": 21}, {"type": "0", "fact": "RelationshipFactY: [1, 0, 'South', 'North', -2.0]", "id": 21}, {"type": "0", "fact": "RelationshipFactX: [1, 2, 'East', 'West', -3.0]", "id": 21}, {"type": "0", "fact": "RelationshipFactY: [1, 2, 'South', 'North', 0.0]", "id": 21}, {"type": "0", "fact": "RelationshipFactX: [1, 3, 'East', 'West', -3.0]", "id": 21}, {"type": "0", "fact": "RelationshipFactY: [1, 3, 'South', 'North', -4.0]", "id": 21}, {"type": "0", "fact": "RelationshipFactX: [2, 0, 'West', 'East', 3.0]", "id": 21}, {"type": "0", "fact": "RelationshipFactY: [2, 0, 'South', 'North', 0.0]", "id": 21}, {"type": "0", "fact": "RelationshipFactX: [2, 1, 'West', 'East', 3.0]", "id": 21}, {"type": "0", "fact": "RelationshipFactY: [2, 1, 'North', 'South', 0.0]", "id": 21}, {"type": "0", "fact": "RelationshipFactX: [2, 3, 'North', 'North', 0.0]", "id": 21}, {"type": "0", "fact": "RelationshipFactY: [2, 3, 'South', 'North', -2.0]", "id": 21}, {"type": "0", "fact": "RelationshipFactX: [3, 0, 'West', 'East', 3.0]", "id": 21}, {"type": "0", "fact": "RelationshipFactY: [3, 0, 'North', 'South', 0.0]", "id": 21}, {"type": "0", "fact": "RelationshipFactX: [3, 1, 'West', 'East', 3.0]", "id": 21}, {"type": "0", "fact": "RelationshipFactY: [3, 1, 'North', 'South', 4.0]", "id": 21}, {"type": "0", "fact": "RelationshipFactX: [3, 2, 'North', 'North', 0.0]", "id": 21}, {"type": "0", "fact": "RelationshipFactY: [3, 2, 'North', 'South', 2.0]", "id": 21}]