[{"type": "1", "fact": "EmptyFact: ", "id": 0}, {"type": "2", "fact": "EmptyFact: RelationshipFactX: [0, 1, 'East', 'West', 0.0]|RelationshipFactY: [0, 1, 'North', 'North', 0.0]|AnimationFact: [1, 'explosion2', 1.0, 1.0]|VelocityXFact: [1, 0]|VelocityYFact: [1, 0]|", "id": 0}, {"type": "0", "fact": "VelocityXFact: [0, 0]", "id": 0}, {"type": "0", "fact": "VelocityYFact: [0, 0]", "id": 0}, {"type": "0", "fact": "AnimationFact: [0, 'Gun', 2.0, 1.0]", "id": 0}, {"type": "0", "fact": "PositionXFact: [0, 3.0]", "id": 0}, {"type": "0", "fact": "PositionYFact: [0, 4.0]", "id": 0}, {"type": "0", "fact": "VelocityXFact: [1, 0]", "id": 0}, {"type": "0", "fact": "VelocityYFact: [1, 0]", "id": 0}, {"type": "0", "fact": "AnimationFact: [1, 'Target', 2.0, 2.0]", "id": 0}, {"type": "0", "fact": "PositionXFact: [1, 17.0]", "id": 0}, {"type": "0", "fact": "PositionYFact: [1, 4.0]", "id": 0}, {"type": "0", "fact": "VariableFact: ['space', False]", "id": 0}, {"type": "0", "fact": "VariableFact: ['up', False]", "id": 0}, {"type": "0", "fact": "VariableFact: ['down', False]", "id": 0}, {"type": "0", "fact": "VariableFact: ['left', False]", "id": 0}, {"type": "0", "fact": "VariableFact: ['right', False]", "id": 0}, {"type": "0", "fact": "VariableFact: ['spacePrev', False]", "id": 0}, {"type": "0", "fact": "VariableFact: ['upPrev', False]", "id": 0}, {"type": "0", "fact": "VariableFact: ['downPrev', False]", "id": 0}, {"type": "0", "fact": "VariableFact: ['leftPrev', False]", "id": 0}, {"type": "0", "fact": "VariableFact: ['rightPrev', False]", "id": 0}, {"type": "0", "fact": "RelationshipFactX: [0, 1, 'East', 'West', -12.0]", "id": 0}, {"type": "0", "fact": "RelationshipFactY: [0, 1, 'North', 'North', 0.0]", "id": 0}, {"type": "0", "fact": "RelationshipFactX: [1, 0, 'West', 'East', 12.0]", "id": 0}, {"type": "0", "fact": "RelationshipFactY: [1, 0, 'North', 'North', 0.0]", "id": 0}, {"type": "1", "fact": "VelocityXFact: [1, 0]", "id": 1}, {"type": "2", "fact": "VelocityXFact: [1, 1.0]", "id": 1}, {"type": "0", "fact": "VelocityXFact: [0, 0.0]", "id": 1}, {"type": "0", "fact": "VelocityYFact: [0, 0.0]", "id": 1}, {"type": "0", "fact": "AnimationFact: [0, 'Gun', 2.0, 1.0]", "id": 1}, {"type": "0", "fact": "PositionXFact: [0, 3.0]", "id": 1}, {"type": "0", "fact": "PositionYFact: [0, 4.0]", "id": 1}, {"type": "0", "fact": "VelocityXFact: [1, 0]", "id": 1}, {"type": "0", "fact": "VelocityYFact: [1, 0]", "id": 1}, {"type": "0", "fact": "AnimationFact: [1, 'explosion2', 1.0, 1.0]", "id": 1}, {"type": "0", "fact": "PositionXFact: [1, 5.0]", "id": 1}, {"type": "0", "fact": "PositionYFact: [1, 4.0]", "id": 1}, {"type": "0", "fact": "VelocityXFact: [2, 0.0]", "id": 1}, {"type": "0", "fact": "VelocityYFact: [2, 1.0]", "id": 1}, {"type": "0", "fact": "AnimationFact: [2, 'Target', 2.0, 2.0]", "id": 1}, {"type": "0", "fact": "PositionXFact: [2, 17.0]", "id": 1}, {"type": "0", "fact": "PositionYFact: [2, 5.0]", "id": 1}, {"type": "0", "fact": "VariableFact: ['space', False]", "id": 1}, {"type": "0", "fact": "VariableFact: ['up', False]", "id": 1}, {"type": "0", "fact": "VariableFact: ['down', False]", "id": 1}, {"type": "0", "fact": "VariableFact: ['left', False]", "id": 1}, {"type": "0", "fact": "VariableFact: ['right', True]", "id": 1}, {"type": "0", "fact": "VariableFact: ['spacePrev', False]", "id": 1}, {"type": "0", "fact": "VariableFact: ['upPrev', False]", "id": 1}, {"type": "0", "fact": "VariableFact: ['downPrev', False]", "id": 1}, {"type": "0", "fact": "VariableFact: ['leftPrev', False]", "id": 1}, {"type": "0", "fact": "VariableFact: ['rightPrev', False]", "id": 1}, {"type": "0", "fact": "RelationshipFactX: [0, 1, 'East', 'West', 0.0]", "id": 1}, {"type": "0", "fact": "RelationshipFactY: [0, 1, 'North', 'North', 0.0]", "id": 1}, {"type": "0", "fact": "RelationshipFactX: [0, 2, 'East', 'West', -12.0]", "id": 1}, {"type": "0", "fact": "RelationshipFactY: [0, 2, 'South', 'North', 0.0]", "id": 1}, {"type": "0", "fact": "RelationshipFactX: [1, 0, 'West', 'East', 0.0]", "id": 1}, {"type": "0", "fact": "RelationshipFactY: [1, 0, 'North', 'North', 0.0]", "id": 1}, {"type": "0", "fact": "RelationshipFactX: [1, 2, 'East', 'West', -11.0]", "id": 1}, {"type": "0", "fact": "RelationshipFactY: [1, 2, 'South', 'North', 0.0]", "id": 1}, {"type": "0", "fact": "RelationshipFactX: [2, 0, 'West', 'East', 12.0]", "id": 1}, {"type": "0", "fact": "RelationshipFactY: [2, 0, 'North', 'South', 0.0]", "id": 1}, {"type": "0", "fact": "RelationshipFactX: [2, 1, 'West', 'East', 11.0]", "id": 1}, {"type": "0", "fact": "RelationshipFactY: [2, 1, 'North', 'South', 0.0]", "id": 1}, {"type": "1", "fact": "VelocityYFact: [2, 1.0]", "id": 2}, {"type": "2", "fact": "VelocityYFact: [0, -2.0]", "id": 2}, {"type": "0", "fact": "VelocityXFact: [0, 0.0]", "id": 2}, {"type": "0", "fact": "VelocityYFact: [0, 0.0]", "id": 2}, {"type": "0", "fact": "AnimationFact: [0, 'Gun', 2.0, 1.0]", "id": 2}, {"type": "0", "fact": "PositionXFact: [0, 3.0]", "id": 2}, {"type": "0", "fact": "PositionYFact: [0, 4.0]", "id": 2}, {"type": "0", "fact": "VelocityYFact: [1, 0]", "id": 2}, {"type": "0", "fact": "VelocityXFact: [1, 1.0]", "id": 2}, {"type": "0", "fact": "AnimationFact: [1, 'explosion2', 1.0, 1.0]", "id": 2}, {"type": "0", "fact": "PositionXFact: [1, 8.0]", "id": 2}, {"type": "0", "fact": "PositionYFact: [1, 4.0]", "id": 2}, {"type": "0", "fact": "VelocityXFact: [2, 0.0]", "id": 2}, {"type": "0", "fact": "VelocityYFact: [2, 1.0]", "id": 2}, {"type": "0", "fact": "AnimationFact: [2, 'Target', 2.0, 2.0]", "id": 2}, {"type": "0", "fact": "PositionXFact: [2, 17.0]", "id": 2}, {"type": "0", "fact": "PositionYFact: [2, 8.0]", "id": 2}, {"type": "0", "fact": "VariableFact: ['space', False]", "id": 2}, {"type": "0", "fact": "VariableFact: ['up', False]", "id": 2}, {"type": "0", "fact": "VariableFact: ['down', False]", "id": 2}, {"type": "0", "fact": "VariableFact: ['left', False]", "id": 2}, {"type": "0", "fact": "VariableFact: ['right', False]", "id": 2}, {"type": "0", "fact": "VariableFact: ['spacePrev', False]", "id": 2}, {"type": "0", "fact": "VariableFact: ['upPrev', False]", "id": 2}, {"type": "0", "fact": "VariableFact: ['downPrev', False]", "id": 2}, {"type": "0", "fact": "VariableFact: ['leftPrev', False]", "id": 2}, {"type": "0", "fact": "VariableFact: ['rightPrev', False]", "id": 2}, {"type": "0", "fact": "RelationshipFactX: [0, 1, 'East', 'West', -3.0]", "id": 2}, {"type": "0", "fact": "RelationshipFactY: [0, 1, 'North', 'North', 0.0]", "id": 2}, {"type": "0", "fact": "RelationshipFactX: [0, 2, 'East', 'West', -12.0]", "id": 2}, {"type": "0", "fact": "RelationshipFactY: [0, 2, 'South', 'North', -3.0]", "id": 2}, {"type": "0", "fact": "RelationshipFactX: [1, 0, 'West', 'East', 3.0]", "id": 2}, {"type": "0", "fact": "RelationshipFactY: [1, 0, 'North', 'North', 0.0]", "id": 2}, {"type": "0", "fact": "RelationshipFactX: [1, 2, 'East', 'West', -8.0]", "id": 2}, {"type": "0", "fact": "RelationshipFactY: [1, 2, 'South', 'North', -3.0]", "id": 2}, {"type": "0", "fact": "RelationshipFactX: [2, 0, 'West', 'East', 12.0]", "id": 2}, {"type": "0", "fact": "RelationshipFactY: [2, 0, 'North', 'South', 3.0]", "id": 2}, {"type": "0", "fact": "RelationshipFactX: [2, 1, 'West', 'East', 8.0]", "id": 2}, {"type": "0", "fact": "RelationshipFactY: [2, 1, 'North', 'South', 3.0]", "id": 2}, {"type": "1", "fact": "VelocityYFact: [2, -2.0]", "id": 3}, {"type": "2", "fact": "VelocityYFact: [0, -1.0]", "id": 3}, {"type": "0", "fact": "VelocityXFact: [0, 0.0]", "id": 3}, {"type": "0", "fact": "VelocityYFact: [0, 0.0]", "id": 3}, {"type": "0", "fact": "AnimationFact: [0, 'Gun', 2.0, 1.0]", "id": 3}, {"type": "0", "fact": "PositionXFact: [0, 3.0]", "id": 3}, {"type": "0", "fact": "PositionYFact: [0, 4.0]", "id": 3}, {"type": "0", "fact": "VelocityYFact: [1, 0]", "id": 3}, {"type": "0", "fact": "VelocityXFact: [1, 1.0]", "id": 3}, {"type": "0", "fact": "AnimationFact: [1, 'explosion2', 1.0, 1.0]", "id": 3}, {"type": "0", "fact": "PositionXFact: [1, 9.0]", "id": 3}, {"type": "0", "fact": "PositionYFact: [1, 4.0]", "id": 3}, {"type": "0", "fact": "VelocityXFact: [2, 0.0]", "id": 3}, {"type": "0", "fact": "VelocityYFact: [2, -2.0]", "id": 3}, {"type": "0", "fact": "AnimationFact: [2, 'Target', 2.0, 2.0]", "id": 3}, {"type": "0", "fact": "PositionXFact: [2, 17.0]", "id": 3}, {"type": "0", "fact": "PositionYFact: [2, 6.0]", "id": 3}, {"type": "0", "fact": "VariableFact: ['space', False]", "id": 3}, {"type": "0", "fact": "VariableFact: ['up', False]", "id": 3}, {"type": "0", "fact": "VariableFact: ['down', False]", "id": 3}, {"type": "0", "fact": "VariableFact: ['left', False]", "id": 3}, {"type": "0", "fact": "VariableFact: ['right', False]", "id": 3}, {"type": "0", "fact": "VariableFact: ['spacePrev', False]", "id": 3}, {"type": "0", "fact": "VariableFact: ['upPrev', False]", "id": 3}, {"type": "0", "fact": "VariableFact: ['downPrev', False]", "id": 3}, {"type": "0", "fact": "VariableFact: ['leftPrev', False]", "id": 3}, {"type": "0", "fact": "VariableFact: ['rightPrev', False]", "id": 3}, {"type": "0", "fact": "RelationshipFactX: [0, 1, 'East', 'West', -4.0]", "id": 3}, {"type": "0", "fact": "RelationshipFactY: [0, 1, 'North', 'North', 0.0]", "id": 3}, {"type": "0", "fact": "RelationshipFactX: [0, 2, 'East', 'West', -12.0]", "id": 3}, {"type": "0", "fact": "RelationshipFactY: [0, 2, 'South', 'North', -1.0]", "id": 3}, {"type": "0", "fact": "RelationshipFactX: [1, 0, 'West', 'East', 4.0]", "id": 3}, {"type": "0", "fact": "RelationshipFactY: [1, 0, 'North', 'North', 0.0]", "id": 3}, {"type": "0", "fact": "RelationshipFactX: [1, 2, 'East', 'West', -7.0]", "id": 3}, {"type": "0", "fact": "RelationshipFactY: [1, 2, 'South', 'North', -1.0]", "id": 3}, {"type": "0", "fact": "RelationshipFactX: [2, 0, 'West', 'East', 12.0]", "id": 3}, {"type": "0", "fact": "RelationshipFactY: [2, 0, 'North', 'South', 1.0]", "id": 3}, {"type": "0", "fact": "RelationshipFactX: [2, 1, 'West', 'East', 7.0]", "id": 3}, {"type": "0", "fact": "RelationshipFactY: [2, 1, 'North', 'South', 1.0]", "id": 3}, {"type": "1", "fact": "VelocityYFact: [2, -1.0]", "id": 4}, {"type": "2", "fact": "VelocityYFact: [0, 2.0]", "id": 4}, {"type": "0", "fact": "VelocityXFact: [0, 0.0]", "id": 4}, {"type": "0", "fact": "VelocityYFact: [0, 0.0]", "id": 4}, {"type": "0", "fact": "AnimationFact: [0, 'Gun', 2.0, 1.0]", "id": 4}, {"type": "0", "fact": "PositionXFact: [0, 3.0]", "id": 4}, {"type": "0", "fact": "PositionYFact: [0, 4.0]", "id": 4}, {"type": "0", "fact": "VelocityYFact: [1, 0]", "id": 4}, {"type": "0", "fact": "VelocityXFact: [1, 1.0]", "id": 4}, {"type": "0", "fact": "AnimationFact: [1, 'explosion2', 1.0, 1.0]", "id": 4}, {"type": "0", "fact": "PositionXFact: [1, 15.0]", "id": 4}, {"type": "0", "fact": "PositionYFact: [1, 4.0]", "id": 4}, {"type": "0", "fact": "VelocityXFact: [2, 0.0]", "id": 4}, {"type": "0", "fact": "VelocityYFact: [2, -1.0]", "id": 4}, {"type": "0", "fact": "AnimationFact: [2, 'Target', 2.0, 2.0]", "id": 4}, {"type": "0", "fact": "PositionXFact: [2, 17.0]", "id": 4}, {"type": "0", "fact": "PositionYFact: [2, 0.0]", "id": 4}, {"type": "0", "fact": "VariableFact: ['space', False]", "id": 4}, {"type": "0", "fact": "VariableFact: ['up', False]", "id": 4}, {"type": "0", "fact": "VariableFact: ['down', False]", "id": 4}, {"type": "0", "fact": "VariableFact: ['left', False]", "id": 4}, {"type": "0", "fact": "VariableFact: ['right', False]", "id": 4}, {"type": "0", "fact": "VariableFact: ['spacePrev', False]", "id": 4}, {"type": "0", "fact": "VariableFact: ['upPrev', False]", "id": 4}, {"type": "0", "fact": "VariableFact: ['downPrev', False]", "id": 4}, {"type": "0", "fact": "VariableFact: ['leftPrev', False]", "id": 4}, {"type": "0", "fact": "VariableFact: ['rightPrev', False]", "id": 4}, {"type": "0", "fact": "RelationshipFactX: [0, 1, 'East', 'West', -10.0]", "id": 4}, {"type": "0", "fact": "RelationshipFactY: [0, 1, 'North', 'North', 0.0]", "id": 4}, {"type": "0", "fact": "RelationshipFactX: [0, 2, 'East', 'West', -12.0]", "id": 4}, {"type": "0", "fact": "RelationshipFactY: [0, 2, 'North', 'South', 2.0]", "id": 4}, {"type": "0", "fact": "RelationshipFactX: [1, 0, 'West', 'East', 10.0]", "id": 4}, {"type": "0", "fact": "RelationshipFactY: [1, 0, 'North', 'North', 0.0]", "id": 4}, {"type": "0", "fact": "RelationshipFactX: [1, 2, 'East', 'West', -1.0]", "id": 4}, {"type": "0", "fact": "RelationshipFactY: [1, 2, 'North', 'South', 2.0]", "id": 4}, {"type": "0", "fact": "RelationshipFactX: [2, 0, 'West', 'East', 12.0]", "id": 4}, {"type": "0", "fact": "RelationshipFactY: [2, 0, 'South', 'North', -2.0]", "id": 4}, {"type": "0", "fact": "RelationshipFactX: [2, 1, 'West', 'East', 1.0]", "id": 4}, {"type": "0", "fact": "RelationshipFactY: [2, 1, 'South', 'North', -2.0]", "id": 4}, {"type": "1", "fact": "EmptyFact: VelocityYFact: [1, 0]|VelocityXFact: [1, 1.0]|AnimationFact: [1, 'explosion2', 1.0, 1.0]|PositionXFact: [1, 16.0]|PositionYFact: [1, 4.0]|", "id": 5}, {"type": "2", "fact": "EmptyFact: ", "id": 5}, {"type": "0", "fact": "VelocityXFact: [0, 0.0]", "id": 5}, {"type": "0", "fact": "VelocityYFact: [0, 0.0]", "id": 5}, {"type": "0", "fact": "AnimationFact: [0, 'Gun', 2.0, 1.0]", "id": 5}, {"type": "0", "fact": "PositionXFact: [0, 3.0]", "id": 5}, {"type": "0", "fact": "PositionYFact: [0, 4.0]", "id": 5}, {"type": "0", "fact": "VelocityYFact: [1, 0]", "id": 5}, {"type": "0", "fact": "VelocityXFact: [1, 1.0]", "id": 5}, {"type": "0", "fact": "AnimationFact: [1, 'explosion2', 1.0, 1.0]", "id": 5}, {"type": "0", "fact": "PositionXFact: [1, 16.0]", "id": 5}, {"type": "0", "fact": "PositionYFact: [1, 4.0]", "id": 5}, {"type": "0", "fact": "VelocityXFact: [2, 0.0]", "id": 5}, {"type": "0", "fact": "VelocityYFact: [2, 2.0]", "id": 5}, {"type": "0", "fact": "AnimationFact: [2, 'Target', 2.0, 2.0]", "id": 5}, {"type": "0", "fact": "PositionXFact: [2, 17.0]", "id": 5}, {"type": "0", "fact": "PositionYFact: [2, 2.0]", "id": 5}, {"type": "0", "fact": "VariableFact: ['space', False]", "id": 5}, {"type": "0", "fact": "VariableFact: ['up', False]", "id": 5}, {"type": "0", "fact": "VariableFact: ['down', False]", "id": 5}, {"type": "0", "fact": "VariableFact: ['left', False]", "id": 5}, {"type": "0", "fact": "VariableFact: ['right', False]", "id": 5}, {"type": "0", "fact": "VariableFact: ['spacePrev', False]", "id": 5}, {"type": "0", "fact": "VariableFact: ['upPrev', False]", "id": 5}, {"type": "0", "fact": "VariableFact: ['downPrev', False]", "id": 5}, {"type": "0", "fact": "VariableFact: ['leftPrev', False]", "id": 5}, {"type": "0", "fact": "VariableFact: ['rightPrev', False]", "id": 5}, {"type": "0", "fact": "RelationshipFactX: [0, 1, 'East', 'West', -11.0]", "id": 5}, {"type": "0", "fact": "RelationshipFactY: [0, 1, 'North', 'North', 0.0]", "id": 5}, {"type": "0", "fact": "RelationshipFactX: [0, 2, 'East', 'West', -12.0]", "id": 5}, {"type": "0", "fact": "RelationshipFactY: [0, 2, 'North', 'South', 0.0]", "id": 5}, {"type": "0", "fact": "RelationshipFactX: [1, 0, 'West', 'East', 11.0]", "id": 5}, {"type": "0", "fact": "RelationshipFactY: [1, 0, 'North', 'North', 0.0]", "id": 5}, {"type": "0", "fact": "RelationshipFactX: [1, 2, 'East', 'West', 0.0]", "id": 5}, {"type": "0", "fact": "RelationshipFactY: [1, 2, 'North', 'South', 0.0]", "id": 5}, {"type": "0", "fact": "RelationshipFactX: [2, 0, 'West', 'East', 12.0]", "id": 5}, {"type": "0", "fact": "RelationshipFactY: [2, 0, 'South', 'North', 0.0]", "id": 5}, {"type": "0", "fact": "RelationshipFactX: [2, 1, 'West', 'East', 0.0]", "id": 5}, {"type": "0", "fact": "RelationshipFactY: [2, 1, 'South', 'North', 0.0]", "id": 5}, {"type": "1", "fact": "VelocityYFact: [1, 2.0]", "id": 6}, {"type": "2", "fact": "VelocityYFact: [0, 1.0]", "id": 6}, {"type": "0", "fact": "VelocityXFact: [0, 0.0]", "id": 6}, {"type": "0", "fact": "VelocityYFact: [0, 0.0]", "id": 6}, {"type": "0", "fact": "AnimationFact: [0, 'Gun', 2.0, 1.0]", "id": 6}, {"type": "0", "fact": "PositionXFact: [0, 3.0]", "id": 6}, {"type": "0", "fact": "PositionYFact: [0, 4.0]", "id": 6}, {"type": "0", "fact": "VelocityXFact: [1, 0.0]", "id": 6}, {"type": "0", "fact": "VelocityYFact: [1, 2.0]", "id": 6}, {"type": "0", "fact": "AnimationFact: [1, 'Target', 2.0, 2.0]", "id": 6}, {"type": "0", "fact": "PositionXFact: [1, 17.0]", "id": 6}, {"type": "0", "fact": "PositionYFact: [1, 4.0]", "id": 6}, {"type": "0", "fact": "VariableFact: ['space', False]", "id": 6}, {"type": "0", "fact": "VariableFact: ['up', False]", "id": 6}, {"type": "0", "fact": "VariableFact: ['down', False]", "id": 6}, {"type": "0", "fact": "VariableFact: ['left', False]", "id": 6}, {"type": "0", "fact": "VariableFact: ['right', False]", "id": 6}, {"type": "0", "fact": "VariableFact: ['spacePrev', False]", "id": 6}, {"type": "0", "fact": "VariableFact: ['upPrev', False]", "id": 6}, {"type": "0", "fact": "VariableFact: ['downPrev', False]", "id": 6}, {"type": "0", "fact": "VariableFact: ['leftPrev', False]", "id": 6}, {"type": "0", "fact": "VariableFact: ['rightPrev', False]", "id": 6}, {"type": "0", "fact": "RelationshipFactX: [0, 1, 'East', 'West', -12.0]", "id": 6}, {"type": "0", "fact": "RelationshipFactY: [0, 1, 'North', 'North', 0.0]", "id": 6}, {"type": "0", "fact": "RelationshipFactX: [1, 0, 'West', 'East', 12.0]", "id": 6}, {"type": "0", "fact": "RelationshipFactY: [1, 0, 'North', 'North', 0.0]", "id": 6}]