[{"type": "1", "fact": "VelocityXFact: [0, 0]", "id": 0}, {"type": "2", "fact": "VelocityXFact: [0, -1.0]", "id": 0}, {"type": "0", "fact": "VelocityXFact: [0, 0]", "id": 0}, {"type": "0", "fact": "VelocityYFact: [0, 0]", "id": 0}, {"type": "0", "fact": "AnimationFact: [0, 'longblock', 1.0, 4.0]", "id": 0}, {"type": "0", "fact": "PositionXFact: [0, 2.0]", "id": 0}, {"type": "0", "fact": "PositionYFact: [0, 0.0]", "id": 0}, {"type": "0", "fact": "VelocityXFact: [1, 0]", "id": 0}, {"type": "0", "fact": "VelocityYFact: [1, 0]", "id": 0}, {"type": "0", "fact": "AnimationFact: [1, 'chick', 1.0, 1.0]", "id": 0}, {"type": "0", "fact": "PositionXFact: [1, 5.0]", "id": 0}, {"type": "0", "fact": "PositionYFact: [1, 6.0]", "id": 0}, {"type": "0", "fact": "VariableFact: ['space', False]", "id": 0}, {"type": "0", "fact": "VariableFact: ['up', False]", "id": 0}, {"type": "0", "fact": "VariableFact: ['down', False]", "id": 0}, {"type": "0", "fact": "VariableFact: ['left', False]", "id": 0}, {"type": "0", "fact": "VariableFact: ['right', False]", "id": 0}, {"type": "0", "fact": "VariableFact: ['spacePrev', False]", "id": 0}, {"type": "0", "fact": "VariableFact: ['upPrev', False]", "id": 0}, {"type": "0", "fact": "VariableFact: ['downPrev', False]", "id": 0}, {"type": "0", "fact": "VariableFact: ['leftPrev', False]", "id": 0}, {"type": "0", "fact": "VariableFact: ['rightPrev', False]", "id": 0}, {"type": "0", "fact": "RelationshipFactX: [0, 1, 'East', 'West', -2.0]", "id": 0}, {"type": "0", "fact": "RelationshipFactY: [0, 1, 'South', 'North', -2.0]", "id": 0}, {"type": "0", "fact": "RelationshipFactX: [1, 0, 'West', 'East', 2.0]", "id": 0}, {"type": "0", "fact": "RelationshipFactY: [1, 0, 'North', 'South', 2.0]", "id": 0}, {"type": "1", "fact": "VelocityYFact: [1, 0]", "id": 1}, {"type": "2", "fact": "VelocityYFact: [1, -1.0]", "id": 1}, {"type": "0", "fact": "VariableFact: ['space', False]", "id": 1}, {"type": "0", "fact": "VariableFact: ['up', False]", "id": 1}, {"type": "0", "fact": "VariableFact: ['down', False]", "id": 1}, {"type": "0", "fact": "VariableFact: ['left', False]", "id": 1}, {"type": "0", "fact": "VariableFact: ['right', False]", "id": 1}, {"type": "0", "fact": "VariableFact: ['spacePrev', False]", "id": 1}, {"type": "0", "fact": "VariableFact: ['upPrev', False]", "id": 1}, {"type": "0", "fact": "VariableFact: ['downPrev', False]", "id": 1}, {"type": "0", "fact": "VariableFact: ['leftPrev', False]", "id": 1}, {"type": "0", "fact": "VariableFact: ['rightPrev', False]", "id": 1}, {"type": "0", "fact": "VelocityXFact: [1, 0]", "id": 1}, {"type": "0", "fact": "VelocityYFact: [1, 0]", "id": 1}, {"type": "0", "fact": "AnimationFact: [1, 'chick', 1.0, 1.0]", "id": 1}, {"type": "0", "fact": "PositionXFact: [1, 5.0]", "id": 1}, {"type": "0", "fact": "VelocityYFact: [0, 0]", "id": 1}, {"type": "0", "fact": "VelocityXFact: [0, -1.0]", "id": 1}, {"type": "0", "fact": "AnimationFact: [0, 'longblock', 1.0, 4.0]", "id": 1}, {"type": "0", "fact": "PositionYFact: [0, 0.0]", "id": 1}, {"type": "1", "fact": "VelocityXFact: [0, -1.0]", "id": 2}, {"type": "2", "fact": "VelocityXFact: [0, 21.0]", "id": 2}, {"type": "0", "fact": "VariableFact: ['up', False]", "id": 2}, {"type": "0", "fact": "VariableFact: ['down', False]", "id": 2}, {"type": "0", "fact": "VariableFact: ['left', False]", "id": 2}, {"type": "0", "fact": "VariableFact: ['right', False]", "id": 2}, {"type": "0", "fact": "VariableFact: ['upPrev', False]", "id": 2}, {"type": "0", "fact": "VariableFact: ['downPrev', False]", "id": 2}, {"type": "0", "fact": "VariableFact: ['leftPrev', False]", "id": 2}, {"type": "0", "fact": "VariableFact: ['rightPrev', False]", "id": 2}, {"type": "0", "fact": "VelocityYFact: [0, 0]", "id": 2}, {"type": "0", "fact": "VelocityXFact: [0, -1.0]", "id": 2}, {"type": "0", "fact": "AnimationFact: [0, 'longblock', 1.0, 4.0]", "id": 2}, {"type": "0", "fact": "PositionXFact: [0, 0.0]", "id": 2}, {"type": "0", "fact": "PositionYFact: [0, 0.0]", "id": 2}, {"type": "0", "fact": "VelocityXFact: [1, 0]", "id": 2}, {"type": "0", "fact": "AnimationFact: [1, 'chick', 1.0, 1.0]", "id": 2}, {"type": "0", "fact": "PositionXFact: [1, 5.0]", "id": 2}, {"type": "1", "fact": "VelocityXFact: [0, 21.0]", "id": 3}, {"type": "2", "fact": "VelocityXFact: [0, -1.0]", "id": 3}, {"type": "0", "fact": "VariableFact: ['up', False]", "id": 3}, {"type": "0", "fact": "VariableFact: ['down', False]", "id": 3}, {"type": "0", "fact": "VariableFact: ['left', False]", "id": 3}, {"type": "0", "fact": "VariableFact: ['right', False]", "id": 3}, {"type": "0", "fact": "VariableFact: ['upPrev', False]", "id": 3}, {"type": "0", "fact": "VariableFact: ['downPrev', False]", "id": 3}, {"type": "0", "fact": "VariableFact: ['leftPrev', False]", "id": 3}, {"type": "0", "fact": "VariableFact: ['rightPrev', False]", "id": 3}, {"type": "0", "fact": "VelocityYFact: [0, 0]", "id": 3}, {"type": "0", "fact": "VelocityXFact: [0, 21.0]", "id": 3}, {"type": "0", "fact": "AnimationFact: [0, 'longblock', 1.0, 4.0]", "id": 3}, {"type": "0", "fact": "PositionXFact: [0, 21.0]", "id": 3}, {"type": "0", "fact": "PositionYFact: [0, 0.0]", "id": 3}, {"type": "0", "fact": "VelocityXFact: [1, 0]", "id": 3}, {"type": "0", "fact": "AnimationFact: [1, 'chick', 1.0, 1.0]", "id": 3}, {"type": "0", "fact": "PositionXFact: [1, 5.0]", "id": 3}, {"type": "1", "fact": "VelocityYFact: [1, -1.0]", "id": 4}, {"type": "2", "fact": "VelocityYFact: [1, 1.0]", "id": 4}, {"type": "0", "fact": "VariableFact: ['space', True]", "id": 4}, {"type": "0", "fact": "VariableFact: ['up', False]", "id": 4}, {"type": "0", "fact": "VariableFact: ['down', False]", "id": 4}, {"type": "0", "fact": "VariableFact: ['left', False]", "id": 4}, {"type": "0", "fact": "VariableFact: ['right', False]", "id": 4}, {"type": "0", "fact": "VariableFact: ['upPrev', False]", "id": 4}, {"type": "0", "fact": "VariableFact: ['downPrev', False]", "id": 4}, {"type": "0", "fact": "VariableFact: ['leftPrev', False]", "id": 4}, {"type": "0", "fact": "VariableFact: ['rightPrev', False]", "id": 4}, {"type": "0", "fact": "VelocityXFact: [1, 0]", "id": 4}, {"type": "0", "fact": "VelocityYFact: [1, -1.0]", "id": 4}, {"type": "0", "fact": "AnimationFact: [1, 'chick', 1.0, 1.0]", "id": 4}, {"type": "0", "fact": "PositionXFact: [1, 5.0]", "id": 4}, {"type": "0", "fact": "VelocityYFact: [0, 0]", "id": 4}, {"type": "0", "fact": "AnimationFact: [0, 'longblock', 1.0, 4.0]", "id": 4}, {"type": "0", "fact": "PositionYFact: [0, 0.0]", "id": 4}, {"type": "1", "fact": "VelocityYFact: [1, 1.0]", "id": 5}, {"type": "2", "fact": "VelocityYFact: [1, -1.0]", "id": 5}, {"type": "0", "fact": "VariableFact: ['space', False]", "id": 5}, {"type": "0", "fact": "VariableFact: ['up', False]", "id": 5}, {"type": "0", "fact": "VariableFact: ['down', False]", "id": 5}, {"type": "0", "fact": "VariableFact: ['left', False]", "id": 5}, {"type": "0", "fact": "VariableFact: ['right', False]", "id": 5}, {"type": "0", "fact": "VariableFact: ['spacePrev', False]", "id": 5}, {"type": "0", "fact": "VariableFact: ['upPrev', False]", "id": 5}, {"type": "0", "fact": "VariableFact: ['downPrev', False]", "id": 5}, {"type": "0", "fact": "VariableFact: ['leftPrev', False]", "id": 5}, {"type": "0", "fact": "VariableFact: ['rightPrev', False]", "id": 5}, {"type": "0", "fact": "VelocityXFact: [1, 0]", "id": 5}, {"type": "0", "fact": "VelocityYFact: [1, 1.0]", "id": 5}, {"type": "0", "fact": "AnimationFact: [1, 'chick', 1.0, 1.0]", "id": 5}, {"type": "0", "fact": "PositionXFact: [1, 5.0]", "id": 5}, {"type": "0", "fact": "VelocityYFact: [0, 0]", "id": 5}, {"type": "0", "fact": "VelocityXFact: [0, -1.0]", "id": 5}, {"type": "0", "fact": "AnimationFact: [0, 'longblock', 1.0, 4.0]", "id": 5}, {"type": "0", "fact": "PositionYFact: [0, 0.0]", "id": 5}, {"type": "1", "fact": "VelocityXFact: [0, -1.0]", "id": 6}, {"type": "2", "fact": "VelocityXFact: [0, 21.0]", "id": 6}, {"type": "0", "fact": "VelocityYFact: [0, 0]", "id": 6}, {"type": "0", "fact": "VelocityXFact: [0, -1.0]", "id": 6}, {"type": "0", "fact": "AnimationFact: [0, 'longblock', 1.0, 4.0]", "id": 6}, {"type": "0", "fact": "PositionXFact: [0, 0.0]", "id": 6}, {"type": "0", "fact": "PositionYFact: [0, 0.0]", "id": 6}, {"type": "0", "fact": "VelocityXFact: [1, 0]", "id": 6}, {"type": "0", "fact": "VelocityYFact: [1, 1.0]", "id": 6}, {"type": "0", "fact": "AnimationFact: [1, 'chick', 1.0, 1.0]", "id": 6}, {"type": "0", "fact": "PositionXFact: [1, 5.0]", "id": 6}, {"type": "0", "fact": "PositionYFact: [1, 6.0]", "id": 6}, {"type": "0", "fact": "VariableFact: ['space', True]", "id": 6}, {"type": "0", "fact": "VariableFact: ['up', False]", "id": 6}, {"type": "0", "fact": "VariableFact: ['down', False]", "id": 6}, {"type": "0", "fact": "VariableFact: ['left', False]", "id": 6}, {"type": "0", "fact": "VariableFact: ['right', False]", "id": 6}, {"type": "0", "fact": "VariableFact: ['spacePrev', False]", "id": 6}, {"type": "0", "fact": "VariableFact: ['upPrev', False]", "id": 6}, {"type": "0", "fact": "VariableFact: ['downPrev', False]", "id": 6}, {"type": "0", "fact": "VariableFact: ['leftPrev', False]", "id": 6}, {"type": "0", "fact": "VariableFact: ['rightPrev', False]", "id": 6}, {"type": "0", "fact": "RelationshipFactX: [0, 1, 'East', 'West', -4.0]", "id": 6}, {"type": "0", "fact": "RelationshipFactY: [0, 1, 'South', 'North', -2.0]", "id": 6}, {"type": "0", "fact": "RelationshipFactX: [1, 0, 'West', 'East', 4.0]", "id": 6}, {"type": "0", "fact": "RelationshipFactY: [1, 0, 'North', 'South', 2.0]", "id": 6}, {"type": "1", "fact": "VelocityXFact: [0, -1.0]", "id": 7}, {"type": "2", "fact": "VelocityXFact: [0, 0.0]", "id": 7}, {"type": "0", "fact": "VelocityYFact: [0, 0]", "id": 7}, {"type": "0", "fact": "VelocityXFact: [0, -1.0]", "id": 7}, {"type": "0", "fact": "AnimationFact: [0, 'longblock', 1.0, 4.0]", "id": 7}, {"type": "0", "fact": "PositionXFact: [0, 9.0]", "id": 7}, {"type": "0", "fact": "PositionYFact: [0, 0.0]", "id": 7}, {"type": "0", "fact": "VelocityXFact: [1, 0]", "id": 7}, {"type": "0", "fact": "VelocityYFact: [1, 1.0]", "id": 7}, {"type": "0", "fact": "AnimationFact: [1, 'chick', 1.0, 1.0]", "id": 7}, {"type": "0", "fact": "PositionXFact: [1, 5.0]", "id": 7}, {"type": "0", "fact": "PositionYFact: [1, 3.0]", "id": 7}, {"type": "0", "fact": "VariableFact: ['space', True]", "id": 7}, {"type": "0", "fact": "VariableFact: ['up', False]", "id": 7}, {"type": "0", "fact": "VariableFact: ['down', False]", "id": 7}, {"type": "0", "fact": "VariableFact: ['left', False]", "id": 7}, {"type": "0", "fact": "VariableFact: ['right', False]", "id": 7}, {"type": "0", "fact": "VariableFact: ['spacePrev', False]", "id": 7}, {"type": "0", "fact": "VariableFact: ['upPrev', False]", "id": 7}, {"type": "0", "fact": "VariableFact: ['downPrev', False]", "id": 7}, {"type": "0", "fact": "VariableFact: ['leftPrev', False]", "id": 7}, {"type": "0", "fact": "VariableFact: ['rightPrev', False]", "id": 7}, {"type": "0", "fact": "RelationshipFactX: [0, 1, 'West', 'East', 3.0]", "id": 7}, {"type": "0", "fact": "RelationshipFactY: [0, 1, 'South', 'South', 0.0]", "id": 7}, {"type": "0", "fact": "RelationshipFactX: [1, 0, 'East', 'West', -3.0]", "id": 7}, {"type": "0", "fact": "RelationshipFactY: [1, 0, 'South', 'South', 0.0]", "id": 7}, {"type": "1", "fact": "VelocityXFact: [0, 0.0]", "id": 8}, {"type": "2", "fact": "VelocityXFact: [1, -1.0]", "id": 8}, {"type": "0", "fact": "VelocityYFact: [0, 0]", "id": 8}, {"type": "0", "fact": "VelocityXFact: [0, 0.0]", "id": 8}, {"type": "0", "fact": "AnimationFact: [0, 'longblock', 1.0, 4.0]", "id": 8}, {"type": "0", "fact": "PositionXFact: [0, 9.0]", "id": 8}, {"type": "0", "fact": "PositionYFact: [0, 0.0]", "id": 8}, {"type": "0", "fact": "VelocityXFact: [1, 0]", "id": 8}, {"type": "0", "fact": "VelocityYFact: [1, 1.0]", "id": 8}, {"type": "0", "fact": "AnimationFact: [1, 'chick', 1.0, 1.0]", "id": 8}, {"type": "0", "fact": "PositionXFact: [1, 5.0]", "id": 8}, {"type": "0", "fact": "PositionYFact: [1, 3.0]", "id": 8}, {"type": "0", "fact": "VariableFact: ['space', True]", "id": 8}, {"type": "0", "fact": "VariableFact: ['up', False]", "id": 8}, {"type": "0", "fact": "VariableFact: ['down', False]", "id": 8}, {"type": "0", "fact": "VariableFact: ['left', False]", "id": 8}, {"type": "0", "fact": "VariableFact: ['right', False]", "id": 8}, {"type": "0", "fact": "VariableFact: ['spacePrev', False]", "id": 8}, {"type": "0", "fact": "VariableFact: ['upPrev', False]", "id": 8}, {"type": "0", "fact": "VariableFact: ['downPrev', False]", "id": 8}, {"type": "0", "fact": "VariableFact: ['leftPrev', False]", "id": 8}, {"type": "0", "fact": "VariableFact: ['rightPrev', False]", "id": 8}, {"type": "0", "fact": "RelationshipFactX: [0, 1, 'West', 'East', 3.0]", "id": 8}, {"type": "0", "fact": "RelationshipFactY: [0, 1, 'South', 'South', 0.0]", "id": 8}, {"type": "0", "fact": "RelationshipFactX: [1, 0, 'East', 'West', -3.0]", "id": 8}, {"type": "0", "fact": "RelationshipFactY: [1, 0, 'South', 'South', 0.0]", "id": 8}, {"type": "1", "fact": "EmptyFact: ", "id": 9}, {"type": "2", "fact": "EmptyFact: ", "id": 9}, {"type": "0", "fact": "VariableFact: ['space', True]", "id": 9}, {"type": "0", "fact": "VariableFact: ['up', False]", "id": 9}, {"type": "0", "fact": "VariableFact: ['down', False]", "id": 9}, {"type": "0", "fact": "VariableFact: ['left', False]", "id": 9}, {"type": "0", "fact": "VariableFact: ['right', False]", "id": 9}, {"type": "0", "fact": "VariableFact: ['spacePrev', True]", "id": 9}, {"type": "0", "fact": "VariableFact: ['upPrev', False]", "id": 9}, {"type": "0", "fact": "VariableFact: ['downPrev', False]", "id": 9}, {"type": "0", "fact": "VariableFact: ['leftPrev', False]", "id": 9}, {"type": "0", "fact": "VariableFact: ['rightPrev', False]", "id": 9}, {"type": "0", "fact": "VelocityYFact: [0, 0]", "id": 9}, {"type": "0", "fact": "VelocityXFact: [0, -1.0]", "id": 9}, {"type": "0", "fact": "AnimationFact: [0, 'longblock', 1.0, 4.0]", "id": 9}, {"type": "0", "fact": "PositionXFact: [0, 6.0]", "id": 9}, {"type": "0", "fact": "PositionYFact: [0, 0.0]", "id": 9}, {"type": "1", "fact": "VelocityYFact: [1, -1.0]", "id": 10}, {"type": "2", "fact": "VelocityYFact: [0, 0.0]", "id": 10}, {"type": "0", "fact": "VelocityYFact: [0, 0]", "id": 10}, {"type": "0", "fact": "VelocityXFact: [0, -1.0]", "id": 10}, {"type": "0", "fact": "AnimationFact: [0, 'longblock', 1.0, 4.0]", "id": 10}, {"type": "0", "fact": "PositionXFact: [0, 4.0]", "id": 10}, {"type": "0", "fact": "PositionYFact: [0, 0.0]", "id": 10}, {"type": "0", "fact": "VelocityXFact: [1, 0]", "id": 10}, {"type": "0", "fact": "VelocityYFact: [1, -1.0]", "id": 10}, {"type": "0", "fact": "AnimationFact: [1, 'chick', 1.0, 1.0]", "id": 10}, {"type": "0", "fact": "PositionXFact: [1, 5.0]", "id": 10}, {"type": "0", "fact": "PositionYFact: [1, 8.0]", "id": 10}, {"type": "0", "fact": "VariableFact: ['space', False]", "id": 10}, {"type": "0", "fact": "VariableFact: ['up', False]", "id": 10}, {"type": "0", "fact": "VariableFact: ['down', False]", "id": 10}, {"type": "0", "fact": "VariableFact: ['left', False]", "id": 10}, {"type": "0", "fact": "VariableFact: ['right', False]", "id": 10}, {"type": "0", "fact": "VariableFact: ['spacePrev', False]", "id": 10}, {"type": "0", "fact": "VariableFact: ['upPrev', False]", "id": 10}, {"type": "0", "fact": "VariableFact: ['downPrev', False]", "id": 10}, {"type": "0", "fact": "VariableFact: ['leftPrev', False]", "id": 10}, {"type": "0", "fact": "VariableFact: ['rightPrev', False]", "id": 10}, {"type": "0", "fact": "RelationshipFactX: [0, 1, 'East', 'West', 0.0]", "id": 10}, {"type": "0", "fact": "RelationshipFactY: [0, 1, 'South', 'North', -4.0]", "id": 10}, {"type": "0", "fact": "RelationshipFactX: [1, 0, 'West', 'East', 0.0]", "id": 10}, {"type": "0", "fact": "RelationshipFactY: [1, 0, 'North', 'South', 4.0]", "id": 10}, {"type": "1", "fact": "VelocityYFact: [1, -1.0]", "id": 11}, {"type": "2", "fact": "VelocityYFact: [0, 0.0]", "id": 11}, {"type": "0", "fact": "VelocityYFact: [0, 0]", "id": 11}, {"type": "0", "fact": "VelocityXFact: [0, -1.0]", "id": 11}, {"type": "0", "fact": "AnimationFact: [0, 'longblock', 1.0, 4.0]", "id": 11}, {"type": "0", "fact": "PositionXFact: [0, 18.0]", "id": 11}, {"type": "0", "fact": "PositionYFact: [0, 0.0]", "id": 11}, {"type": "0", "fact": "VelocityXFact: [1, 0]", "id": 11}, {"type": "0", "fact": "VelocityYFact: [1, -1.0]", "id": 11}, {"type": "0", "fact": "AnimationFact: [1, 'chick', 1.0, 1.0]", "id": 11}, {"type": "0", "fact": "PositionXFact: [1, 5.0]", "id": 11}, {"type": "0", "fact": "PositionYFact: [1, 1.0]", "id": 11}, {"type": "0", "fact": "VariableFact: ['space', False]", "id": 11}, {"type": "0", "fact": "VariableFact: ['up', False]", "id": 11}, {"type": "0", "fact": "VariableFact: ['down', False]", "id": 11}, {"type": "0", "fact": "VariableFact: ['left', False]", "id": 11}, {"type": "0", "fact": "VariableFact: ['right', False]", "id": 11}, {"type": "0", "fact": "VariableFact: ['spacePrev', False]", "id": 11}, {"type": "0", "fact": "VariableFact: ['upPrev', False]", "id": 11}, {"type": "0", "fact": "VariableFact: ['downPrev', False]", "id": 11}, {"type": "0", "fact": "VariableFact: ['leftPrev', False]", "id": 11}, {"type": "0", "fact": "VariableFact: ['rightPrev', False]", "id": 11}, {"type": "0", "fact": "RelationshipFactX: [0, 1, 'West', 'East', 12.0]", "id": 11}, {"type": "0", "fact": "RelationshipFactY: [0, 1, 'East', 'South', 0.0]", "id": 11}, {"type": "0", "fact": "RelationshipFactX: [1, 0, 'East', 'West', -12.0]", "id": 11}, {"type": "0", "fact": "RelationshipFactY: [1, 0, 'South', 'East', 0.0]", "id": 11}, {"type": "1", "fact": "VelocityYFact: [1, 0.0]", "id": 12}, {"type": "2", "fact": "VelocityYFact: [0, 1.0]", "id": 12}, {"type": "0", "fact": "VelocityYFact: [0, 0]", "id": 12}, {"type": "0", "fact": "VelocityXFact: [0, -1.0]", "id": 12}, {"type": "0", "fact": "AnimationFact: [0, 'longblock', 1.0, 4.0]", "id": 12}, {"type": "0", "fact": "PositionXFact: [0, 17.0]", "id": 12}, {"type": "0", "fact": "PositionYFact: [0, 0.0]", "id": 12}, {"type": "0", "fact": "VelocityXFact: [1, 0]", "id": 12}, {"type": "0", "fact": "VelocityYFact: [1, 0.0]", "id": 12}, {"type": "0", "fact": "AnimationFact: [1, 'chick', 1.0, 1.0]", "id": 12}, {"type": "0", "fact": "PositionXFact: [1, 5.0]", "id": 12}, {"type": "0", "fact": "PositionYFact: [1, 1.0]", "id": 12}, {"type": "0", "fact": "VariableFact: ['space', True]", "id": 12}, {"type": "0", "fact": "VariableFact: ['up', False]", "id": 12}, {"type": "0", "fact": "VariableFact: ['down', False]", "id": 12}, {"type": "0", "fact": "VariableFact: ['left', False]", "id": 12}, {"type": "0", "fact": "VariableFact: ['right', False]", "id": 12}, {"type": "0", "fact": "VariableFact: ['spacePrev', False]", "id": 12}, {"type": "0", "fact": "VariableFact: ['upPrev', False]", "id": 12}, {"type": "0", "fact": "VariableFact: ['downPrev', False]", "id": 12}, {"type": "0", "fact": "VariableFact: ['leftPrev', False]", "id": 12}, {"type": "0", "fact": "VariableFact: ['rightPrev', False]", "id": 12}, {"type": "0", "fact": "RelationshipFactX: [0, 1, 'West', 'East', 11.0]", "id": 12}, {"type": "0", "fact": "RelationshipFactY: [0, 1, 'East', 'South', 0.0]", "id": 12}, {"type": "0", "fact": "RelationshipFactX: [1, 0, 'East', 'West', -11.0]", "id": 12}, {"type": "0", "fact": "RelationshipFactY: [1, 0, 'South', 'East', 0.0]", "id": 12}]