[{"type": "1", "fact": "VelocityYFact: [0, 0]", "id": 0}, {"type": "2", "fact": "VelocityYFact: [0, -1.0]", "id": 0}, {"type": "0", "fact": "VelocityXFact: [0, 0]", "id": 0}, {"type": "0", "fact": "VelocityYFact: [0, 0]", "id": 0}, {"type": "0", "fact": "AnimationFact: [0, 'Black Guy', 2.0, 2.0]", "id": 0}, {"type": "0", "fact": "PositionXFact: [0, 10.0]", "id": 0}, {"type": "0", "fact": "PositionYFact: [0, 8.0]", "id": 0}, {"type": "0", "fact": "VariableFact: ['space', False]", "id": 0}, {"type": "0", "fact": "VariableFact: ['up', False]", "id": 0}, {"type": "0", "fact": "VariableFact: ['down', False]", "id": 0}, {"type": "0", "fact": "VariableFact: ['left', False]", "id": 0}, {"type": "0", "fact": "VariableFact: ['right', False]", "id": 0}, {"type": "0", "fact": "VariableFact: ['spacePrev', False]", "id": 0}, {"type": "0", "fact": "VariableFact: ['upPrev', False]", "id": 0}, {"type": "0", "fact": "VariableFact: ['downPrev', False]", "id": 0}, {"type": "0", "fact": "VariableFact: ['leftPrev', False]", "id": 0}, {"type": "0", "fact": "VariableFact: ['rightPrev', False]", "id": 0}, {"type": "1", "fact": "EmptyFact: ", "id": 1}, {"type": "2", "fact": "EmptyFact: RelationshipFactX: [0, 0, 'West', 'East', 8.0]|RelationshipFactY: [0, 0, 'North', 'South', 5.0]|AnimationFact: [0, 'truck', 2.0, 1.0]|VelocityXFact: [0, 0]|VelocityYFact: [0, 0]|", "id": 1}, {"type": "0", "fact": "VelocityXFact: [0, 0]", "id": 1}, {"type": "0", "fact": "VelocityYFact: [0, -1.0]", "id": 1}, {"type": "0", "fact": "AnimationFact: [0, 'Black Guy', 2.0, 2.0]", "id": 1}, {"type": "0", "fact": "PositionXFact: [0, 10.0]", "id": 1}, {"type": "0", "fact": "PositionYFact: [0, 6.0]", "id": 1}, {"type": "0", "fact": "VariableFact: ['space', True]", "id": 1}, {"type": "0", "fact": "VariableFact: ['up', False]", "id": 1}, {"type": "0", "fact": "VariableFact: ['down', False]", "id": 1}, {"type": "0", "fact": "VariableFact: ['left', False]", "id": 1}, {"type": "0", "fact": "VariableFact: ['right', False]", "id": 1}, {"type": "0", "fact": "VariableFact: ['spacePrev', False]", "id": 1}, {"type": "0", "fact": "VariableFact: ['upPrev', False]", "id": 1}, {"type": "0", "fact": "VariableFact: ['downPrev', False]", "id": 1}, {"type": "0", "fact": "VariableFact: ['leftPrev', False]", "id": 1}, {"type": "0", "fact": "VariableFact: ['rightPrev', False]", "id": 1}, {"type": "1", "fact": "VelocityXFact: [1, 0]", "id": 2}, {"type": "2", "fact": "VelocityXFact: [0, 1.0]", "id": 2}, {"type": "0", "fact": "VariableFact: ['space', False]", "id": 2}, {"type": "0", "fact": "VariableFact: ['up', False]", "id": 2}, {"type": "0", "fact": "VariableFact: ['down', False]", "id": 2}, {"type": "0", "fact": "VariableFact: ['left', False]", "id": 2}, {"type": "0", "fact": "VariableFact: ['right', False]", "id": 2}, {"type": "0", "fact": "VariableFact: ['spacePrev', False]", "id": 2}, {"type": "0", "fact": "VariableFact: ['upPrev', False]", "id": 2}, {"type": "0", "fact": "VariableFact: ['downPrev', False]", "id": 2}, {"type": "0", "fact": "VariableFact: ['leftPrev', False]", "id": 2}, {"type": "0", "fact": "VariableFact: ['rightPrev', False]", "id": 2}, {"type": "0", "fact": "VelocityXFact: [1, 0]", "id": 2}, {"type": "0", "fact": "VelocityYFact: [1, 0]", "id": 2}, {"type": "0", "fact": "AnimationFact: [1, 'truck', 2.0, 1.0]", "id": 2}, {"type": "0", "fact": "PositionXFact: [1, 0.0]", "id": 2}, {"type": "0", "fact": "PositionYFact: [1, 0.0]", "id": 2}, {"type": "1", "fact": "EmptyFact: ", "id": 3}, {"type": "2", "fact": "EmptyFact: RelationshipFactX: [1, 0, 'West', 'East', 2.0]|RelationshipFactY: [1, 0, 'North', 'North', 0.0]|AnimationFact: [0, 'truck', 2.0, 1.0]|VelocityXFact: [0, 0]|VelocityYFact: [0, 0]|", "id": 3}, {"type": "0", "fact": "VelocityXFact: [0, 0]", "id": 3}, {"type": "0", "fact": "VelocityYFact: [0, -1.0]", "id": 3}, {"type": "0", "fact": "AnimationFact: [0, 'Black Guy', 2.0, 2.0]", "id": 3}, {"type": "0", "fact": "PositionXFact: [0, 10.0]", "id": 3}, {"type": "0", "fact": "PositionYFact: [0, 1.0]", "id": 3}, {"type": "0", "fact": "VelocityYFact: [1, 0]", "id": 3}, {"type": "0", "fact": "VelocityXFact: [1, 1.0]", "id": 3}, {"type": "0", "fact": "AnimationFact: [1, 'truck', 2.0, 1.0]", "id": 3}, {"type": "0", "fact": "PositionXFact: [1, 4.0]", "id": 3}, {"type": "0", "fact": "PositionYFact: [1, 0.0]", "id": 3}, {"type": "0", "fact": "VariableFact: ['space', True]", "id": 3}, {"type": "0", "fact": "VariableFact: ['up', False]", "id": 3}, {"type": "0", "fact": "VariableFact: ['down', False]", "id": 3}, {"type": "0", "fact": "VariableFact: ['left', False]", "id": 3}, {"type": "0", "fact": "VariableFact: ['right', False]", "id": 3}, {"type": "0", "fact": "VariableFact: ['spacePrev', False]", "id": 3}, {"type": "0", "fact": "VariableFact: ['upPrev', False]", "id": 3}, {"type": "0", "fact": "VariableFact: ['downPrev', False]", "id": 3}, {"type": "0", "fact": "VariableFact: ['leftPrev', False]", "id": 3}, {"type": "0", "fact": "VariableFact: ['rightPrev', False]", "id": 3}, {"type": "0", "fact": "RelationshipFactX: [0, 1, 'West', 'East', 4.0]", "id": 3}, {"type": "0", "fact": "RelationshipFactY: [0, 1, 'North', 'South', 0.0]", "id": 3}, {"type": "0", "fact": "RelationshipFactX: [1, 0, 'East', 'West', -4.0]", "id": 3}, {"type": "0", "fact": "RelationshipFactY: [1, 0, 'South', 'North', 0.0]", "id": 3}, {"type": "1", "fact": "VelocityYFact: [0, -1.0]", "id": 4}, {"type": "2", "fact": "VelocityYFact: [0, 0.0]", "id": 4}, {"type": "0", "fact": "VelocityXFact: [0, 0]", "id": 4}, {"type": "0", "fact": "VelocityYFact: [0, -1.0]", "id": 4}, {"type": "0", "fact": "AnimationFact: [0, 'Black Guy', 2.0, 2.0]", "id": 4}, {"type": "0", "fact": "PositionXFact: [0, 10.0]", "id": 4}, {"type": "0", "fact": "PositionYFact: [0, 0.0]", "id": 4}, {"type": "0", "fact": "VelocityYFact: [1, 0]", "id": 4}, {"type": "0", "fact": "VelocityXFact: [1, 1.0]", "id": 4}, {"type": "0", "fact": "AnimationFact: [1, 'truck', 2.0, 1.0]", "id": 4}, {"type": "0", "fact": "PositionXFact: [1, 5.0]", "id": 4}, {"type": "0", "fact": "PositionYFact: [1, 0.0]", "id": 4}, {"type": "0", "fact": "VelocityYFact: [2, 0]", "id": 4}, {"type": "0", "fact": "VelocityXFact: [2, 1.0]", "id": 4}, {"type": "0", "fact": "AnimationFact: [2, 'truck', 2.0, 1.0]", "id": 4}, {"type": "0", "fact": "PositionXFact: [2, 0.0]", "id": 4}, {"type": "0", "fact": "PositionYFact: [2, 0.0]", "id": 4}, {"type": "0", "fact": "VariableFact: ['space', False]", "id": 4}, {"type": "0", "fact": "VariableFact: ['up', False]", "id": 4}, {"type": "0", "fact": "VariableFact: ['down', False]", "id": 4}, {"type": "0", "fact": "VariableFact: ['left', False]", "id": 4}, {"type": "0", "fact": "VariableFact: ['right', False]", "id": 4}, {"type": "0", "fact": "VariableFact: ['spacePrev', False]", "id": 4}, {"type": "0", "fact": "VariableFact: ['upPrev', False]", "id": 4}, {"type": "0", "fact": "VariableFact: ['downPrev', False]", "id": 4}, {"type": "0", "fact": "VariableFact: ['leftPrev', False]", "id": 4}, {"type": "0", "fact": "VariableFact: ['rightPrev', False]", "id": 4}, {"type": "0", "fact": "RelationshipFactX: [0, 1, 'West', 'East', 3.0]", "id": 4}, {"type": "0", "fact": "RelationshipFactY: [0, 1, 'North', 'North', 0.0]", "id": 4}, {"type": "0", "fact": "RelationshipFactX: [0, 2, 'West', 'East', 8.0]", "id": 4}, {"type": "0", "fact": "RelationshipFactY: [0, 2, 'North', 'North', 0.0]", "id": 4}, {"type": "0", "fact": "RelationshipFactX: [1, 0, 'East', 'West', -3.0]", "id": 4}, {"type": "0", "fact": "RelationshipFactY: [1, 0, 'North', 'North', 0.0]", "id": 4}, {"type": "0", "fact": "RelationshipFactX: [1, 2, 'West', 'East', 3.0]", "id": 4}, {"type": "0", "fact": "RelationshipFactY: [1, 2, 'North', 'North', 0.0]", "id": 4}, {"type": "0", "fact": "RelationshipFactX: [2, 0, 'East', 'West', -8.0]", "id": 4}, {"type": "0", "fact": "RelationshipFactY: [2, 0, 'North', 'North', 0.0]", "id": 4}, {"type": "0", "fact": "RelationshipFactX: [2, 1, 'East', 'West', -3.0]", "id": 4}, {"type": "0", "fact": "RelationshipFactY: [2, 1, 'North', 'North', 0.0]", "id": 4}, {"type": "1", "fact": "EmptyFact: VelocityXFact: [0, 0]|VelocityYFact: [0, 0.0]|AnimationFact: [0, 'Black Guy', 2.0, 2.0]|PositionXFact: [0, 10.0]|PositionYFact: [0, 0.0]|", "id": 5}, {"type": "2", "fact": "EmptyFact: ", "id": 5}, {"type": "0", "fact": "VelocityXFact: [0, 0]", "id": 5}, {"type": "0", "fact": "VelocityYFact: [0, 0.0]", "id": 5}, {"type": "0", "fact": "AnimationFact: [0, 'Black Guy', 2.0, 2.0]", "id": 5}, {"type": "0", "fact": "PositionXFact: [0, 10.0]", "id": 5}, {"type": "0", "fact": "PositionYFact: [0, 0.0]", "id": 5}, {"type": "0", "fact": "VelocityYFact: [1, 0]", "id": 5}, {"type": "0", "fact": "VelocityXFact: [1, 1.0]", "id": 5}, {"type": "0", "fact": "AnimationFact: [1, 'truck', 2.0, 1.0]", "id": 5}, {"type": "0", "fact": "PositionXFact: [1, 8.0]", "id": 5}, {"type": "0", "fact": "PositionYFact: [1, 0.0]", "id": 5}, {"type": "0", "fact": "VelocityYFact: [2, 0]", "id": 5}, {"type": "0", "fact": "VelocityXFact: [2, 1.0]", "id": 5}, {"type": "0", "fact": "AnimationFact: [2, 'truck', 2.0, 1.0]", "id": 5}, {"type": "0", "fact": "PositionXFact: [2, 3.0]", "id": 5}, {"type": "0", "fact": "PositionYFact: [2, 0.0]", "id": 5}, {"type": "0", "fact": "VariableFact: ['space', False]", "id": 5}, {"type": "0", "fact": "VariableFact: ['up', False]", "id": 5}, {"type": "0", "fact": "VariableFact: ['down', False]", "id": 5}, {"type": "0", "fact": "VariableFact: ['left', False]", "id": 5}, {"type": "0", "fact": "VariableFact: ['right', False]", "id": 5}, {"type": "0", "fact": "VariableFact: ['spacePrev', False]", "id": 5}, {"type": "0", "fact": "VariableFact: ['upPrev', False]", "id": 5}, {"type": "0", "fact": "VariableFact: ['downPrev', False]", "id": 5}, {"type": "0", "fact": "VariableFact: ['leftPrev', False]", "id": 5}, {"type": "0", "fact": "VariableFact: ['rightPrev', False]", "id": 5}, {"type": "0", "fact": "RelationshipFactX: [0, 1, 'West', 'East', 0.0]", "id": 5}, {"type": "0", "fact": "RelationshipFactY: [0, 1, 'North', 'North', 0.0]", "id": 5}, {"type": "0", "fact": "RelationshipFactX: [0, 2, 'West', 'East', 5.0]", "id": 5}, {"type": "0", "fact": "RelationshipFactY: [0, 2, 'North', 'North', 0.0]", "id": 5}, {"type": "0", "fact": "RelationshipFactX: [1, 0, 'East', 'West', 0.0]", "id": 5}, {"type": "0", "fact": "RelationshipFactY: [1, 0, 'North', 'North', 0.0]", "id": 5}, {"type": "0", "fact": "RelationshipFactX: [1, 2, 'West', 'East', 3.0]", "id": 5}, {"type": "0", "fact": "RelationshipFactY: [1, 2, 'North', 'North', 0.0]", "id": 5}, {"type": "0", "fact": "RelationshipFactX: [2, 0, 'East', 'West', -5.0]", "id": 5}, {"type": "0", "fact": "RelationshipFactY: [2, 0, 'North', 'North', 0.0]", "id": 5}, {"type": "0", "fact": "RelationshipFactX: [2, 1, 'East', 'West', -3.0]", "id": 5}, {"type": "0", "fact": "RelationshipFactY: [2, 1, 'North', 'North', 0.0]", "id": 5}, {"type": "1", "fact": "EmptyFact: ", "id": 6}, {"type": "2", "fact": "EmptyFact: RelationshipFactX: [1, 0, 'West', 'East', 3.0]|RelationshipFactY: [1, 0, 'North', 'North', 0.0]|AnimationFact: [0, 'truck', 2.0, 1.0]|VelocityXFact: [0, 0]|VelocityYFact: [0, 0]|", "id": 6}, {"type": "0", "fact": "VelocityYFact: [0, 0]", "id": 6}, {"type": "0", "fact": "VelocityXFact: [0, 1.0]", "id": 6}, {"type": "0", "fact": "AnimationFact: [0, 'truck', 2.0, 1.0]", "id": 6}, {"type": "0", "fact": "PositionXFact: [0, 10.0]", "id": 6}, {"type": "0", "fact": "PositionYFact: [0, 0.0]", "id": 6}, {"type": "0", "fact": "VelocityYFact: [1, 0]", "id": 6}, {"type": "0", "fact": "VelocityXFact: [1, 1.0]", "id": 6}, {"type": "0", "fact": "AnimationFact: [1, 'truck', 2.0, 1.0]", "id": 6}, {"type": "0", "fact": "PositionXFact: [1, 5.0]", "id": 6}, {"type": "0", "fact": "PositionYFact: [1, 0.0]", "id": 6}, {"type": "0", "fact": "VariableFact: ['space', True]", "id": 6}, {"type": "0", "fact": "VariableFact: ['up', False]", "id": 6}, {"type": "0", "fact": "VariableFact: ['down', False]", "id": 6}, {"type": "0", "fact": "VariableFact: ['left', False]", "id": 6}, {"type": "0", "fact": "VariableFact: ['right', False]", "id": 6}, {"type": "0", "fact": "VariableFact: ['spacePrev', False]", "id": 6}, {"type": "0", "fact": "VariableFact: ['upPrev', False]", "id": 6}, {"type": "0", "fact": "VariableFact: ['downPrev', False]", "id": 6}, {"type": "0", "fact": "VariableFact: ['leftPrev', False]", "id": 6}, {"type": "0", "fact": "VariableFact: ['rightPrev', False]", "id": 6}, {"type": "0", "fact": "RelationshipFactX: [0, 1, 'West', 'East', 3.0]", "id": 6}, {"type": "0", "fact": "RelationshipFactY: [0, 1, 'North', 'North', 0.0]", "id": 6}, {"type": "0", "fact": "RelationshipFactX: [1, 0, 'East', 'West', -3.0]", "id": 6}, {"type": "0", "fact": "RelationshipFactY: [1, 0, 'North', 'North', 0.0]", "id": 6}, {"type": "1", "fact": "EmptyFact: ", "id": 7}, {"type": "2", "fact": "EmptyFact: RelationshipFactX: [2, 0, 'West', 'East', 1.0]|RelationshipFactY: [2, 0, 'North', 'North', 0.0]|AnimationFact: [0, 'truck', 2.0, 1.0]|VelocityXFact: [0, 0]|VelocityYFact: [0, 0]|", "id": 7}, {"type": "0", "fact": "VelocityYFact: [0, 0]", "id": 7}, {"type": "0", "fact": "VelocityXFact: [0, 1.0]", "id": 7}, {"type": "0", "fact": "AnimationFact: [0, 'truck', 2.0, 1.0]", "id": 7}, {"type": "0", "fact": "PositionXFact: [0, 14.0]", "id": 7}, {"type": "0", "fact": "PositionYFact: [0, 0.0]", "id": 7}, {"type": "0", "fact": "VelocityYFact: [1, 0]", "id": 7}, {"type": "0", "fact": "VelocityXFact: [1, 1.0]", "id": 7}, {"type": "0", "fact": "AnimationFact: [1, 'truck', 2.0, 1.0]", "id": 7}, {"type": "0", "fact": "PositionXFact: [1, 9.0]", "id": 7}, {"type": "0", "fact": "PositionYFact: [1, 0.0]", "id": 7}, {"type": "0", "fact": "VelocityYFact: [2, 0]", "id": 7}, {"type": "0", "fact": "VelocityXFact: [2, 1.0]", "id": 7}, {"type": "0", "fact": "AnimationFact: [2, 'truck', 2.0, 1.0]", "id": 7}, {"type": "0", "fact": "PositionXFact: [2, 3.0]", "id": 7}, {"type": "0", "fact": "PositionYFact: [2, 0.0]", "id": 7}, {"type": "0", "fact": "VariableFact: ['space', True]", "id": 7}, {"type": "0", "fact": "VariableFact: ['up', False]", "id": 7}, {"type": "0", "fact": "VariableFact: ['down', False]", "id": 7}, {"type": "0", "fact": "VariableFact: ['left', False]", "id": 7}, {"type": "0", "fact": "VariableFact: ['right', False]", "id": 7}, {"type": "0", "fact": "VariableFact: ['spacePrev', False]", "id": 7}, {"type": "0", "fact": "VariableFact: ['upPrev', False]", "id": 7}, {"type": "0", "fact": "VariableFact: ['downPrev', False]", "id": 7}, {"type": "0", "fact": "VariableFact: ['leftPrev', False]", "id": 7}, {"type": "0", "fact": "VariableFact: ['rightPrev', False]", "id": 7}, {"type": "0", "fact": "RelationshipFactX: [0, 1, 'West', 'East', 3.0]", "id": 7}, {"type": "0", "fact": "RelationshipFactY: [0, 1, 'North', 'North', 0.0]", "id": 7}, {"type": "0", "fact": "RelationshipFactX: [0, 2, 'West', 'East', 9.0]", "id": 7}, {"type": "0", "fact": "RelationshipFactY: [0, 2, 'North', 'North', 0.0]", "id": 7}, {"type": "0", "fact": "RelationshipFactX: [1, 0, 'East', 'West', -3.0]", "id": 7}, {"type": "0", "fact": "RelationshipFactY: [1, 0, 'North', 'North', 0.0]", "id": 7}, {"type": "0", "fact": "RelationshipFactX: [1, 2, 'West', 'East', 4.0]", "id": 7}, {"type": "0", "fact": "RelationshipFactY: [1, 2, 'North', 'North', 0.0]", "id": 7}, {"type": "0", "fact": "RelationshipFactX: [2, 0, 'East', 'West', -9.0]", "id": 7}, {"type": "0", "fact": "RelationshipFactY: [2, 0, 'North', 'North', 0.0]", "id": 7}, {"type": "0", "fact": "RelationshipFactX: [2, 1, 'East', 'West', -4.0]", "id": 7}, {"type": "0", "fact": "RelationshipFactY: [2, 1, 'North', 'North', 0.0]", "id": 7}, {"type": "1", "fact": "EmptyFact: ", "id": 8}, {"type": "2", "fact": "EmptyFact: RelationshipFactX: [3, 0, 'West', 'East', 1.0]|RelationshipFactY: [3, 0, 'North', 'North', 0.0]|AnimationFact: [0, 'truck', 2.0, 1.0]|VelocityXFact: [0, 0]|VelocityYFact: [0, 0]|", "id": 8}, {"type": "0", "fact": "VelocityYFact: [0, 0]", "id": 8}, {"type": "0", "fact": "VelocityXFact: [0, 1.0]", "id": 8}, {"type": "0", "fact": "AnimationFact: [0, 'truck', 2.0, 1.0]", "id": 8}, {"type": "0", "fact": "PositionXFact: [0, 18.0]", "id": 8}, {"type": "0", "fact": "PositionYFact: [0, 0.0]", "id": 8}, {"type": "0", "fact": "VelocityYFact: [1, 0]", "id": 8}, {"type": "0", "fact": "VelocityXFact: [1, 1.0]", "id": 8}, {"type": "0", "fact": "AnimationFact: [1, 'truck', 2.0, 1.0]", "id": 8}, {"type": "0", "fact": "PositionXFact: [1, 13.0]", "id": 8}, {"type": "0", "fact": "PositionYFact: [1, 0.0]", "id": 8}, {"type": "0", "fact": "VelocityYFact: [2, 0]", "id": 8}, {"type": "0", "fact": "VelocityXFact: [2, 1.0]", "id": 8}, {"type": "0", "fact": "AnimationFact: [2, 'truck', 2.0, 1.0]", "id": 8}, {"type": "0", "fact": "PositionXFact: [2, 7.0]", "id": 8}, {"type": "0", "fact": "PositionYFact: [2, 0.0]", "id": 8}, {"type": "0", "fact": "VelocityYFact: [3, 0]", "id": 8}, {"type": "0", "fact": "VelocityXFact: [3, 1.0]", "id": 8}, {"type": "0", "fact": "AnimationFact: [3, 'truck', 2.0, 1.0]", "id": 8}, {"type": "0", "fact": "PositionXFact: [3, 3.0]", "id": 8}, {"type": "0", "fact": "PositionYFact: [3, 0.0]", "id": 8}, {"type": "0", "fact": "VariableFact: ['space', True]", "id": 8}, {"type": "0", "fact": "VariableFact: ['up', False]", "id": 8}, {"type": "0", "fact": "VariableFact: ['down', False]", "id": 8}, {"type": "0", "fact": "VariableFact: ['left', False]", "id": 8}, {"type": "0", "fact": "VariableFact: ['right', False]", "id": 8}, {"type": "0", "fact": "VariableFact: ['spacePrev', False]", "id": 8}, {"type": "0", "fact": "VariableFact: ['upPrev', False]", "id": 8}, {"type": "0", "fact": "VariableFact: ['downPrev', False]", "id": 8}, {"type": "0", "fact": "VariableFact: ['leftPrev', False]", "id": 8}, {"type": "0", "fact": "VariableFact: ['rightPrev', False]", "id": 8}, {"type": "0", "fact": "RelationshipFactX: [0, 1, 'West', 'East', 3.0]", "id": 8}, {"type": "0", "fact": "RelationshipFactY: [0, 1, 'North', 'North', 0.0]", "id": 8}, {"type": "0", "fact": "RelationshipFactX: [0, 2, 'West', 'East', 9.0]", "id": 8}, {"type": "0", "fact": "RelationshipFactY: [0, 2, 'North', 'North', 0.0]", "id": 8}, {"type": "0", "fact": "RelationshipFactX: [0, 3, 'West', 'East', 13.0]", "id": 8}, {"type": "0", "fact": "RelationshipFactY: [0, 3, 'North', 'North', 0.0]", "id": 8}, {"type": "0", "fact": "RelationshipFactX: [1, 0, 'East', 'West', -3.0]", "id": 8}, {"type": "0", "fact": "RelationshipFactY: [1, 0, 'North', 'North', 0.0]", "id": 8}, {"type": "0", "fact": "RelationshipFactX: [1, 2, 'West', 'East', 4.0]", "id": 8}, {"type": "0", "fact": "RelationshipFactY: [1, 2, 'North', 'North', 0.0]", "id": 8}, {"type": "0", "fact": "RelationshipFactX: [1, 3, 'West', 'East', 8.0]", "id": 8}, {"type": "0", "fact": "RelationshipFactY: [1, 3, 'North', 'North', 0.0]", "id": 8}, {"type": "0", "fact": "RelationshipFactX: [2, 0, 'East', 'West', -9.0]", "id": 8}, {"type": "0", "fact": "RelationshipFactY: [2, 0, 'North', 'North', 0.0]", "id": 8}, {"type": "0", "fact": "RelationshipFactX: [2, 1, 'East', 'West', -4.0]", "id": 8}, {"type": "0", "fact": "RelationshipFactY: [2, 1, 'North', 'North', 0.0]", "id": 8}, {"type": "0", "fact": "RelationshipFactX: [2, 3, 'West', 'East', 2.0]", "id": 8}, {"type": "0", "fact": "RelationshipFactY: [2, 3, 'North', 'North', 0.0]", "id": 8}, {"type": "0", "fact": "RelationshipFactX: [3, 0, 'East', 'West', -13.0]", "id": 8}, {"type": "0", "fact": "RelationshipFactY: [3, 0, 'North', 'North', 0.0]", "id": 8}, {"type": "0", "fact": "RelationshipFactX: [3, 1, 'East', 'West', -8.0]", "id": 8}, {"type": "0", "fact": "RelationshipFactY: [3, 1, 'North', 'North', 0.0]", "id": 8}, {"type": "0", "fact": "RelationshipFactX: [3, 2, 'East', 'West', -2.0]", "id": 8}, {"type": "0", "fact": "RelationshipFactY: [3, 2, 'North', 'North', 0.0]", "id": 8}]