[{"type": "1", "fact": "VelocityXFact: [1, 0]", "id": 0}, {"type": "2", "fact": "VelocityXFact: [0, 1.0]", "id": 0}, {"type": "0", "fact": "VariableFact: ['space', False]", "id": 0}, {"type": "0", "fact": "VariableFact: ['up', False]", "id": 0}, {"type": "0", "fact": "VariableFact: ['down', False]", "id": 0}, {"type": "0", "fact": "VariableFact: ['left', False]", "id": 0}, {"type": "0", "fact": "VariableFact: ['right', True]", "id": 0}, {"type": "0", "fact": "VariableFact: ['spacePrev', False]", "id": 0}, {"type": "0", "fact": "VariableFact: ['upPrev', False]", "id": 0}, {"type": "0", "fact": "VariableFact: ['downPrev', False]", "id": 0}, {"type": "0", "fact": "VariableFact: ['leftPrev', False]", "id": 0}, {"type": "0", "fact": "VelocityXFact: [1, 0]", "id": 0}, {"type": "0", "fact": "VelocityYFact: [1, 0]", "id": 0}, {"type": "0", "fact": "AnimationFact: [1, 'white girl', 2.0, 2.0]", "id": 0}, {"type": "0", "fact": "PositionYFact: [1, 4.0]", "id": 0}, {"type": "0", "fact": "VelocityXFact: [0, 0]", "id": 0}, {"type": "0", "fact": "VelocityYFact: [0, 0]", "id": 0}, {"type": "0", "fact": "AnimationFact: [0, 'crate', 2.0, 2.0]", "id": 0}, {"type": "0", "fact": "PositionYFact: [0, 4.0]", "id": 0}, {"type": "1", "fact": "EmptyFact: VelocityYFact: [1, 0]|VelocityXFact: [1, -1.0]|AnimationFact: [1, 'white girl', 2.0, 2.0]|PositionXFact: [1, 2.0]|PositionYFact: [1, 4.0]|", "id": 1}, {"type": "2", "fact": "EmptyFact: ", "id": 1}, {"type": "0", "fact": "VelocityXFact: [0, 0]", "id": 1}, {"type": "0", "fact": "VelocityYFact: [0, 0]", "id": 1}, {"type": "0", "fact": "AnimationFact: [0, 'crate', 2.0, 2.0]", "id": 1}, {"type": "0", "fact": "PositionXFact: [0, 4.0]", "id": 1}, {"type": "0", "fact": "PositionYFact: [0, 4.0]", "id": 1}, {"type": "0", "fact": "VelocityYFact: [1, 0]", "id": 1}, {"type": "0", "fact": "VelocityXFact: [1, -1.0]", "id": 1}, {"type": "0", "fact": "AnimationFact: [1, 'white girl', 2.0, 2.0]", "id": 1}, {"type": "0", "fact": "PositionXFact: [1, 2.0]", "id": 1}, {"type": "0", "fact": "PositionYFact: [1, 4.0]", "id": 1}, {"type": "0", "fact": "VariableFact: ['space', False]", "id": 1}, {"type": "0", "fact": "VariableFact: ['up', False]", "id": 1}, {"type": "0", "fact": "VariableFact: ['down', False]", "id": 1}, {"type": "0", "fact": "VariableFact: ['left', False]", "id": 1}, {"type": "0", "fact": "VariableFact: ['right', False]", "id": 1}, {"type": "0", "fact": "VariableFact: ['spacePrev', False]", "id": 1}, {"type": "0", "fact": "VariableFact: ['upPrev', False]", "id": 1}, {"type": "0", "fact": "VariableFact: ['downPrev', False]", "id": 1}, {"type": "0", "fact": "VariableFact: ['leftPrev', False]", "id": 1}, {"type": "0", "fact": "VariableFact: ['rightPrev', False]", "id": 1}, {"type": "0", "fact": "RelationshipFactX: [0, 1, 'West', 'East', 0.0]", "id": 1}, {"type": "0", "fact": "RelationshipFactY: [0, 1, 'North', 'North', 0.0]", "id": 1}, {"type": "0", "fact": "RelationshipFactX: [1, 0, 'East', 'West', 0.0]", "id": 1}, {"type": "0", "fact": "RelationshipFactY: [1, 0, 'North', 'North', 0.0]", "id": 1}, {"type": "1", "fact": "VelocityXFact: [1, 1.0]", "id": 2}, {"type": "2", "fact": "VelocityXFact: [1, 0.0]", "id": 2}, {"type": "0", "fact": "VariableFact: ['space', False]", "id": 2}, {"type": "0", "fact": "VariableFact: ['up', False]", "id": 2}, {"type": "0", "fact": "VariableFact: ['down', False]", "id": 2}, {"type": "0", "fact": "VariableFact: ['left', False]", "id": 2}, {"type": "0", "fact": "VariableFact: ['right', False]", "id": 2}, {"type": "0", "fact": "VariableFact: ['spacePrev', False]", "id": 2}, {"type": "0", "fact": "VariableFact: ['upPrev', False]", "id": 2}, {"type": "0", "fact": "VariableFact: ['downPrev', False]", "id": 2}, {"type": "0", "fact": "VariableFact: ['leftPrev', False]", "id": 2}, {"type": "0", "fact": "VariableFact: ['rightPrev', False]", "id": 2}, {"type": "0", "fact": "VelocityYFact: [1, 0]", "id": 2}, {"type": "0", "fact": "VelocityXFact: [1, 1.0]", "id": 2}, {"type": "0", "fact": "AnimationFact: [1, 'white girl', 2.0, 2.0]", "id": 2}, {"type": "0", "fact": "PositionYFact: [1, 4.0]", "id": 2}, {"type": "0", "fact": "VelocityYFact: [0, 0]", "id": 2}, {"type": "0", "fact": "AnimationFact: [0, 'crate', 2.0, 2.0]", "id": 2}, {"type": "0", "fact": "PositionYFact: [0, 4.0]", "id": 2}, {"type": "1", "fact": "VelocityXFact: [0, 0]", "id": 3}, {"type": "2", "fact": "VelocityXFact: [0, 2.0]", "id": 3}, {"type": "0", "fact": "VelocityXFact: [0, 0]", "id": 3}, {"type": "0", "fact": "VelocityYFact: [0, 0]", "id": 3}, {"type": "0", "fact": "AnimationFact: [0, 'crate', 2.0, 2.0]", "id": 3}, {"type": "0", "fact": "PositionXFact: [0, 4.0]", "id": 3}, {"type": "0", "fact": "PositionYFact: [0, 4.0]", "id": 3}, {"type": "0", "fact": "VelocityYFact: [1, 0]", "id": 3}, {"type": "0", "fact": "VelocityXFact: [1, 0.0]", "id": 3}, {"type": "0", "fact": "AnimationFact: [1, 'white girl', 2.0, 2.0]", "id": 3}, {"type": "0", "fact": "PositionXFact: [1, 2.0]", "id": 3}, {"type": "0", "fact": "PositionYFact: [1, 4.0]", "id": 3}, {"type": "0", "fact": "VariableFact: ['space', False]", "id": 3}, {"type": "0", "fact": "VariableFact: ['up', False]", "id": 3}, {"type": "0", "fact": "VariableFact: ['down', False]", "id": 3}, {"type": "0", "fact": "VariableFact: ['left', False]", "id": 3}, {"type": "0", "fact": "VariableFact: ['right', True]", "id": 3}, {"type": "0", "fact": "VariableFact: ['spacePrev', False]", "id": 3}, {"type": "0", "fact": "VariableFact: ['upPrev', False]", "id": 3}, {"type": "0", "fact": "VariableFact: ['downPrev', False]", "id": 3}, {"type": "0", "fact": "VariableFact: ['leftPrev', False]", "id": 3}, {"type": "0", "fact": "VariableFact: ['rightPrev', False]", "id": 3}, {"type": "0", "fact": "RelationshipFactX: [0, 1, 'West', 'East', 0.0]", "id": 3}, {"type": "0", "fact": "RelationshipFactY: [0, 1, 'North', 'North', 0.0]", "id": 3}, {"type": "0", "fact": "RelationshipFactX: [1, 0, 'East', 'West', 0.0]", "id": 3}, {"type": "0", "fact": "RelationshipFactY: [1, 0, 'North', 'North', 0.0]", "id": 3}, {"type": "1", "fact": "VelocityXFact: [1, 0.0]", "id": 4}, {"type": "2", "fact": "VelocityXFact: [0, 2.0]", "id": 4}, {"type": "0", "fact": "VelocityYFact: [0, 0]", "id": 4}, {"type": "0", "fact": "VelocityXFact: [0, 2.0]", "id": 4}, {"type": "0", "fact": "AnimationFact: [0, 'crate', 2.0, 2.0]", "id": 4}, {"type": "0", "fact": "PositionXFact: [0, 4.0]", "id": 4}, {"type": "0", "fact": "PositionYFact: [0, 4.0]", "id": 4}, {"type": "0", "fact": "VelocityYFact: [1, 0]", "id": 4}, {"type": "0", "fact": "VelocityXFact: [1, 0.0]", "id": 4}, {"type": "0", "fact": "AnimationFact: [1, 'white girl', 2.0, 2.0]", "id": 4}, {"type": "0", "fact": "PositionXFact: [1, 2.0]", "id": 4}, {"type": "0", "fact": "PositionYFact: [1, 4.0]", "id": 4}, {"type": "0", "fact": "VariableFact: ['space', False]", "id": 4}, {"type": "0", "fact": "VariableFact: ['up', False]", "id": 4}, {"type": "0", "fact": "VariableFact: ['down', False]", "id": 4}, {"type": "0", "fact": "VariableFact: ['left', False]", "id": 4}, {"type": "0", "fact": "VariableFact: ['right', True]", "id": 4}, {"type": "0", "fact": "VariableFact: ['spacePrev', False]", "id": 4}, {"type": "0", "fact": "VariableFact: ['upPrev', False]", "id": 4}, {"type": "0", "fact": "VariableFact: ['downPrev', False]", "id": 4}, {"type": "0", "fact": "VariableFact: ['leftPrev', False]", "id": 4}, {"type": "0", "fact": "VariableFact: ['rightPrev', False]", "id": 4}, {"type": "0", "fact": "RelationshipFactX: [0, 1, 'West', 'East', 0.0]", "id": 4}, {"type": "0", "fact": "RelationshipFactY: [0, 1, 'North', 'North', 0.0]", "id": 4}, {"type": "0", "fact": "RelationshipFactX: [1, 0, 'East', 'West', 0.0]", "id": 4}, {"type": "0", "fact": "RelationshipFactY: [1, 0, 'North', 'North', 0.0]", "id": 4}, {"type": "1", "fact": "VelocityXFact: [0, 2.0]", "id": 5}, {"type": "2", "fact": "VelocityXFact: [0, 3.0]", "id": 5}, {"type": "0", "fact": "VelocityYFact: [0, 0]", "id": 5}, {"type": "0", "fact": "VelocityXFact: [0, 2.0]", "id": 5}, {"type": "0", "fact": "AnimationFact: [0, 'crate', 2.0, 2.0]", "id": 5}, {"type": "0", "fact": "PositionXFact: [0, 6.0]", "id": 5}, {"type": "0", "fact": "PositionYFact: [0, 4.0]", "id": 5}, {"type": "0", "fact": "VelocityYFact: [1, 0]", "id": 5}, {"type": "0", "fact": "VelocityXFact: [1, 2.0]", "id": 5}, {"type": "0", "fact": "AnimationFact: [1, 'white girl', 2.0, 2.0]", "id": 5}, {"type": "0", "fact": "PositionXFact: [1, 4.0]", "id": 5}, {"type": "0", "fact": "PositionYFact: [1, 4.0]", "id": 5}, {"type": "0", "fact": "VariableFact: ['space', False]", "id": 5}, {"type": "0", "fact": "VariableFact: ['up', False]", "id": 5}, {"type": "0", "fact": "VariableFact: ['down', False]", "id": 5}, {"type": "0", "fact": "VariableFact: ['left', False]", "id": 5}, {"type": "0", "fact": "VariableFact: ['right', False]", "id": 5}, {"type": "0", "fact": "VariableFact: ['spacePrev', False]", "id": 5}, {"type": "0", "fact": "VariableFact: ['upPrev', False]", "id": 5}, {"type": "0", "fact": "VariableFact: ['downPrev', False]", "id": 5}, {"type": "0", "fact": "VariableFact: ['leftPrev', False]", "id": 5}, {"type": "0", "fact": "VariableFact: ['rightPrev', False]", "id": 5}, {"type": "0", "fact": "RelationshipFactX: [0, 1, 'West', 'East', 0.0]", "id": 5}, {"type": "0", "fact": "RelationshipFactY: [0, 1, 'North', 'North', 0.0]", "id": 5}, {"type": "0", "fact": "RelationshipFactX: [1, 0, 'East', 'West', 0.0]", "id": 5}, {"type": "0", "fact": "RelationshipFactY: [1, 0, 'North', 'North', 0.0]", "id": 5}, {"type": "1", "fact": "VelocityXFact: [1, 2.0]", "id": 6}, {"type": "2", "fact": "VelocityXFact: [0, 3.0]", "id": 6}, {"type": "0", "fact": "VelocityYFact: [0, 0]", "id": 6}, {"type": "0", "fact": "VelocityXFact: [0, 3.0]", "id": 6}, {"type": "0", "fact": "AnimationFact: [0, 'crate', 2.0, 2.0]", "id": 6}, {"type": "0", "fact": "PositionXFact: [0, 6.0]", "id": 6}, {"type": "0", "fact": "PositionYFact: [0, 4.0]", "id": 6}, {"type": "0", "fact": "VelocityYFact: [1, 0]", "id": 6}, {"type": "0", "fact": "VelocityXFact: [1, 2.0]", "id": 6}, {"type": "0", "fact": "AnimationFact: [1, 'white girl', 2.0, 2.0]", "id": 6}, {"type": "0", "fact": "PositionXFact: [1, 4.0]", "id": 6}, {"type": "0", "fact": "PositionYFact: [1, 4.0]", "id": 6}, {"type": "0", "fact": "VariableFact: ['space', False]", "id": 6}, {"type": "0", "fact": "VariableFact: ['up', False]", "id": 6}, {"type": "0", "fact": "VariableFact: ['down', False]", "id": 6}, {"type": "0", "fact": "VariableFact: ['left', False]", "id": 6}, {"type": "0", "fact": "VariableFact: ['right', False]", "id": 6}, {"type": "0", "fact": "VariableFact: ['spacePrev', False]", "id": 6}, {"type": "0", "fact": "VariableFact: ['upPrev', False]", "id": 6}, {"type": "0", "fact": "VariableFact: ['downPrev', False]", "id": 6}, {"type": "0", "fact": "VariableFact: ['leftPrev', False]", "id": 6}, {"type": "0", "fact": "VariableFact: ['rightPrev', False]", "id": 6}, {"type": "0", "fact": "RelationshipFactX: [0, 1, 'West', 'East', 0.0]", "id": 6}, {"type": "0", "fact": "RelationshipFactY: [0, 1, 'North', 'North', 0.0]", "id": 6}, {"type": "0", "fact": "RelationshipFactX: [1, 0, 'East', 'West', 0.0]", "id": 6}, {"type": "0", "fact": "RelationshipFactY: [1, 0, 'North', 'North', 0.0]", "id": 6}, {"type": "1", "fact": "VelocityXFact: [0, 3.0]", "id": 7}, {"type": "2", "fact": "VelocityXFact: [0, 2.0]", "id": 7}, {"type": "0", "fact": "VelocityYFact: [0, 0]", "id": 7}, {"type": "0", "fact": "VelocityXFact: [0, 3.0]", "id": 7}, {"type": "0", "fact": "AnimationFact: [0, 'crate', 2.0, 2.0]", "id": 7}, {"type": "0", "fact": "PositionXFact: [0, 9.0]", "id": 7}, {"type": "0", "fact": "PositionYFact: [0, 4.0]", "id": 7}, {"type": "0", "fact": "VelocityYFact: [1, 0]", "id": 7}, {"type": "0", "fact": "VelocityXFact: [1, 3.0]", "id": 7}, {"type": "0", "fact": "AnimationFact: [1, 'white girl', 2.0, 2.0]", "id": 7}, {"type": "0", "fact": "PositionXFact: [1, 7.0]", "id": 7}, {"type": "0", "fact": "PositionYFact: [1, 4.0]", "id": 7}, {"type": "0", "fact": "VariableFact: ['space', False]", "id": 7}, {"type": "0", "fact": "VariableFact: ['up', False]", "id": 7}, {"type": "0", "fact": "VariableFact: ['down', False]", "id": 7}, {"type": "0", "fact": "VariableFact: ['left', False]", "id": 7}, {"type": "0", "fact": "VariableFact: ['right', False]", "id": 7}, {"type": "0", "fact": "VariableFact: ['spacePrev', False]", "id": 7}, {"type": "0", "fact": "VariableFact: ['upPrev', False]", "id": 7}, {"type": "0", "fact": "VariableFact: ['downPrev', False]", "id": 7}, {"type": "0", "fact": "VariableFact: ['leftPrev', False]", "id": 7}, {"type": "0", "fact": "VariableFact: ['rightPrev', False]", "id": 7}, {"type": "0", "fact": "RelationshipFactX: [0, 1, 'West', 'East', 0.0]", "id": 7}, {"type": "0", "fact": "RelationshipFactY: [0, 1, 'North', 'North', 0.0]", "id": 7}, {"type": "0", "fact": "RelationshipFactX: [1, 0, 'East', 'West', 0.0]", "id": 7}, {"type": "0", "fact": "RelationshipFactY: [1, 0, 'North', 'North', 0.0]", "id": 7}, {"type": "1", "fact": "VelocityXFact: [1, 3.0]", "id": 8}, {"type": "2", "fact": "VelocityXFact: [0, 2.0]", "id": 8}, {"type": "0", "fact": "VelocityYFact: [0, 0]", "id": 8}, {"type": "0", "fact": "VelocityXFact: [0, 2.0]", "id": 8}, {"type": "0", "fact": "AnimationFact: [0, 'crate', 2.0, 2.0]", "id": 8}, {"type": "0", "fact": "PositionXFact: [0, 9.0]", "id": 8}, {"type": "0", "fact": "PositionYFact: [0, 4.0]", "id": 8}, {"type": "0", "fact": "VelocityYFact: [1, 0]", "id": 8}, {"type": "0", "fact": "VelocityXFact: [1, 3.0]", "id": 8}, {"type": "0", "fact": "AnimationFact: [1, 'white girl', 2.0, 2.0]", "id": 8}, {"type": "0", "fact": "PositionXFact: [1, 7.0]", "id": 8}, {"type": "0", "fact": "PositionYFact: [1, 4.0]", "id": 8}, {"type": "0", "fact": "VariableFact: ['space', False]", "id": 8}, {"type": "0", "fact": "VariableFact: ['up', False]", "id": 8}, {"type": "0", "fact": "VariableFact: ['down', False]", "id": 8}, {"type": "0", "fact": "VariableFact: ['left', False]", "id": 8}, {"type": "0", "fact": "VariableFact: ['right', False]", "id": 8}, {"type": "0", "fact": "VariableFact: ['spacePrev', False]", "id": 8}, {"type": "0", "fact": "VariableFact: ['upPrev', False]", "id": 8}, {"type": "0", "fact": "VariableFact: ['downPrev', False]", "id": 8}, {"type": "0", "fact": "VariableFact: ['leftPrev', False]", "id": 8}, {"type": "0", "fact": "VariableFact: ['rightPrev', False]", "id": 8}, {"type": "0", "fact": "RelationshipFactX: [0, 1, 'West', 'East', 0.0]", "id": 8}, {"type": "0", "fact": "RelationshipFactY: [0, 1, 'North', 'North', 0.0]", "id": 8}, {"type": "0", "fact": "RelationshipFactX: [1, 0, 'East', 'West', 0.0]", "id": 8}, {"type": "0", "fact": "RelationshipFactY: [1, 0, 'North', 'North', 0.0]", "id": 8}, {"type": "1", "fact": "VelocityXFact: [0, 2.0]", "id": 9}, {"type": "2", "fact": "VelocityXFact: [0, -1.0]", "id": 9}, {"type": "0", "fact": "VelocityYFact: [0, 0]", "id": 9}, {"type": "0", "fact": "VelocityXFact: [0, 2.0]", "id": 9}, {"type": "0", "fact": "AnimationFact: [0, 'crate', 2.0, 2.0]", "id": 9}, {"type": "0", "fact": "PositionXFact: [0, 11.0]", "id": 9}, {"type": "0", "fact": "PositionYFact: [0, 4.0]", "id": 9}, {"type": "0", "fact": "VelocityYFact: [1, 0]", "id": 9}, {"type": "0", "fact": "VelocityXFact: [1, 2.0]", "id": 9}, {"type": "0", "fact": "AnimationFact: [1, 'white girl', 2.0, 2.0]", "id": 9}, {"type": "0", "fact": "PositionXFact: [1, 9.0]", "id": 9}, {"type": "0", "fact": "PositionYFact: [1, 4.0]", "id": 9}, {"type": "0", "fact": "VariableFact: ['space', False]", "id": 9}, {"type": "0", "fact": "VariableFact: ['up', False]", "id": 9}, {"type": "0", "fact": "VariableFact: ['down', False]", "id": 9}, {"type": "0", "fact": "VariableFact: ['left', True]", "id": 9}, {"type": "0", "fact": "VariableFact: ['right', False]", "id": 9}, {"type": "0", "fact": "VariableFact: ['spacePrev', False]", "id": 9}, {"type": "0", "fact": "VariableFact: ['upPrev', False]", "id": 9}, {"type": "0", "fact": "VariableFact: ['downPrev', False]", "id": 9}, {"type": "0", "fact": "VariableFact: ['leftPrev', False]", "id": 9}, {"type": "0", "fact": "VariableFact: ['rightPrev', False]", "id": 9}, {"type": "0", "fact": "RelationshipFactX: [0, 1, 'West', 'East', 0.0]", "id": 9}, {"type": "0", "fact": "RelationshipFactY: [0, 1, 'North', 'North', 0.0]", "id": 9}, {"type": "0", "fact": "RelationshipFactX: [1, 0, 'East', 'West', 0.0]", "id": 9}, {"type": "0", "fact": "RelationshipFactY: [1, 0, 'North', 'North', 0.0]", "id": 9}, {"type": "1", "fact": "VelocityXFact: [1, 2.0]", "id": 10}, {"type": "2", "fact": "VelocityXFact: [0, -1.0]", "id": 10}, {"type": "0", "fact": "VelocityYFact: [0, 0]", "id": 10}, {"type": "0", "fact": "VelocityXFact: [0, -1.0]", "id": 10}, {"type": "0", "fact": "AnimationFact: [0, 'crate', 2.0, 2.0]", "id": 10}, {"type": "0", "fact": "PositionXFact: [0, 11.0]", "id": 10}, {"type": "0", "fact": "PositionYFact: [0, 4.0]", "id": 10}, {"type": "0", "fact": "VelocityYFact: [1, 0]", "id": 10}, {"type": "0", "fact": "VelocityXFact: [1, 2.0]", "id": 10}, {"type": "0", "fact": "AnimationFact: [1, 'white girl', 2.0, 2.0]", "id": 10}, {"type": "0", "fact": "PositionXFact: [1, 9.0]", "id": 10}, {"type": "0", "fact": "PositionYFact: [1, 4.0]", "id": 10}, {"type": "0", "fact": "VariableFact: ['space', False]", "id": 10}, {"type": "0", "fact": "VariableFact: ['up', False]", "id": 10}, {"type": "0", "fact": "VariableFact: ['down', False]", "id": 10}, {"type": "0", "fact": "VariableFact: ['left', True]", "id": 10}, {"type": "0", "fact": "VariableFact: ['right', False]", "id": 10}, {"type": "0", "fact": "VariableFact: ['spacePrev', False]", "id": 10}, {"type": "0", "fact": "VariableFact: ['upPrev', False]", "id": 10}, {"type": "0", "fact": "VariableFact: ['downPrev', False]", "id": 10}, {"type": "0", "fact": "VariableFact: ['leftPrev', False]", "id": 10}, {"type": "0", "fact": "VariableFact: ['rightPrev', False]", "id": 10}, {"type": "0", "fact": "RelationshipFactX: [0, 1, 'West', 'East', 0.0]", "id": 10}, {"type": "0", "fact": "RelationshipFactY: [0, 1, 'North', 'North', 0.0]", "id": 10}, {"type": "0", "fact": "RelationshipFactX: [1, 0, 'East', 'West', 0.0]", "id": 10}, {"type": "0", "fact": "RelationshipFactY: [1, 0, 'North', 'North', 0.0]", "id": 10}, {"type": "1", "fact": "VelocityXFact: [0, -1.0]", "id": 11}, {"type": "2", "fact": "VelocityXFact: [0, 0.0]", "id": 11}, {"type": "0", "fact": "VelocityYFact: [0, 0]", "id": 11}, {"type": "0", "fact": "VelocityXFact: [0, -1.0]", "id": 11}, {"type": "0", "fact": "AnimationFact: [0, 'crate', 2.0, 2.0]", "id": 11}, {"type": "0", "fact": "PositionXFact: [0, 10.0]", "id": 11}, {"type": "0", "fact": "PositionYFact: [0, 4.0]", "id": 11}, {"type": "0", "fact": "VelocityYFact: [1, 0]", "id": 11}, {"type": "0", "fact": "VelocityXFact: [1, -1.0]", "id": 11}, {"type": "0", "fact": "AnimationFact: [1, 'white girl', 2.0, 2.0]", "id": 11}, {"type": "0", "fact": "PositionXFact: [1, 8.0]", "id": 11}, {"type": "0", "fact": "PositionYFact: [1, 4.0]", "id": 11}, {"type": "0", "fact": "VariableFact: ['space', False]", "id": 11}, {"type": "0", "fact": "VariableFact: ['up', False]", "id": 11}, {"type": "0", "fact": "VariableFact: ['down', False]", "id": 11}, {"type": "0", "fact": "VariableFact: ['left', False]", "id": 11}, {"type": "0", "fact": "VariableFact: ['right', False]", "id": 11}, {"type": "0", "fact": "VariableFact: ['spacePrev', False]", "id": 11}, {"type": "0", "fact": "VariableFact: ['upPrev', False]", "id": 11}, {"type": "0", "fact": "VariableFact: ['downPrev', False]", "id": 11}, {"type": "0", "fact": "VariableFact: ['leftPrev', False]", "id": 11}, {"type": "0", "fact": "VariableFact: ['rightPrev', False]", "id": 11}, {"type": "0", "fact": "RelationshipFactX: [0, 1, 'West', 'East', 0.0]", "id": 11}, {"type": "0", "fact": "RelationshipFactY: [0, 1, 'North', 'North', 0.0]", "id": 11}, {"type": "0", "fact": "RelationshipFactX: [1, 0, 'East', 'West', 0.0]", "id": 11}, {"type": "0", "fact": "RelationshipFactY: [1, 0, 'North', 'North', 0.0]", "id": 11}, {"type": "1", "fact": "VelocityXFact: [1, -1.0]", "id": 12}, {"type": "2", "fact": "VelocityXFact: [0, 0.0]", "id": 12}, {"type": "0", "fact": "VariableFact: ['space', False]", "id": 12}, {"type": "0", "fact": "VariableFact: ['up', False]", "id": 12}, {"type": "0", "fact": "VariableFact: ['down', False]", "id": 12}, {"type": "0", "fact": "VariableFact: ['left', False]", "id": 12}, {"type": "0", "fact": "VariableFact: ['right', False]", "id": 12}, {"type": "0", "fact": "VariableFact: ['spacePrev', False]", "id": 12}, {"type": "0", "fact": "VariableFact: ['upPrev', False]", "id": 12}, {"type": "0", "fact": "VariableFact: ['downPrev', False]", "id": 12}, {"type": "0", "fact": "VariableFact: ['leftPrev', False]", "id": 12}, {"type": "0", "fact": "VariableFact: ['rightPrev', False]", "id": 12}, {"type": "0", "fact": "VelocityYFact: [1, 0]", "id": 12}, {"type": "0", "fact": "VelocityXFact: [1, -1.0]", "id": 12}, {"type": "0", "fact": "AnimationFact: [1, 'white girl', 2.0, 2.0]", "id": 12}, {"type": "0", "fact": "PositionYFact: [1, 4.0]", "id": 12}, {"type": "0", "fact": "VelocityYFact: [0, 0]", "id": 12}, {"type": "0", "fact": "VelocityXFact: [0, 0.0]", "id": 12}, {"type": "0", "fact": "AnimationFact: [0, 'crate', 2.0, 2.0]", "id": 12}, {"type": "0", "fact": "PositionYFact: [0, 4.0]", "id": 12}, {"type": "1", "fact": "VelocityXFact: [1, 0]", "id": 13}, {"type": "2", "fact": "VelocityXFact: [0, 1.0]", "id": 13}, {"type": "0", "fact": "VelocityYFact: [0, 0]", "id": 13}, {"type": "0", "fact": "VelocityXFact: [0, 1.0]", "id": 13}, {"type": "0", "fact": "AnimationFact: [0, 'white girl', 2.0, 2.0]", "id": 13}, {"type": "0", "fact": "PositionXFact: [0, 6.0]", "id": 13}, {"type": "0", "fact": "PositionYFact: [0, 4.0]", "id": 13}, {"type": "0", "fact": "VelocityXFact: [1, 0]", "id": 13}, {"type": "0", "fact": "VelocityYFact: [1, 0]", "id": 13}, {"type": "0", "fact": "AnimationFact: [1, 'crate', 2.0, 2.0]", "id": 13}, {"type": "0", "fact": "PositionXFact: [1, 8.0]", "id": 13}, {"type": "0", "fact": "PositionYFact: [1, 4.0]", "id": 13}, {"type": "0", "fact": "VariableFact: ['space', False]", "id": 13}, {"type": "0", "fact": "VariableFact: ['up', False]", "id": 13}, {"type": "0", "fact": "VariableFact: ['down', False]", "id": 13}, {"type": "0", "fact": "VariableFact: ['left', False]", "id": 13}, {"type": "0", "fact": "VariableFact: ['right', True]", "id": 13}, {"type": "0", "fact": "VariableFact: ['spacePrev', False]", "id": 13}, {"type": "0", "fact": "VariableFact: ['upPrev', False]", "id": 13}, {"type": "0", "fact": "VariableFact: ['downPrev', False]", "id": 13}, {"type": "0", "fact": "VariableFact: ['leftPrev', False]", "id": 13}, {"type": "0", "fact": "VariableFact: ['rightPrev', True]", "id": 13}, {"type": "0", "fact": "RelationshipFactX: [0, 1, 'East', 'West', 0.0]", "id": 13}, {"type": "0", "fact": "RelationshipFactY: [0, 1, 'North', 'North', 0.0]", "id": 13}, {"type": "0", "fact": "RelationshipFactX: [1, 0, 'West', 'East', 0.0]", "id": 13}, {"type": "0", "fact": "RelationshipFactY: [1, 0, 'North', 'North', 0.0]", "id": 13}, {"type": "1", "fact": "VelocityXFact: [1, 1.0]", "id": 14}, {"type": "2", "fact": "VelocityXFact: [1, 0.0]", "id": 14}, {"type": "0", "fact": "VariableFact: ['space', False]", "id": 14}, {"type": "0", "fact": "VariableFact: ['up', False]", "id": 14}, {"type": "0", "fact": "VariableFact: ['down', False]", "id": 14}, {"type": "0", "fact": "VariableFact: ['right', False]", "id": 14}, {"type": "0", "fact": "VariableFact: ['spacePrev', False]", "id": 14}, {"type": "0", "fact": "VariableFact: ['upPrev', False]", "id": 14}, {"type": "0", "fact": "VariableFact: ['downPrev', False]", "id": 14}, {"type": "0", "fact": "VariableFact: ['leftPrev', False]", "id": 14}, {"type": "0", "fact": "VariableFact: ['rightPrev', False]", "id": 14}, {"type": "0", "fact": "VelocityYFact: [1, 0]", "id": 14}, {"type": "0", "fact": "VelocityXFact: [1, 1.0]", "id": 14}, {"type": "0", "fact": "AnimationFact: [1, 'crate', 2.0, 2.0]", "id": 14}, {"type": "0", "fact": "PositionYFact: [1, 4.0]", "id": 14}, {"type": "0", "fact": "VelocityYFact: [0, 0]", "id": 14}, {"type": "0", "fact": "AnimationFact: [0, 'white girl', 2.0, 2.0]", "id": 14}, {"type": "0", "fact": "PositionYFact: [0, 4.0]", "id": 14}, {"type": "1", "fact": "VelocityXFact: [0, 0.0]", "id": 15}, {"type": "2", "fact": "VelocityXFact: [0, -1.0]", "id": 15}, {"type": "0", "fact": "VariableFact: ['space', False]", "id": 15}, {"type": "0", "fact": "VariableFact: ['up', False]", "id": 15}, {"type": "0", "fact": "VariableFact: ['down', False]", "id": 15}, {"type": "0", "fact": "VariableFact: ['left', True]", "id": 15}, {"type": "0", "fact": "VariableFact: ['right', False]", "id": 15}, {"type": "0", "fact": "VariableFact: ['spacePrev', False]", "id": 15}, {"type": "0", "fact": "VariableFact: ['upPrev', False]", "id": 15}, {"type": "0", "fact": "VariableFact: ['downPrev', False]", "id": 15}, {"type": "0", "fact": "VariableFact: ['rightPrev', False]", "id": 15}, {"type": "0", "fact": "VelocityYFact: [1, 0]", "id": 15}, {"type": "0", "fact": "VelocityXFact: [1, 0.0]", "id": 15}, {"type": "0", "fact": "AnimationFact: [1, 'crate', 2.0, 2.0]", "id": 15}, {"type": "0", "fact": "PositionYFact: [1, 4.0]", "id": 15}, {"type": "0", "fact": "VelocityYFact: [0, 0]", "id": 15}, {"type": "0", "fact": "VelocityXFact: [0, 0.0]", "id": 15}, {"type": "0", "fact": "AnimationFact: [0, 'white girl', 2.0, 2.0]", "id": 15}, {"type": "0", "fact": "PositionYFact: [0, 4.0]", "id": 15}, {"type": "1", "fact": "VelocityXFact: [1, 0.0]", "id": 16}, {"type": "2", "fact": "VelocityXFact: [0, 1.0]", "id": 16}, {"type": "0", "fact": "VelocityYFact: [0, 0]", "id": 16}, {"type": "0", "fact": "VelocityXFact: [0, 1.0]", "id": 16}, {"type": "0", "fact": "AnimationFact: [0, 'white girl', 2.0, 2.0]", "id": 16}, {"type": "0", "fact": "PositionXFact: [0, 7.0]", "id": 16}, {"type": "0", "fact": "PositionYFact: [0, 4.0]", "id": 16}, {"type": "0", "fact": "VelocityYFact: [1, 0]", "id": 16}, {"type": "0", "fact": "VelocityXFact: [1, 0.0]", "id": 16}, {"type": "0", "fact": "AnimationFact: [1, 'crate', 2.0, 2.0]", "id": 16}, {"type": "0", "fact": "PositionXFact: [1, 9.0]", "id": 16}, {"type": "0", "fact": "PositionYFact: [1, 4.0]", "id": 16}, {"type": "0", "fact": "VariableFact: ['space', False]", "id": 16}, {"type": "0", "fact": "VariableFact: ['up', False]", "id": 16}, {"type": "0", "fact": "VariableFact: ['down', False]", "id": 16}, {"type": "0", "fact": "VariableFact: ['left', False]", "id": 16}, {"type": "0", "fact": "VariableFact: ['right', True]", "id": 16}, {"type": "0", "fact": "VariableFact: ['spacePrev', False]", "id": 16}, {"type": "0", "fact": "VariableFact: ['upPrev', False]", "id": 16}, {"type": "0", "fact": "VariableFact: ['downPrev', False]", "id": 16}, {"type": "0", "fact": "VariableFact: ['leftPrev', False]", "id": 16}, {"type": "0", "fact": "VariableFact: ['rightPrev', True]", "id": 16}, {"type": "0", "fact": "RelationshipFactX: [0, 1, 'East', 'West', 0.0]", "id": 16}, {"type": "0", "fact": "RelationshipFactY: [0, 1, 'North', 'North', 0.0]", "id": 16}, {"type": "0", "fact": "RelationshipFactX: [1, 0, 'West', 'East', 0.0]", "id": 16}, {"type": "0", "fact": "RelationshipFactY: [1, 0, 'North', 'North', 0.0]", "id": 16}, {"type": "1", "fact": "VelocityXFact: [1, 0.0]", "id": 17}, {"type": "2", "fact": "VelocityXFact: [0, 1.0]", "id": 17}, {"type": "0", "fact": "VelocityYFact: [0, 0]", "id": 17}, {"type": "0", "fact": "VelocityXFact: [0, 1.0]", "id": 17}, {"type": "0", "fact": "AnimationFact: [0, 'white girl', 2.0, 2.0]", "id": 17}, {"type": "0", "fact": "PositionXFact: [0, 8.0]", "id": 17}, {"type": "0", "fact": "PositionYFact: [0, 4.0]", "id": 17}, {"type": "0", "fact": "VelocityYFact: [1, 0]", "id": 17}, {"type": "0", "fact": "VelocityXFact: [1, 0.0]", "id": 17}, {"type": "0", "fact": "AnimationFact: [1, 'crate', 2.0, 2.0]", "id": 17}, {"type": "0", "fact": "PositionXFact: [1, 10.0]", "id": 17}, {"type": "0", "fact": "PositionYFact: [1, 4.0]", "id": 17}, {"type": "0", "fact": "VariableFact: ['space', False]", "id": 17}, {"type": "0", "fact": "VariableFact: ['up', False]", "id": 17}, {"type": "0", "fact": "VariableFact: ['down', False]", "id": 17}, {"type": "0", "fact": "VariableFact: ['left', False]", "id": 17}, {"type": "0", "fact": "VariableFact: ['right', True]", "id": 17}, {"type": "0", "fact": "VariableFact: ['spacePrev', False]", "id": 17}, {"type": "0", "fact": "VariableFact: ['upPrev', False]", "id": 17}, {"type": "0", "fact": "VariableFact: ['downPrev', False]", "id": 17}, {"type": "0", "fact": "VariableFact: ['leftPrev', False]", "id": 17}, {"type": "0", "fact": "VariableFact: ['rightPrev', False]", "id": 17}, {"type": "0", "fact": "RelationshipFactX: [0, 1, 'East', 'West', 0.0]", "id": 17}, {"type": "0", "fact": "RelationshipFactY: [0, 1, 'North', 'North', 0.0]", "id": 17}, {"type": "0", "fact": "RelationshipFactX: [1, 0, 'West', 'East', 0.0]", "id": 17}, {"type": "0", "fact": "RelationshipFactY: [1, 0, 'North', 'North', 0.0]", "id": 17}, {"type": "1", "fact": "VelocityXFact: [0, 1.0]", "id": 18}, {"type": "2", "fact": "VelocityXFact: [1, -1.0]", "id": 18}, {"type": "0", "fact": "VelocityYFact: [0, 0]", "id": 18}, {"type": "0", "fact": "VelocityXFact: [0, 1.0]", "id": 18}, {"type": "0", "fact": "AnimationFact: [0, 'white girl', 2.0, 2.0]", "id": 18}, {"type": "0", "fact": "PositionXFact: [0, 9.0]", "id": 18}, {"type": "0", "fact": "PositionYFact: [0, 4.0]", "id": 18}, {"type": "0", "fact": "VelocityYFact: [1, 0]", "id": 18}, {"type": "0", "fact": "VelocityXFact: [1, 0.0]", "id": 18}, {"type": "0", "fact": "AnimationFact: [1, 'crate', 2.0, 2.0]", "id": 18}, {"type": "0", "fact": "PositionXFact: [1, 11.0]", "id": 18}, {"type": "0", "fact": "PositionYFact: [1, 4.0]", "id": 18}, {"type": "0", "fact": "VariableFact: ['space', False]", "id": 18}, {"type": "0", "fact": "VariableFact: ['up', False]", "id": 18}, {"type": "0", "fact": "VariableFact: ['down', False]", "id": 18}, {"type": "0", "fact": "VariableFact: ['left', True]", "id": 18}, {"type": "0", "fact": "VariableFact: ['right', False]", "id": 18}, {"type": "0", "fact": "VariableFact: ['spacePrev', False]", "id": 18}, {"type": "0", "fact": "VariableFact: ['upPrev', False]", "id": 18}, {"type": "0", "fact": "VariableFact: ['downPrev', False]", "id": 18}, {"type": "0", "fact": "VariableFact: ['leftPrev', False]", "id": 18}, {"type": "0", "fact": "VariableFact: ['rightPrev', False]", "id": 18}, {"type": "0", "fact": "RelationshipFactX: [0, 1, 'East', 'West', 0.0]", "id": 18}, {"type": "0", "fact": "RelationshipFactY: [0, 1, 'North', 'North', 0.0]", "id": 18}, {"type": "0", "fact": "RelationshipFactX: [1, 0, 'West', 'East', 0.0]", "id": 18}, {"type": "0", "fact": "RelationshipFactY: [1, 0, 'North', 'North', 0.0]", "id": 18}, {"type": "1", "fact": "VelocityXFact: [0, -1.0]", "id": 19}, {"type": "2", "fact": "VelocityXFact: [0, 1.0]", "id": 19}, {"type": "0", "fact": "VelocityYFact: [0, 0]", "id": 19}, {"type": "0", "fact": "VelocityXFact: [0, -1.0]", "id": 19}, {"type": "0", "fact": "AnimationFact: [0, 'white girl', 2.0, 2.0]", "id": 19}, {"type": "0", "fact": "PositionXFact: [0, 7.0]", "id": 19}, {"type": "0", "fact": "PositionYFact: [0, 4.0]", "id": 19}, {"type": "0", "fact": "VelocityYFact: [1, 0]", "id": 19}, {"type": "0", "fact": "VelocityXFact: [1, 0.0]", "id": 19}, {"type": "0", "fact": "AnimationFact: [1, 'crate', 2.0, 2.0]", "id": 19}, {"type": "0", "fact": "PositionXFact: [1, 11.0]", "id": 19}, {"type": "0", "fact": "PositionYFact: [1, 4.0]", "id": 19}, {"type": "0", "fact": "VariableFact: ['space', False]", "id": 19}, {"type": "0", "fact": "VariableFact: ['up', False]", "id": 19}, {"type": "0", "fact": "VariableFact: ['down', False]", "id": 19}, {"type": "0", "fact": "VariableFact: ['left', False]", "id": 19}, {"type": "0", "fact": "VariableFact: ['right', True]", "id": 19}, {"type": "0", "fact": "VariableFact: ['spacePrev', False]", "id": 19}, {"type": "0", "fact": "VariableFact: ['upPrev', False]", "id": 19}, {"type": "0", "fact": "VariableFact: ['downPrev', False]", "id": 19}, {"type": "0", "fact": "VariableFact: ['leftPrev', False]", "id": 19}, {"type": "0", "fact": "VariableFact: ['rightPrev', False]", "id": 19}, {"type": "0", "fact": "RelationshipFactX: [0, 1, 'East', 'West', -2.0]", "id": 19}, {"type": "0", "fact": "RelationshipFactY: [0, 1, 'North', 'North', 0.0]", "id": 19}, {"type": "0", "fact": "RelationshipFactX: [1, 0, 'West', 'East', 2.0]", "id": 19}, {"type": "0", "fact": "RelationshipFactY: [1, 0, 'North', 'North', 0.0]", "id": 19}, {"type": "1", "fact": "VelocityXFact: [1, 0.0]", "id": 20}, {"type": "2", "fact": "VelocityXFact: [0, 1.0]", "id": 20}, {"type": "0", "fact": "VelocityYFact: [0, 0]", "id": 20}, {"type": "0", "fact": "VelocityXFact: [0, 1.0]", "id": 20}, {"type": "0", "fact": "AnimationFact: [0, 'white girl', 2.0, 2.0]", "id": 20}, {"type": "0", "fact": "PositionXFact: [0, 9.0]", "id": 20}, {"type": "0", "fact": "PositionYFact: [0, 4.0]", "id": 20}, {"type": "0", "fact": "VelocityYFact: [1, 0]", "id": 20}, {"type": "0", "fact": "VelocityXFact: [1, 0.0]", "id": 20}, {"type": "0", "fact": "AnimationFact: [1, 'crate', 2.0, 2.0]", "id": 20}, {"type": "0", "fact": "PositionXFact: [1, 11.0]", "id": 20}, {"type": "0", "fact": "PositionYFact: [1, 4.0]", "id": 20}, {"type": "0", "fact": "VariableFact: ['space', False]", "id": 20}, {"type": "0", "fact": "VariableFact: ['up', False]", "id": 20}, {"type": "0", "fact": "VariableFact: ['down', False]", "id": 20}, {"type": "0", "fact": "VariableFact: ['left', False]", "id": 20}, {"type": "0", "fact": "VariableFact: ['right', True]", "id": 20}, {"type": "0", "fact": "VariableFact: ['spacePrev', False]", "id": 20}, {"type": "0", "fact": "VariableFact: ['upPrev', False]", "id": 20}, {"type": "0", "fact": "VariableFact: ['downPrev', False]", "id": 20}, {"type": "0", "fact": "VariableFact: ['leftPrev', False]", "id": 20}, {"type": "0", "fact": "VariableFact: ['rightPrev', False]", "id": 20}, {"type": "0", "fact": "RelationshipFactX: [0, 1, 'East', 'West', 0.0]", "id": 20}, {"type": "0", "fact": "RelationshipFactY: [0, 1, 'North', 'North', 0.0]", "id": 20}, {"type": "0", "fact": "RelationshipFactX: [1, 0, 'West', 'East', 0.0]", "id": 20}, {"type": "0", "fact": "RelationshipFactY: [1, 0, 'North', 'North', 0.0]", "id": 20}]