[{"type": "1", "fact": "EmptyFact: VelocityXFact: [1, 0]|VelocityYFact: [1, 0]|AnimationFact: [1, 'adventure lady', 2.0, 1.0]|PositionXFact: [1, 0.0]|PositionYFact: [1, 2.0]|", "id": 0}, {"type": "2", "fact": "EmptyFact: ", "id": 0}, {"type": "0", "fact": "VelocityXFact: [0, 0]", "id": 0}, {"type": "0", "fact": "VelocityYFact: [0, 0]", "id": 0}, {"type": "0", "fact": "AnimationFact: [0, 'chick', 1.0, 1.0]", "id": 0}, {"type": "0", "fact": "PositionXFact: [0, 10.0]", "id": 0}, {"type": "0", "fact": "PositionYFact: [0, 0.0]", "id": 0}, {"type": "0", "fact": "VelocityXFact: [1, 0]", "id": 0}, {"type": "0", "fact": "VelocityYFact: [1, 0]", "id": 0}, {"type": "0", "fact": "AnimationFact: [1, 'adventure lady', 2.0, 1.0]", "id": 0}, {"type": "0", "fact": "PositionXFact: [1, 0.0]", "id": 0}, {"type": "0", "fact": "PositionYFact: [1, 2.0]", "id": 0}, {"type": "0", "fact": "VelocityXFact: [2, 0]", "id": 0}, {"type": "0", "fact": "VelocityYFact: [2, 0]", "id": 0}, {"type": "0", "fact": "AnimationFact: [2, 'adventure lady', 2.0, 1.0]", "id": 0}, {"type": "0", "fact": "PositionXFact: [2, 5.0]", "id": 0}, {"type": "0", "fact": "PositionYFact: [2, 2.0]", "id": 0}, {"type": "0", "fact": "VelocityXFact: [3, 0]", "id": 0}, {"type": "0", "fact": "VelocityYFact: [3, 0]", "id": 0}, {"type": "0", "fact": "AnimationFact: [3, 'adventure lady', 2.0, 1.0]", "id": 0}, {"type": "0", "fact": "PositionXFact: [3, 10.0]", "id": 0}, {"type": "0", "fact": "PositionYFact: [3, 2.0]", "id": 0}, {"type": "0", "fact": "VelocityXFact: [4, 0]", "id": 0}, {"type": "0", "fact": "VelocityYFact: [4, 0]", "id": 0}, {"type": "0", "fact": "AnimationFact: [4, 'adventure lady', 2.0, 1.0]", "id": 0}, {"type": "0", "fact": "PositionXFact: [4, 15.0]", "id": 0}, {"type": "0", "fact": "PositionYFact: [4, 2.0]", "id": 0}, {"type": "0", "fact": "VelocityXFact: [5, 0]", "id": 0}, {"type": "0", "fact": "VelocityYFact: [5, 0]", "id": 0}, {"type": "0", "fact": "AnimationFact: [5, 'adventure lady', 2.0, 1.0]", "id": 0}, {"type": "0", "fact": "PositionXFact: [5, 20.0]", "id": 0}, {"type": "0", "fact": "PositionYFact: [5, 2.0]", "id": 0}, {"type": "0", "fact": "VelocityXFact: [6, 0]", "id": 0}, {"type": "0", "fact": "VelocityYFact: [6, 0]", "id": 0}, {"type": "0", "fact": "AnimationFact: [6, 'truck', 2.0, 1.0]", "id": 0}, {"type": "0", "fact": "PositionXFact: [6, 1.0]", "id": 0}, {"type": "0", "fact": "PositionYFact: [6, 5.0]", "id": 0}, {"type": "0", "fact": "VelocityXFact: [7, 0]", "id": 0}, {"type": "0", "fact": "VelocityYFact: [7, 0]", "id": 0}, {"type": "0", "fact": "AnimationFact: [7, 'truck', 2.0, 1.0]", "id": 0}, {"type": "0", "fact": "PositionXFact: [7, 5.0]", "id": 0}, {"type": "0", "fact": "PositionYFact: [7, 5.0]", "id": 0}, {"type": "0", "fact": "VelocityXFact: [8, 0]", "id": 0}, {"type": "0", "fact": "VelocityYFact: [8, 0]", "id": 0}, {"type": "0", "fact": "AnimationFact: [8, 'truck', 2.0, 1.0]", "id": 0}, {"type": "0", "fact": "PositionXFact: [8, 9.0]", "id": 0}, {"type": "0", "fact": "PositionYFact: [8, 5.0]", "id": 0}, {"type": "0", "fact": "VelocityXFact: [9, 0]", "id": 0}, {"type": "0", "fact": "VelocityYFact: [9, 0]", "id": 0}, {"type": "0", "fact": "AnimationFact: [9, 'truck', 2.0, 1.0]", "id": 0}, {"type": "0", "fact": "PositionXFact: [9, 13.0]", "id": 0}, {"type": "0", "fact": "PositionYFact: [9, 5.0]", "id": 0}, {"type": "0", "fact": "VelocityXFact: [10, 0]", "id": 0}, {"type": "0", "fact": "VelocityYFact: [10, 0]", "id": 0}, {"type": "0", "fact": "AnimationFact: [10, 'truck', 2.0, 1.0]", "id": 0}, {"type": "0", "fact": "PositionXFact: [10, 17.0]", "id": 0}, {"type": "0", "fact": "PositionYFact: [10, 5.0]", "id": 0}, {"type": "0", "fact": "VariableFact: ['space', False]", "id": 0}, {"type": "0", "fact": "VariableFact: ['up', False]", "id": 0}, {"type": "0", "fact": "VariableFact: ['down', False]", "id": 0}, {"type": "0", "fact": "VariableFact: ['left', False]", "id": 0}, {"type": "0", "fact": "VariableFact: ['right', False]", "id": 0}, {"type": "0", "fact": "VariableFact: ['spacePrev', False]", "id": 0}, {"type": "0", "fact": "VariableFact: ['upPrev', False]", "id": 0}, {"type": "0", "fact": "VariableFact: ['downPrev', False]", "id": 0}, {"type": "0", "fact": "VariableFact: ['leftPrev', False]", "id": 0}, {"type": "0", "fact": "VariableFact: ['rightPrev', False]", "id": 0}, {"type": "0", "fact": "RelationshipFactX: [0, 1, 'West', 'East', 8.0]", "id": 0}, {"type": "0", "fact": "RelationshipFactY: [0, 1, 'South', 'North', -1.0]", "id": 0}, {"type": "0", "fact": "RelationshipFactX: [0, 2, 'West', 'East', 3.0]", "id": 0}, {"type": "0", "fact": "RelationshipFactY: [0, 2, 'South', 'North', -1.0]", "id": 0}, {"type": "0", "fact": "RelationshipFactX: [0, 3, 'East', 'North', 0.0]", "id": 0}, {"type": "0", "fact": "RelationshipFactY: [0, 3, 'South', 'North', -1.0]", "id": 0}, {"type": "0", "fact": "RelationshipFactX: [0, 4, 'East', 'West', -4.0]", "id": 0}, {"type": "0", "fact": "RelationshipFactY: [0, 4, 'South', 'North', -1.0]", "id": 0}, {"type": "0", "fact": "RelationshipFactX: [0, 5, 'East', 'West', -9.0]", "id": 0}, {"type": "0", "fact": "RelationshipFactY: [0, 5, 'South', 'North', -1.0]", "id": 0}, {"type": "0", "fact": "RelationshipFactX: [0, 6, 'West', 'East', 7.0]", "id": 0}, {"type": "0", "fact": "RelationshipFactY: [0, 6, 'South', 'North', -4.0]", "id": 0}, {"type": "0", "fact": "RelationshipFactX: [0, 7, 'West', 'East', 3.0]", "id": 0}, {"type": "0", "fact": "RelationshipFactY: [0, 7, 'South', 'North', -4.0]", "id": 0}, {"type": "0", "fact": "RelationshipFactX: [0, 8, 'East', 'East', 0.0]", "id": 0}, {"type": "0", "fact": "RelationshipFactY: [0, 8, 'South', 'North', -4.0]", "id": 0}, {"type": "0", "fact": "RelationshipFactX: [0, 9, 'East', 'West', -2.0]", "id": 0}, {"type": "0", "fact": "RelationshipFactY: [0, 9, 'South', 'North', -4.0]", "id": 0}, {"type": "0", "fact": "RelationshipFactX: [0, 10, 'East', 'West', -6.0]", "id": 0}, {"type": "0", "fact": "RelationshipFactY: [0, 10, 'South', 'North', -4.0]", "id": 0}, {"type": "0", "fact": "RelationshipFactX: [1, 0, 'East', 'West', -8.0]", "id": 0}, {"type": "0", "fact": "RelationshipFactY: [1, 0, 'North', 'South', 1.0]", "id": 0}, {"type": "0", "fact": "RelationshipFactX: [1, 2, 'East', 'West', -3.0]", "id": 0}, {"type": "0", "fact": "RelationshipFactY: [1, 2, 'North', 'North', 0.0]", "id": 0}, {"type": "0", "fact": "RelationshipFactX: [1, 3, 'East', 'West', -8.0]", "id": 0}, {"type": "0", "fact": "RelationshipFactY: [1, 3, 'North', 'North', 0.0]", "id": 0}, {"type": "0", "fact": "RelationshipFactX: [1, 4, 'East', 'West', -13.0]", "id": 0}, {"type": "0", "fact": "RelationshipFactY: [1, 4, 'North', 'North', 0.0]", "id": 0}, {"type": "0", "fact": "RelationshipFactX: [1, 5, 'East', 'West', -18.0]", "id": 0}, {"type": "0", "fact": "RelationshipFactY: [1, 5, 'North', 'North', 0.0]", "id": 0}, {"type": "0", "fact": "RelationshipFactX: [1, 6, 'North', 'West', 0.0]", "id": 0}, {"type": "0", "fact": "RelationshipFactY: [1, 6, 'South', 'North', -2.0]", "id": 0}, {"type": "0", "fact": "RelationshipFactX: [1, 7, 'East', 'West', -3.0]", "id": 0}, {"type": "0", "fact": "RelationshipFactY: [1, 7, 'South', 'North', -2.0]", "id": 0}, {"type": "0", "fact": "RelationshipFactX: [1, 8, 'East', 'West', -7.0]", "id": 0}, {"type": "0", "fact": "RelationshipFactY: [1, 8, 'South', 'North', -2.0]", "id": 0}, {"type": "0", "fact": "RelationshipFactX: [1, 9, 'East', 'West', -11.0]", "id": 0}, {"type": "0", "fact": "RelationshipFactY: [1, 9, 'South', 'North', -2.0]", "id": 0}, {"type": "0", "fact": "RelationshipFactX: [1, 10, 'East', 'West', -15.0]", "id": 0}, {"type": "0", "fact": "RelationshipFactY: [1, 10, 'South', 'North', -2.0]", "id": 0}, {"type": "0", "fact": "RelationshipFactX: [2, 0, 'East', 'West', -3.0]", "id": 0}, {"type": "0", "fact": "RelationshipFactY: [2, 0, 'North', 'South', 1.0]", "id": 0}, {"type": "0", "fact": "RelationshipFactX: [2, 1, 'West', 'East', 3.0]", "id": 0}, {"type": "0", "fact": "RelationshipFactY: [2, 1, 'North', 'North', 0.0]", "id": 0}, {"type": "0", "fact": "RelationshipFactX: [2, 3, 'East', 'West', -3.0]", "id": 0}, {"type": "0", "fact": "RelationshipFactY: [2, 3, 'North', 'North', 0.0]", "id": 0}, {"type": "0", "fact": "RelationshipFactX: [2, 4, 'East', 'West', -8.0]", "id": 0}, {"type": "0", "fact": "RelationshipFactY: [2, 4, 'North', 'North', 0.0]", "id": 0}, {"type": "0", "fact": "RelationshipFactX: [2, 5, 'East', 'West', -13.0]", "id": 0}, {"type": "0", "fact": "RelationshipFactY: [2, 5, 'North', 'North', 0.0]", "id": 0}, {"type": "0", "fact": "RelationshipFactX: [2, 6, 'West', 'East', 2.0]", "id": 0}, {"type": "0", "fact": "RelationshipFactY: [2, 6, 'South', 'North', -2.0]", "id": 0}, {"type": "0", "fact": "RelationshipFactX: [2, 7, 'North', 'North', 0.0]", "id": 0}, {"type": "0", "fact": "RelationshipFactY: [2, 7, 'South', 'North', -2.0]", "id": 0}, {"type": "0", "fact": "RelationshipFactX: [2, 8, 'East', 'West', -2.0]", "id": 0}, {"type": "0", "fact": "RelationshipFactY: [2, 8, 'South', 'North', -2.0]", "id": 0}, {"type": "0", "fact": "RelationshipFactX: [2, 9, 'East', 'West', -6.0]", "id": 0}, {"type": "0", "fact": "RelationshipFactY: [2, 9, 'South', 'North', -2.0]", "id": 0}, {"type": "0", "fact": "RelationshipFactX: [2, 10, 'East', 'West', -10.0]", "id": 0}, {"type": "0", "fact": "RelationshipFactY: [2, 10, 'South', 'North', -2.0]", "id": 0}, {"type": "0", "fact": "RelationshipFactX: [3, 0, 'North', 'East', 0.0]", "id": 0}, {"type": "0", "fact": "RelationshipFactY: [3, 0, 'North', 'South', 1.0]", "id": 0}, {"type": "0", "fact": "RelationshipFactX: [3, 1, 'West', 'East', 8.0]", "id": 0}, {"type": "0", "fact": "RelationshipFactY: [3, 1, 'North', 'North', 0.0]", "id": 0}, {"type": "0", "fact": "RelationshipFactX: [3, 2, 'West', 'East', 3.0]", "id": 0}, {"type": "0", "fact": "RelationshipFactY: [3, 2, 'North', 'North', 0.0]", "id": 0}, {"type": "0", "fact": "RelationshipFactX: [3, 4, 'East', 'West', -3.0]", "id": 0}, {"type": "0", "fact": "RelationshipFactY: [3, 4, 'North', 'North', 0.0]", "id": 0}, {"type": "0", "fact": "RelationshipFactX: [3, 5, 'East', 'West', -8.0]", "id": 0}, {"type": "0", "fact": "RelationshipFactY: [3, 5, 'North', 'North', 0.0]", "id": 0}, {"type": "0", "fact": "RelationshipFactX: [3, 6, 'West', 'East', 7.0]", "id": 0}, {"type": "0", "fact": "RelationshipFactY: [3, 6, 'South', 'North', -2.0]", "id": 0}, {"type": "0", "fact": "RelationshipFactX: [3, 7, 'West', 'East', 3.0]", "id": 0}, {"type": "0", "fact": "RelationshipFactY: [3, 7, 'South', 'North', -2.0]", "id": 0}, {"type": "0", "fact": "RelationshipFactX: [3, 8, 'North', 'East', 0.0]", "id": 0}, {"type": "0", "fact": "RelationshipFactY: [3, 8, 'South', 'North', -2.0]", "id": 0}, {"type": "0", "fact": "RelationshipFactX: [3, 9, 'East', 'West', -1.0]", "id": 0}, {"type": "0", "fact": "RelationshipFactY: [3, 9, 'South', 'North', -2.0]", "id": 0}, {"type": "0", "fact": "RelationshipFactX: [3, 10, 'East', 'West', -5.0]", "id": 0}, {"type": "0", "fact": "RelationshipFactY: [3, 10, 'South', 'North', -2.0]", "id": 0}, {"type": "0", "fact": "RelationshipFactX: [4, 0, 'West', 'East', 4.0]", "id": 0}, {"type": "0", "fact": "RelationshipFactY: [4, 0, 'North', 'South', 1.0]", "id": 0}, {"type": "0", "fact": "RelationshipFactX: [4, 1, 'West', 'East', 13.0]", "id": 0}, {"type": "0", "fact": "RelationshipFactY: [4, 1, 'North', 'North', 0.0]", "id": 0}, {"type": "0", "fact": "RelationshipFactX: [4, 2, 'West', 'East', 8.0]", "id": 0}, {"type": "0", "fact": "RelationshipFactY: [4, 2, 'North', 'North', 0.0]", "id": 0}, {"type": "0", "fact": "RelationshipFactX: [4, 3, 'West', 'East', 3.0]", "id": 0}, {"type": "0", "fact": "RelationshipFactY: [4, 3, 'North', 'North', 0.0]", "id": 0}, {"type": "0", "fact": "RelationshipFactX: [4, 5, 'East', 'West', -3.0]", "id": 0}, {"type": "0", "fact": "RelationshipFactY: [4, 5, 'North', 'North', 0.0]", "id": 0}, {"type": "0", "fact": "RelationshipFactX: [4, 6, 'West', 'East', 12.0]", "id": 0}, {"type": "0", "fact": "RelationshipFactY: [4, 6, 'South', 'North', -2.0]", "id": 0}, {"type": "0", "fact": "RelationshipFactX: [4, 7, 'West', 'East', 8.0]", "id": 0}, {"type": "0", "fact": "RelationshipFactY: [4, 7, 'South', 'North', -2.0]", "id": 0}, {"type": "0", "fact": "RelationshipFactX: [4, 8, 'West', 'East', 4.0]", "id": 0}, {"type": "0", "fact": "RelationshipFactY: [4, 8, 'South', 'North', -2.0]", "id": 0}, {"type": "0", "fact": "RelationshipFactX: [4, 9, 'West', 'East', 0.0]", "id": 0}, {"type": "0", "fact": "RelationshipFactY: [4, 9, 'South', 'North', -2.0]", "id": 0}, {"type": "0", "fact": "RelationshipFactX: [4, 10, 'East', 'West', 0.0]", "id": 0}, {"type": "0", "fact": "RelationshipFactY: [4, 10, 'South', 'North', -2.0]", "id": 0}, {"type": "0", "fact": "RelationshipFactX: [5, 0, 'West', 'East', 9.0]", "id": 0}, {"type": "0", "fact": "RelationshipFactY: [5, 0, 'North', 'South', 1.0]", "id": 0}, {"type": "0", "fact": "RelationshipFactX: [5, 1, 'West', 'East', 18.0]", "id": 0}, {"type": "0", "fact": "RelationshipFactY: [5, 1, 'North', 'North', 0.0]", "id": 0}, {"type": "0", "fact": "RelationshipFactX: [5, 2, 'West', 'East', 13.0]", "id": 0}, {"type": "0", "fact": "RelationshipFactY: [5, 2, 'North', 'North', 0.0]", "id": 0}, {"type": "0", "fact": "RelationshipFactX: [5, 3, 'West', 'East', 8.0]", "id": 0}, {"type": "0", "fact": "RelationshipFactY: [5, 3, 'North', 'North', 0.0]", "id": 0}, {"type": "0", "fact": "RelationshipFactX: [5, 4, 'West', 'East', 3.0]", "id": 0}, {"type": "0", "fact": "RelationshipFactY: [5, 4, 'North', 'North', 0.0]", "id": 0}, {"type": "0", "fact": "RelationshipFactX: [5, 6, 'West', 'East', 17.0]", "id": 0}, {"type": "0", "fact": "RelationshipFactY: [5, 6, 'South', 'North', -2.0]", "id": 0}, {"type": "0", "fact": "RelationshipFactX: [5, 7, 'West', 'East', 13.0]", "id": 0}, {"type": "0", "fact": "RelationshipFactY: [5, 7, 'South', 'North', -2.0]", "id": 0}, {"type": "0", "fact": "RelationshipFactX: [5, 8, 'West', 'East', 9.0]", "id": 0}, {"type": "0", "fact": "RelationshipFactY: [5, 8, 'South', 'North', -2.0]", "id": 0}, {"type": "0", "fact": "RelationshipFactX: [5, 9, 'West', 'East', 5.0]", "id": 0}, {"type": "0", "fact": "RelationshipFactY: [5, 9, 'South', 'North', -2.0]", "id": 0}, {"type": "0", "fact": "RelationshipFactX: [5, 10, 'West', 'East', 1.0]", "id": 0}, {"type": "0", "fact": "RelationshipFactY: [5, 10, 'South', 'North', -2.0]", "id": 0}, {"type": "0", "fact": "RelationshipFactX: [6, 0, 'East', 'West', -7.0]", "id": 0}, {"type": "0", "fact": "RelationshipFactY: [6, 0, 'North', 'South', 4.0]", "id": 0}, {"type": "0", "fact": "RelationshipFactX: [6, 1, 'North', 'East', 0.0]", "id": 0}, {"type": "0", "fact": "RelationshipFactY: [6, 1, 'North', 'South', 2.0]", "id": 0}, {"type": "0", "fact": "RelationshipFactX: [6, 2, 'East', 'West', -2.0]", "id": 0}, {"type": "0", "fact": "RelationshipFactY: [6, 2, 'North', 'South', 2.0]", "id": 0}, {"type": "0", "fact": "RelationshipFactX: [6, 3, 'East', 'West', -7.0]", "id": 0}, {"type": "0", "fact": "RelationshipFactY: [6, 3, 'North', 'South', 2.0]", "id": 0}, {"type": "0", "fact": "RelationshipFactX: [6, 4, 'East', 'West', -12.0]", "id": 0}, {"type": "0", "fact": "RelationshipFactY: [6, 4, 'North', 'South', 2.0]", "id": 0}, {"type": "0", "fact": "RelationshipFactX: [6, 5, 'East', 'West', -17.0]", "id": 0}, {"type": "0", "fact": "RelationshipFactY: [6, 5, 'North', 'South', 2.0]", "id": 0}, {"type": "0", "fact": "RelationshipFactX: [6, 7, 'East', 'West', -2.0]", "id": 0}, {"type": "0", "fact": "RelationshipFactY: [6, 7, 'North', 'North', 0.0]", "id": 0}, {"type": "0", "fact": "RelationshipFactX: [6, 8, 'East', 'West', -6.0]", "id": 0}, {"type": "0", "fact": "RelationshipFactY: [6, 8, 'North', 'North', 0.0]", "id": 0}, {"type": "0", "fact": "RelationshipFactX: [6, 9, 'East', 'West', -10.0]", "id": 0}, {"type": "0", "fact": "RelationshipFactY: [6, 9, 'North', 'North', 0.0]", "id": 0}, {"type": "0", "fact": "RelationshipFactX: [6, 10, 'East', 'West', -14.0]", "id": 0}, {"type": "0", "fact": "RelationshipFactY: [6, 10, 'North', 'North', 0.0]", "id": 0}, {"type": "0", "fact": "RelationshipFactX: [7, 0, 'East', 'West', -3.0]", "id": 0}, {"type": "0", "fact": "RelationshipFactY: [7, 0, 'North', 'South', 4.0]", "id": 0}, {"type": "0", "fact": "RelationshipFactX: [7, 1, 'West', 'East', 3.0]", "id": 0}, {"type": "0", "fact": "RelationshipFactY: [7, 1, 'North', 'South', 2.0]", "id": 0}, {"type": "0", "fact": "RelationshipFactX: [7, 2, 'North', 'North', 0.0]", "id": 0}, {"type": "0", "fact": "RelationshipFactY: [7, 2, 'North', 'South', 2.0]", "id": 0}, {"type": "0", "fact": "RelationshipFactX: [7, 3, 'East', 'West', -3.0]", "id": 0}, {"type": "0", "fact": "RelationshipFactY: [7, 3, 'North', 'South', 2.0]", "id": 0}, {"type": "0", "fact": "RelationshipFactX: [7, 4, 'East', 'West', -8.0]", "id": 0}, {"type": "0", "fact": "RelationshipFactY: [7, 4, 'North', 'South', 2.0]", "id": 0}, {"type": "0", "fact": "RelationshipFactX: [7, 5, 'East', 'West', -13.0]", "id": 0}, {"type": "0", "fact": "RelationshipFactY: [7, 5, 'North', 'South', 2.0]", "id": 0}, {"type": "0", "fact": "RelationshipFactX: [7, 6, 'West', 'East', 2.0]", "id": 0}, {"type": "0", "fact": "RelationshipFactY: [7, 6, 'North', 'North', 0.0]", "id": 0}, {"type": "0", "fact": "RelationshipFactX: [7, 8, 'East', 'West', -2.0]", "id": 0}, {"type": "0", "fact": "RelationshipFactY: [7, 8, 'North', 'North', 0.0]", "id": 0}, {"type": "0", "fact": "RelationshipFactX: [7, 9, 'East', 'West', -6.0]", "id": 0}, {"type": "0", "fact": "RelationshipFactY: [7, 9, 'North', 'North', 0.0]", "id": 0}, {"type": "0", "fact": "RelationshipFactX: [7, 10, 'East', 'West', -10.0]", "id": 0}, {"type": "0", "fact": "RelationshipFactY: [7, 10, 'North', 'North', 0.0]", "id": 0}, {"type": "0", "fact": "RelationshipFactX: [8, 0, 'North', 'West', 0.0]", "id": 0}, {"type": "0", "fact": "RelationshipFactY: [8, 0, 'North', 'South', 4.0]", "id": 0}, {"type": "0", "fact": "RelationshipFactX: [8, 1, 'West', 'East', 7.0]", "id": 0}, {"type": "0", "fact": "RelationshipFactY: [8, 1, 'North', 'South', 2.0]", "id": 0}, {"type": "0", "fact": "RelationshipFactX: [8, 2, 'West', 'East', 2.0]", "id": 0}, {"type": "0", "fact": "RelationshipFactY: [8, 2, 'North', 'South', 2.0]", "id": 0}, {"type": "0", "fact": "RelationshipFactX: [8, 3, 'North', 'West', 0.0]", "id": 0}, {"type": "0", "fact": "RelationshipFactY: [8, 3, 'North', 'South', 2.0]", "id": 0}, {"type": "0", "fact": "RelationshipFactX: [8, 4, 'East', 'West', -4.0]", "id": 0}, {"type": "0", "fact": "RelationshipFactY: [8, 4, 'North', 'South', 2.0]", "id": 0}, {"type": "0", "fact": "RelationshipFactX: [8, 5, 'East', 'West', -9.0]", "id": 0}, {"type": "0", "fact": "RelationshipFactY: [8, 5, 'North', 'South', 2.0]", "id": 0}, {"type": "0", "fact": "RelationshipFactX: [8, 6, 'West', 'East', 6.0]", "id": 0}, {"type": "0", "fact": "RelationshipFactY: [8, 6, 'North', 'North', 0.0]", "id": 0}, {"type": "0", "fact": "RelationshipFactX: [8, 7, 'West', 'East', 2.0]", "id": 0}, {"type": "0", "fact": "RelationshipFactY: [8, 7, 'North', 'North', 0.0]", "id": 0}, {"type": "0", "fact": "RelationshipFactX: [8, 9, 'East', 'West', -2.0]", "id": 0}, {"type": "0", "fact": "RelationshipFactY: [8, 9, 'North', 'North', 0.0]", "id": 0}, {"type": "0", "fact": "RelationshipFactX: [8, 10, 'East', 'West', -6.0]", "id": 0}, {"type": "0", "fact": "RelationshipFactY: [8, 10, 'North', 'North', 0.0]", "id": 0}, {"type": "0", "fact": "RelationshipFactX: [9, 0, 'West', 'East', 2.0]", "id": 0}, {"type": "0", "fact": "RelationshipFactY: [9, 0, 'North', 'South', 4.0]", "id": 0}, {"type": "0", "fact": "RelationshipFactX: [9, 1, 'West', 'East', 11.0]", "id": 0}, {"type": "0", "fact": "RelationshipFactY: [9, 1, 'North', 'South', 2.0]", "id": 0}, {"type": "0", "fact": "RelationshipFactX: [9, 2, 'West', 'East', 6.0]", "id": 0}, {"type": "0", "fact": "RelationshipFactY: [9, 2, 'North', 'South', 2.0]", "id": 0}, {"type": "0", "fact": "RelationshipFactX: [9, 3, 'West', 'East', 1.0]", "id": 0}, {"type": "0", "fact": "RelationshipFactY: [9, 3, 'North', 'South', 2.0]", "id": 0}, {"type": "0", "fact": "RelationshipFactX: [9, 4, 'East', 'West', 0.0]", "id": 0}, {"type": "0", "fact": "RelationshipFactY: [9, 4, 'North', 'South', 2.0]", "id": 0}, {"type": "0", "fact": "RelationshipFactX: [9, 5, 'East', 'West', -5.0]", "id": 0}, {"type": "0", "fact": "RelationshipFactY: [9, 5, 'North', 'South', 2.0]", "id": 0}, {"type": "0", "fact": "RelationshipFactX: [9, 6, 'West', 'East', 10.0]", "id": 0}, {"type": "0", "fact": "RelationshipFactY: [9, 6, 'North', 'North', 0.0]", "id": 0}, {"type": "0", "fact": "RelationshipFactX: [9, 7, 'West', 'East', 6.0]", "id": 0}, {"type": "0", "fact": "RelationshipFactY: [9, 7, 'North', 'North', 0.0]", "id": 0}, {"type": "0", "fact": "RelationshipFactX: [9, 8, 'West', 'East', 2.0]", "id": 0}, {"type": "0", "fact": "RelationshipFactY: [9, 8, 'North', 'North', 0.0]", "id": 0}, {"type": "0", "fact": "RelationshipFactX: [9, 10, 'East', 'West', -2.0]", "id": 0}, {"type": "0", "fact": "RelationshipFactY: [9, 10, 'North', 'North', 0.0]", "id": 0}, {"type": "0", "fact": "RelationshipFactX: [10, 0, 'West', 'East', 6.0]", "id": 0}, {"type": "0", "fact": "RelationshipFactY: [10, 0, 'North', 'South', 4.0]", "id": 0}, {"type": "0", "fact": "RelationshipFactX: [10, 1, 'West', 'East', 15.0]", "id": 0}, {"type": "0", "fact": "RelationshipFactY: [10, 1, 'North', 'South', 2.0]", "id": 0}, {"type": "0", "fact": "RelationshipFactX: [10, 2, 'West', 'East', 10.0]", "id": 0}, {"type": "0", "fact": "RelationshipFactY: [10, 2, 'North', 'South', 2.0]", "id": 0}, {"type": "0", "fact": "RelationshipFactX: [10, 3, 'West', 'East', 5.0]", "id": 0}, {"type": "0", "fact": "RelationshipFactY: [10, 3, 'North', 'South', 2.0]", "id": 0}, {"type": "0", "fact": "RelationshipFactX: [10, 4, 'West', 'East', 0.0]", "id": 0}, {"type": "0", "fact": "RelationshipFactY: [10, 4, 'North', 'South', 2.0]", "id": 0}, {"type": "0", "fact": "RelationshipFactX: [10, 5, 'East', 'West', -1.0]", "id": 0}, {"type": "0", "fact": "RelationshipFactY: [10, 5, 'North', 'South', 2.0]", "id": 0}, {"type": "0", "fact": "RelationshipFactX: [10, 6, 'West', 'East', 14.0]", "id": 0}, {"type": "0", "fact": "RelationshipFactY: [10, 6, 'North', 'North', 0.0]", "id": 0}, {"type": "0", "fact": "RelationshipFactX: [10, 7, 'West', 'East', 10.0]", "id": 0}, {"type": "0", "fact": "RelationshipFactY: [10, 7, 'North', 'North', 0.0]", "id": 0}, {"type": "0", "fact": "RelationshipFactX: [10, 8, 'West', 'East', 6.0]", "id": 0}, {"type": "0", "fact": "RelationshipFactY: [10, 8, 'North', 'North', 0.0]", "id": 0}, {"type": "0", "fact": "RelationshipFactX: [10, 9, 'West', 'East', 2.0]", "id": 0}, {"type": "0", "fact": "RelationshipFactY: [10, 9, 'North', 'North', 0.0]", "id": 0}, {"type": "1", "fact": "VelocityXFact: [1, 0]", "id": 1}, {"type": "2", "fact": "VelocityXFact: [0, 1.0]", "id": 1}, {"type": "0", "fact": "VelocityXFact: [0, 0]", "id": 1}, {"type": "0", "fact": "VelocityYFact: [0, 0]", "id": 1}, {"type": "0", "fact": "AnimationFact: [0, 'chick', 1.0, 1.0]", "id": 1}, {"type": "0", "fact": "PositionXFact: [0, 10.0]", "id": 1}, {"type": "0", "fact": "PositionYFact: [0, 0.0]", "id": 1}, {"type": "0", "fact": "VelocityXFact: [1, 0]", "id": 1}, {"type": "0", "fact": "VelocityYFact: [1, 0]", "id": 1}, {"type": "0", "fact": "AnimationFact: [1, 'adventure lady', 2.0, 1.0]", "id": 1}, {"type": "0", "fact": "PositionXFact: [1, 5.0]", "id": 1}, {"type": "0", "fact": "PositionYFact: [1, 2.0]", "id": 1}, {"type": "0", "fact": "VelocityXFact: [2, 0]", "id": 1}, {"type": "0", "fact": "VelocityYFact: [2, 0]", "id": 1}, {"type": "0", "fact": "AnimationFact: [2, 'adventure lady', 2.0, 1.0]", "id": 1}, {"type": "0", "fact": "PositionXFact: [2, 10.0]", "id": 1}, {"type": "0", "fact": "PositionYFact: [2, 2.0]", "id": 1}, {"type": "0", "fact": "VelocityXFact: [3, 0]", "id": 1}, {"type": "0", "fact": "VelocityYFact: [3, 0]", "id": 1}, {"type": "0", "fact": "AnimationFact: [3, 'adventure lady', 2.0, 1.0]", "id": 1}, {"type": "0", "fact": "PositionXFact: [3, 15.0]", "id": 1}, {"type": "0", "fact": "PositionYFact: [3, 2.0]", "id": 1}, {"type": "0", "fact": "VelocityXFact: [4, 0]", "id": 1}, {"type": "0", "fact": "VelocityYFact: [4, 0]", "id": 1}, {"type": "0", "fact": "AnimationFact: [4, 'adventure lady', 2.0, 1.0]", "id": 1}, {"type": "0", "fact": "PositionXFact: [4, 20.0]", "id": 1}, {"type": "0", "fact": "PositionYFact: [4, 2.0]", "id": 1}, {"type": "0", "fact": "VelocityXFact: [5, 0]", "id": 1}, {"type": "0", "fact": "VelocityYFact: [5, 0]", "id": 1}, {"type": "0", "fact": "AnimationFact: [5, 'truck', 2.0, 1.0]", "id": 1}, {"type": "0", "fact": "PositionXFact: [5, 1.0]", "id": 1}, {"type": "0", "fact": "PositionYFact: [5, 5.0]", "id": 1}, {"type": "0", "fact": "VelocityXFact: [6, 0]", "id": 1}, {"type": "0", "fact": "VelocityYFact: [6, 0]", "id": 1}, {"type": "0", "fact": "AnimationFact: [6, 'truck', 2.0, 1.0]", "id": 1}, {"type": "0", "fact": "PositionXFact: [6, 5.0]", "id": 1}, {"type": "0", "fact": "PositionYFact: [6, 5.0]", "id": 1}, {"type": "0", "fact": "VelocityXFact: [7, 0]", "id": 1}, {"type": "0", "fact": "VelocityYFact: [7, 0]", "id": 1}, {"type": "0", "fact": "AnimationFact: [7, 'truck', 2.0, 1.0]", "id": 1}, {"type": "0", "fact": "PositionXFact: [7, 9.0]", "id": 1}, {"type": "0", "fact": "PositionYFact: [7, 5.0]", "id": 1}, {"type": "0", "fact": "VelocityXFact: [8, 0]", "id": 1}, {"type": "0", "fact": "VelocityYFact: [8, 0]", "id": 1}, {"type": "0", "fact": "AnimationFact: [8, 'truck', 2.0, 1.0]", "id": 1}, {"type": "0", "fact": "PositionXFact: [8, 13.0]", "id": 1}, {"type": "0", "fact": "PositionYFact: [8, 5.0]", "id": 1}, {"type": "0", "fact": "VelocityXFact: [9, 0]", "id": 1}, {"type": "0", "fact": "VelocityYFact: [9, 0]", "id": 1}, {"type": "0", "fact": "AnimationFact: [9, 'truck', 2.0, 1.0]", "id": 1}, {"type": "0", "fact": "PositionXFact: [9, 17.0]", "id": 1}, {"type": "0", "fact": "PositionYFact: [9, 5.0]", "id": 1}, {"type": "0", "fact": "VariableFact: ['space', False]", "id": 1}, {"type": "0", "fact": "VariableFact: ['up', False]", "id": 1}, {"type": "0", "fact": "VariableFact: ['down', False]", "id": 1}, {"type": "0", "fact": "VariableFact: ['left', False]", "id": 1}, {"type": "0", "fact": "VariableFact: ['right', False]", "id": 1}, {"type": "0", "fact": "VariableFact: ['spacePrev', False]", "id": 1}, {"type": "0", "fact": "VariableFact: ['upPrev', False]", "id": 1}, {"type": "0", "fact": "VariableFact: ['downPrev', False]", "id": 1}, {"type": "0", "fact": "VariableFact: ['leftPrev', False]", "id": 1}, {"type": "0", "fact": "VariableFact: ['rightPrev', False]", "id": 1}, {"type": "0", "fact": "RelationshipFactX: [0, 1, 'West', 'East', 3.0]", "id": 1}, {"type": "0", "fact": "RelationshipFactY: [0, 1, 'South', 'North', -1.0]", "id": 1}, {"type": "0", "fact": "RelationshipFactX: [0, 2, 'East', 'North', 0.0]", "id": 1}, {"type": "0", "fact": "RelationshipFactY: [0, 2, 'South', 'North', -1.0]", "id": 1}, {"type": "0", "fact": "RelationshipFactX: [0, 3, 'East', 'West', -4.0]", "id": 1}, {"type": "0", "fact": "RelationshipFactY: [0, 3, 'South', 'North', -1.0]", "id": 1}, {"type": "0", "fact": "RelationshipFactX: [0, 4, 'East', 'West', -9.0]", "id": 1}, {"type": "0", "fact": "RelationshipFactY: [0, 4, 'South', 'North', -1.0]", "id": 1}, {"type": "0", "fact": "RelationshipFactX: [0, 5, 'West', 'East', 7.0]", "id": 1}, {"type": "0", "fact": "RelationshipFactY: [0, 5, 'South', 'North', -4.0]", "id": 1}, {"type": "0", "fact": "RelationshipFactX: [0, 6, 'West', 'East', 3.0]", "id": 1}, {"type": "0", "fact": "RelationshipFactY: [0, 6, 'South', 'North', -4.0]", "id": 1}, {"type": "0", "fact": "RelationshipFactX: [0, 7, 'East', 'East', 0.0]", "id": 1}, {"type": "0", "fact": "RelationshipFactY: [0, 7, 'South', 'North', -4.0]", "id": 1}, {"type": "0", "fact": "RelationshipFactX: [0, 8, 'East', 'West', -2.0]", "id": 1}, {"type": "0", "fact": "RelationshipFactY: [0, 8, 'South', 'North', -4.0]", "id": 1}, {"type": "0", "fact": "RelationshipFactX: [0, 9, 'East', 'West', -6.0]", "id": 1}, {"type": "0", "fact": "RelationshipFactY: [0, 9, 'South', 'North', -4.0]", "id": 1}, {"type": "0", "fact": "RelationshipFactX: [1, 0, 'East', 'West', -3.0]", "id": 1}, {"type": "0", "fact": "RelationshipFactY: [1, 0, 'North', 'South', 1.0]", "id": 1}, {"type": "0", "fact": "RelationshipFactX: [1, 2, 'East', 'West', -3.0]", "id": 1}, {"type": "0", "fact": "RelationshipFactY: [1, 2, 'North', 'North', 0.0]", "id": 1}, {"type": "0", "fact": "RelationshipFactX: [1, 3, 'East', 'West', -8.0]", "id": 1}, {"type": "0", "fact": "RelationshipFactY: [1, 3, 'North', 'North', 0.0]", "id": 1}, {"type": "0", "fact": "RelationshipFactX: [1, 4, 'East', 'West', -13.0]", "id": 1}, {"type": "0", "fact": "RelationshipFactY: [1, 4, 'North', 'North', 0.0]", "id": 1}, {"type": "0", "fact": "RelationshipFactX: [1, 5, 'West', 'East', 2.0]", "id": 1}, {"type": "0", "fact": "RelationshipFactY: [1, 5, 'South', 'North', -2.0]", "id": 1}, {"type": "0", "fact": "RelationshipFactX: [1, 6, 'North', 'North', 0.0]", "id": 1}, {"type": "0", "fact": "RelationshipFactY: [1, 6, 'South', 'North', -2.0]", "id": 1}, {"type": "0", "fact": "RelationshipFactX: [1, 7, 'East', 'West', -2.0]", "id": 1}, {"type": "0", "fact": "RelationshipFactY: [1, 7, 'South', 'North', -2.0]", "id": 1}, {"type": "0", "fact": "RelationshipFactX: [1, 8, 'East', 'West', -6.0]", "id": 1}, {"type": "0", "fact": "RelationshipFactY: [1, 8, 'South', 'North', -2.0]", "id": 1}, {"type": "0", "fact": "RelationshipFactX: [1, 9, 'East', 'West', -10.0]", "id": 1}, {"type": "0", "fact": "RelationshipFactY: [1, 9, 'South', 'North', -2.0]", "id": 1}, {"type": "0", "fact": "RelationshipFactX: [2, 0, 'North', 'East', 0.0]", "id": 1}, {"type": "0", "fact": "RelationshipFactY: [2, 0, 'North', 'South', 1.0]", "id": 1}, {"type": "0", "fact": "RelationshipFactX: [2, 1, 'West', 'East', 3.0]", "id": 1}, {"type": "0", "fact": "RelationshipFactY: [2, 1, 'North', 'North', 0.0]", "id": 1}, {"type": "0", "fact": "RelationshipFactX: [2, 3, 'East', 'West', -3.0]", "id": 1}, {"type": "0", "fact": "RelationshipFactY: [2, 3, 'North', 'North', 0.0]", "id": 1}, {"type": "0", "fact": "RelationshipFactX: [2, 4, 'East', 'West', -8.0]", "id": 1}, {"type": "0", "fact": "RelationshipFactY: [2, 4, 'North', 'North', 0.0]", "id": 1}, {"type": "0", "fact": "RelationshipFactX: [2, 5, 'West', 'East', 7.0]", "id": 1}, {"type": "0", "fact": "RelationshipFactY: [2, 5, 'South', 'North', -2.0]", "id": 1}, {"type": "0", "fact": "RelationshipFactX: [2, 6, 'West', 'East', 3.0]", "id": 1}, {"type": "0", "fact": "RelationshipFactY: [2, 6, 'South', 'North', -2.0]", "id": 1}, {"type": "0", "fact": "RelationshipFactX: [2, 7, 'North', 'East', 0.0]", "id": 1}, {"type": "0", "fact": "RelationshipFactY: [2, 7, 'South', 'North', -2.0]", "id": 1}, {"type": "0", "fact": "RelationshipFactX: [2, 8, 'East', 'West', -1.0]", "id": 1}, {"type": "0", "fact": "RelationshipFactY: [2, 8, 'South', 'North', -2.0]", "id": 1}, {"type": "0", "fact": "RelationshipFactX: [2, 9, 'East', 'West', -5.0]", "id": 1}, {"type": "0", "fact": "RelationshipFactY: [2, 9, 'South', 'North', -2.0]", "id": 1}, {"type": "0", "fact": "RelationshipFactX: [3, 0, 'West', 'East', 4.0]", "id": 1}, {"type": "0", "fact": "RelationshipFactY: [3, 0, 'North', 'South', 1.0]", "id": 1}, {"type": "0", "fact": "RelationshipFactX: [3, 1, 'West', 'East', 8.0]", "id": 1}, {"type": "0", "fact": "RelationshipFactY: [3, 1, 'North', 'North', 0.0]", "id": 1}, {"type": "0", "fact": "RelationshipFactX: [3, 2, 'West', 'East', 3.0]", "id": 1}, {"type": "0", "fact": "RelationshipFactY: [3, 2, 'North', 'North', 0.0]", "id": 1}, {"type": "0", "fact": "RelationshipFactX: [3, 4, 'East', 'West', -3.0]", "id": 1}, {"type": "0", "fact": "RelationshipFactY: [3, 4, 'North', 'North', 0.0]", "id": 1}, {"type": "0", "fact": "RelationshipFactX: [3, 5, 'West', 'East', 12.0]", "id": 1}, {"type": "0", "fact": "RelationshipFactY: [3, 5, 'South', 'North', -2.0]", "id": 1}, {"type": "0", "fact": "RelationshipFactX: [3, 6, 'West', 'East', 8.0]", "id": 1}, {"type": "0", "fact": "RelationshipFactY: [3, 6, 'South', 'North', -2.0]", "id": 1}, {"type": "0", "fact": "RelationshipFactX: [3, 7, 'West', 'East', 4.0]", "id": 1}, {"type": "0", "fact": "RelationshipFactY: [3, 7, 'South', 'North', -2.0]", "id": 1}, {"type": "0", "fact": "RelationshipFactX: [3, 8, 'West', 'East', 0.0]", "id": 1}, {"type": "0", "fact": "RelationshipFactY: [3, 8, 'South', 'North', -2.0]", "id": 1}, {"type": "0", "fact": "RelationshipFactX: [3, 9, 'East', 'West', 0.0]", "id": 1}, {"type": "0", "fact": "RelationshipFactY: [3, 9, 'South', 'North', -2.0]", "id": 1}, {"type": "0", "fact": "RelationshipFactX: [4, 0, 'West', 'East', 9.0]", "id": 1}, {"type": "0", "fact": "RelationshipFactY: [4, 0, 'North', 'South', 1.0]", "id": 1}, {"type": "0", "fact": "RelationshipFactX: [4, 1, 'West', 'East', 13.0]", "id": 1}, {"type": "0", "fact": "RelationshipFactY: [4, 1, 'North', 'North', 0.0]", "id": 1}, {"type": "0", "fact": "RelationshipFactX: [4, 2, 'West', 'East', 8.0]", "id": 1}, {"type": "0", "fact": "RelationshipFactY: [4, 2, 'North', 'North', 0.0]", "id": 1}, {"type": "0", "fact": "RelationshipFactX: [4, 3, 'West', 'East', 3.0]", "id": 1}, {"type": "0", "fact": "RelationshipFactY: [4, 3, 'North', 'North', 0.0]", "id": 1}, {"type": "0", "fact": "RelationshipFactX: [4, 5, 'West', 'East', 17.0]", "id": 1}, {"type": "0", "fact": "RelationshipFactY: [4, 5, 'South', 'North', -2.0]", "id": 1}, {"type": "0", "fact": "RelationshipFactX: [4, 6, 'West', 'East', 13.0]", "id": 1}, {"type": "0", "fact": "RelationshipFactY: [4, 6, 'South', 'North', -2.0]", "id": 1}, {"type": "0", "fact": "RelationshipFactX: [4, 7, 'West', 'East', 9.0]", "id": 1}, {"type": "0", "fact": "RelationshipFactY: [4, 7, 'South', 'North', -2.0]", "id": 1}, {"type": "0", "fact": "RelationshipFactX: [4, 8, 'West', 'East', 5.0]", "id": 1}, {"type": "0", "fact": "RelationshipFactY: [4, 8, 'South', 'North', -2.0]", "id": 1}, {"type": "0", "fact": "RelationshipFactX: [4, 9, 'West', 'East', 1.0]", "id": 1}, {"type": "0", "fact": "RelationshipFactY: [4, 9, 'South', 'North', -2.0]", "id": 1}, {"type": "0", "fact": "RelationshipFactX: [5, 0, 'East', 'West', -7.0]", "id": 1}, {"type": "0", "fact": "RelationshipFactY: [5, 0, 'North', 'South', 4.0]", "id": 1}, {"type": "0", "fact": "RelationshipFactX: [5, 1, 'East', 'West', -2.0]", "id": 1}, {"type": "0", "fact": "RelationshipFactY: [5, 1, 'North', 'South', 2.0]", "id": 1}, {"type": "0", "fact": "RelationshipFactX: [5, 2, 'East', 'West', -7.0]", "id": 1}, {"type": "0", "fact": "RelationshipFactY: [5, 2, 'North', 'South', 2.0]", "id": 1}, {"type": "0", "fact": "RelationshipFactX: [5, 3, 'East', 'West', -12.0]", "id": 1}, {"type": "0", "fact": "RelationshipFactY: [5, 3, 'North', 'South', 2.0]", "id": 1}, {"type": "0", "fact": "RelationshipFactX: [5, 4, 'East', 'West', -17.0]", "id": 1}, {"type": "0", "fact": "RelationshipFactY: [5, 4, 'North', 'South', 2.0]", "id": 1}, {"type": "0", "fact": "RelationshipFactX: [5, 6, 'East', 'West', -2.0]", "id": 1}, {"type": "0", "fact": "RelationshipFactY: [5, 6, 'North', 'North', 0.0]", "id": 1}, {"type": "0", "fact": "RelationshipFactX: [5, 7, 'East', 'West', -6.0]", "id": 1}, {"type": "0", "fact": "RelationshipFactY: [5, 7, 'North', 'North', 0.0]", "id": 1}, {"type": "0", "fact": "RelationshipFactX: [5, 8, 'East', 'West', -10.0]", "id": 1}, {"type": "0", "fact": "RelationshipFactY: [5, 8, 'North', 'North', 0.0]", "id": 1}, {"type": "0", "fact": "RelationshipFactX: [5, 9, 'East', 'West', -14.0]", "id": 1}, {"type": "0", "fact": "RelationshipFactY: [5, 9, 'North', 'North', 0.0]", "id": 1}, {"type": "0", "fact": "RelationshipFactX: [6, 0, 'East', 'West', -3.0]", "id": 1}, {"type": "0", "fact": "RelationshipFactY: [6, 0, 'North', 'South', 4.0]", "id": 1}, {"type": "0", "fact": "RelationshipFactX: [6, 1, 'North', 'North', 0.0]", "id": 1}, {"type": "0", "fact": "RelationshipFactY: [6, 1, 'North', 'South', 2.0]", "id": 1}, {"type": "0", "fact": "RelationshipFactX: [6, 2, 'East', 'West', -3.0]", "id": 1}, {"type": "0", "fact": "RelationshipFactY: [6, 2, 'North', 'South', 2.0]", "id": 1}, {"type": "0", "fact": "RelationshipFactX: [6, 3, 'East', 'West', -8.0]", "id": 1}, {"type": "0", "fact": "RelationshipFactY: [6, 3, 'North', 'South', 2.0]", "id": 1}, {"type": "0", "fact": "RelationshipFactX: [6, 4, 'East', 'West', -13.0]", "id": 1}, {"type": "0", "fact": "RelationshipFactY: [6, 4, 'North', 'South', 2.0]", "id": 1}, {"type": "0", "fact": "RelationshipFactX: [6, 5, 'West', 'East', 2.0]", "id": 1}, {"type": "0", "fact": "RelationshipFactY: [6, 5, 'North', 'North', 0.0]", "id": 1}, {"type": "0", "fact": "RelationshipFactX: [6, 7, 'East', 'West', -2.0]", "id": 1}, {"type": "0", "fact": "RelationshipFactY: [6, 7, 'North', 'North', 0.0]", "id": 1}, {"type": "0", "fact": "RelationshipFactX: [6, 8, 'East', 'West', -6.0]", "id": 1}, {"type": "0", "fact": "RelationshipFactY: [6, 8, 'North', 'North', 0.0]", "id": 1}, {"type": "0", "fact": "RelationshipFactX: [6, 9, 'East', 'West', -10.0]", "id": 1}, {"type": "0", "fact": "RelationshipFactY: [6, 9, 'North', 'North', 0.0]", "id": 1}, {"type": "0", "fact": "RelationshipFactX: [7, 0, 'North', 'West', 0.0]", "id": 1}, {"type": "0", "fact": "RelationshipFactY: [7, 0, 'North', 'South', 4.0]", "id": 1}, {"type": "0", "fact": "RelationshipFactX: [7, 1, 'West', 'East', 2.0]", "id": 1}, {"type": "0", "fact": "RelationshipFactY: [7, 1, 'North', 'South', 2.0]", "id": 1}, {"type": "0", "fact": "RelationshipFactX: [7, 2, 'North', 'West', 0.0]", "id": 1}, {"type": "0", "fact": "RelationshipFactY: [7, 2, 'North', 'South', 2.0]", "id": 1}, {"type": "0", "fact": "RelationshipFactX: [7, 3, 'East', 'West', -4.0]", "id": 1}, {"type": "0", "fact": "RelationshipFactY: [7, 3, 'North', 'South', 2.0]", "id": 1}, {"type": "0", "fact": "RelationshipFactX: [7, 4, 'East', 'West', -9.0]", "id": 1}, {"type": "0", "fact": "RelationshipFactY: [7, 4, 'North', 'South', 2.0]", "id": 1}, {"type": "0", "fact": "RelationshipFactX: [7, 5, 'West', 'East', 6.0]", "id": 1}, {"type": "0", "fact": "RelationshipFactY: [7, 5, 'North', 'North', 0.0]", "id": 1}, {"type": "0", "fact": "RelationshipFactX: [7, 6, 'West', 'East', 2.0]", "id": 1}, {"type": "0", "fact": "RelationshipFactY: [7, 6, 'North', 'North', 0.0]", "id": 1}, {"type": "0", "fact": "RelationshipFactX: [7, 8, 'East', 'West', -2.0]", "id": 1}, {"type": "0", "fact": "RelationshipFactY: [7, 8, 'North', 'North', 0.0]", "id": 1}, {"type": "0", "fact": "RelationshipFactX: [7, 9, 'East', 'West', -6.0]", "id": 1}, {"type": "0", "fact": "RelationshipFactY: [7, 9, 'North', 'North', 0.0]", "id": 1}, {"type": "0", "fact": "RelationshipFactX: [8, 0, 'West', 'East', 2.0]", "id": 1}, {"type": "0", "fact": "RelationshipFactY: [8, 0, 'North', 'South', 4.0]", "id": 1}, {"type": "0", "fact": "RelationshipFactX: [8, 1, 'West', 'East', 6.0]", "id": 1}, {"type": "0", "fact": "RelationshipFactY: [8, 1, 'North', 'South', 2.0]", "id": 1}, {"type": "0", "fact": "RelationshipFactX: [8, 2, 'West', 'East', 1.0]", "id": 1}, {"type": "0", "fact": "RelationshipFactY: [8, 2, 'North', 'South', 2.0]", "id": 1}, {"type": "0", "fact": "RelationshipFactX: [8, 3, 'East', 'West', 0.0]", "id": 1}, {"type": "0", "fact": "RelationshipFactY: [8, 3, 'North', 'South', 2.0]", "id": 1}, {"type": "0", "fact": "RelationshipFactX: [8, 4, 'East', 'West', -5.0]", "id": 1}, {"type": "0", "fact": "RelationshipFactY: [8, 4, 'North', 'South', 2.0]", "id": 1}, {"type": "0", "fact": "RelationshipFactX: [8, 5, 'West', 'East', 10.0]", "id": 1}, {"type": "0", "fact": "RelationshipFactY: [8, 5, 'North', 'North', 0.0]", "id": 1}, {"type": "0", "fact": "RelationshipFactX: [8, 6, 'West', 'East', 6.0]", "id": 1}, {"type": "0", "fact": "RelationshipFactY: [8, 6, 'North', 'North', 0.0]", "id": 1}, {"type": "0", "fact": "RelationshipFactX: [8, 7, 'West', 'East', 2.0]", "id": 1}, {"type": "0", "fact": "RelationshipFactY: [8, 7, 'North', 'North', 0.0]", "id": 1}, {"type": "0", "fact": "RelationshipFactX: [8, 9, 'East', 'West', -2.0]", "id": 1}, {"type": "0", "fact": "RelationshipFactY: [8, 9, 'North', 'North', 0.0]", "id": 1}, {"type": "0", "fact": "RelationshipFactX: [9, 0, 'West', 'East', 6.0]", "id": 1}, {"type": "0", "fact": "RelationshipFactY: [9, 0, 'North', 'South', 4.0]", "id": 1}, {"type": "0", "fact": "RelationshipFactX: [9, 1, 'West', 'East', 10.0]", "id": 1}, {"type": "0", "fact": "RelationshipFactY: [9, 1, 'North', 'South', 2.0]", "id": 1}, {"type": "0", "fact": "RelationshipFactX: [9, 2, 'West', 'East', 5.0]", "id": 1}, {"type": "0", "fact": "RelationshipFactY: [9, 2, 'North', 'South', 2.0]", "id": 1}, {"type": "0", "fact": "RelationshipFactX: [9, 3, 'West', 'East', 0.0]", "id": 1}, {"type": "0", "fact": "RelationshipFactY: [9, 3, 'North', 'South', 2.0]", "id": 1}, {"type": "0", "fact": "RelationshipFactX: [9, 4, 'East', 'West', -1.0]", "id": 1}, {"type": "0", "fact": "RelationshipFactY: [9, 4, 'North', 'South', 2.0]", "id": 1}, {"type": "0", "fact": "RelationshipFactX: [9, 5, 'West', 'East', 14.0]", "id": 1}, {"type": "0", "fact": "RelationshipFactY: [9, 5, 'North', 'North', 0.0]", "id": 1}, {"type": "0", "fact": "RelationshipFactX: [9, 6, 'West', 'East', 10.0]", "id": 1}, {"type": "0", "fact": "RelationshipFactY: [9, 6, 'North', 'North', 0.0]", "id": 1}, {"type": "0", "fact": "RelationshipFactX: [9, 7, 'West', 'East', 6.0]", "id": 1}, {"type": "0", "fact": "RelationshipFactY: [9, 7, 'North', 'North', 0.0]", "id": 1}, {"type": "0", "fact": "RelationshipFactX: [9, 8, 'West', 'East', 2.0]", "id": 1}, {"type": "0", "fact": "RelationshipFactY: [9, 8, 'North', 'North', 0.0]", "id": 1}, {"type": "1", "fact": "VelocityXFact: [3, 0]", "id": 2}, {"type": "2", "fact": "VelocityXFact: [0, 1.0]", "id": 2}, {"type": "0", "fact": "VelocityXFact: [0, 0]", "id": 2}, {"type": "0", "fact": "VelocityYFact: [0, 0]", "id": 2}, {"type": "0", "fact": "AnimationFact: [0, 'chick', 1.0, 1.0]", "id": 2}, {"type": "0", "fact": "PositionXFact: [0, 10.0]", "id": 2}, {"type": "0", "fact": "PositionYFact: [0, 0.0]", "id": 2}, {"type": "0", "fact": "VelocityYFact: [1, 0]", "id": 2}, {"type": "0", "fact": "VelocityXFact: [1, 1.0]", "id": 2}, {"type": "0", "fact": "AnimationFact: [1, 'adventure lady', 2.0, 1.0]", "id": 2}, {"type": "0", "fact": "PositionXFact: [1, 5.0]", "id": 2}, {"type": "0", "fact": "PositionYFact: [1, 2.0]", "id": 2}, {"type": "0", "fact": "VelocityXFact: [2, 0]", "id": 2}, {"type": "0", "fact": "VelocityYFact: [2, 0]", "id": 2}, {"type": "0", "fact": "AnimationFact: [2, 'adventure lady', 2.0, 1.0]", "id": 2}, {"type": "0", "fact": "PositionXFact: [2, 10.0]", "id": 2}, {"type": "0", "fact": "PositionYFact: [2, 2.0]", "id": 2}, {"type": "0", "fact": "VelocityXFact: [3, 0]", "id": 2}, {"type": "0", "fact": "VelocityYFact: [3, 0]", "id": 2}, {"type": "0", "fact": "AnimationFact: [3, 'adventure lady', 2.0, 1.0]", "id": 2}, {"type": "0", "fact": "PositionXFact: [3, 15.0]", "id": 2}, {"type": "0", "fact": "PositionYFact: [3, 2.0]", "id": 2}, {"type": "0", "fact": "VelocityXFact: [4, 0]", "id": 2}, {"type": "0", "fact": "VelocityYFact: [4, 0]", "id": 2}, {"type": "0", "fact": "AnimationFact: [4, 'adventure lady', 2.0, 1.0]", "id": 2}, {"type": "0", "fact": "PositionXFact: [4, 20.0]", "id": 2}, {"type": "0", "fact": "PositionYFact: [4, 2.0]", "id": 2}, {"type": "0", "fact": "VelocityXFact: [5, 0]", "id": 2}, {"type": "0", "fact": "VelocityYFact: [5, 0]", "id": 2}, {"type": "0", "fact": "AnimationFact: [5, 'truck', 2.0, 1.0]", "id": 2}, {"type": "0", "fact": "PositionXFact: [5, 1.0]", "id": 2}, {"type": "0", "fact": "PositionYFact: [5, 5.0]", "id": 2}, {"type": "0", "fact": "VelocityXFact: [6, 0]", "id": 2}, {"type": "0", "fact": "VelocityYFact: [6, 0]", "id": 2}, {"type": "0", "fact": "AnimationFact: [6, 'truck', 2.0, 1.0]", "id": 2}, {"type": "0", "fact": "PositionXFact: [6, 5.0]", "id": 2}, {"type": "0", "fact": "PositionYFact: [6, 5.0]", "id": 2}, {"type": "0", "fact": "VelocityXFact: [7, 0]", "id": 2}, {"type": "0", "fact": "VelocityYFact: [7, 0]", "id": 2}, {"type": "0", "fact": "AnimationFact: [7, 'truck', 2.0, 1.0]", "id": 2}, {"type": "0", "fact": "PositionXFact: [7, 9.0]", "id": 2}, {"type": "0", "fact": "PositionYFact: [7, 5.0]", "id": 2}, {"type": "0", "fact": "VelocityXFact: [8, 0]", "id": 2}, {"type": "0", "fact": "VelocityYFact: [8, 0]", "id": 2}, {"type": "0", "fact": "AnimationFact: [8, 'truck', 2.0, 1.0]", "id": 2}, {"type": "0", "fact": "PositionXFact: [8, 13.0]", "id": 2}, {"type": "0", "fact": "PositionYFact: [8, 5.0]", "id": 2}, {"type": "0", "fact": "VelocityXFact: [9, 0]", "id": 2}, {"type": "0", "fact": "VelocityYFact: [9, 0]", "id": 2}, {"type": "0", "fact": "AnimationFact: [9, 'truck', 2.0, 1.0]", "id": 2}, {"type": "0", "fact": "PositionXFact: [9, 17.0]", "id": 2}, {"type": "0", "fact": "PositionYFact: [9, 5.0]", "id": 2}, {"type": "0", "fact": "VariableFact: ['space', False]", "id": 2}, {"type": "0", "fact": "VariableFact: ['up', False]", "id": 2}, {"type": "0", "fact": "VariableFact: ['down', False]", "id": 2}, {"type": "0", "fact": "VariableFact: ['left', False]", "id": 2}, {"type": "0", "fact": "VariableFact: ['right', False]", "id": 2}, {"type": "0", "fact": "VariableFact: ['spacePrev', False]", "id": 2}, {"type": "0", "fact": "VariableFact: ['upPrev', False]", "id": 2}, {"type": "0", "fact": "VariableFact: ['downPrev', False]", "id": 2}, {"type": "0", "fact": "VariableFact: ['leftPrev', False]", "id": 2}, {"type": "0", "fact": "VariableFact: ['rightPrev', False]", "id": 2}, {"type": "0", "fact": "RelationshipFactX: [0, 1, 'West', 'East', 3.0]", "id": 2}, {"type": "0", "fact": "RelationshipFactY: [0, 1, 'South', 'North', -1.0]", "id": 2}, {"type": "0", "fact": "RelationshipFactX: [0, 2, 'East', 'North', 0.0]", "id": 2}, {"type": "0", "fact": "RelationshipFactY: [0, 2, 'South', 'North', -1.0]", "id": 2}, {"type": "0", "fact": "RelationshipFactX: [0, 3, 'East', 'West', -4.0]", "id": 2}, {"type": "0", "fact": "RelationshipFactY: [0, 3, 'South', 'North', -1.0]", "id": 2}, {"type": "0", "fact": "RelationshipFactX: [0, 4, 'East', 'West', -9.0]", "id": 2}, {"type": "0", "fact": "RelationshipFactY: [0, 4, 'South', 'North', -1.0]", "id": 2}, {"type": "0", "fact": "RelationshipFactX: [0, 5, 'West', 'East', 7.0]", "id": 2}, {"type": "0", "fact": "RelationshipFactY: [0, 5, 'South', 'North', -4.0]", "id": 2}, {"type": "0", "fact": "RelationshipFactX: [0, 6, 'West', 'East', 3.0]", "id": 2}, {"type": "0", "fact": "RelationshipFactY: [0, 6, 'South', 'North', -4.0]", "id": 2}, {"type": "0", "fact": "RelationshipFactX: [0, 7, 'East', 'East', 0.0]", "id": 2}, {"type": "0", "fact": "RelationshipFactY: [0, 7, 'South', 'North', -4.0]", "id": 2}, {"type": "0", "fact": "RelationshipFactX: [0, 8, 'East', 'West', -2.0]", "id": 2}, {"type": "0", "fact": "RelationshipFactY: [0, 8, 'South', 'North', -4.0]", "id": 2}, {"type": "0", "fact": "RelationshipFactX: [0, 9, 'East', 'West', -6.0]", "id": 2}, {"type": "0", "fact": "RelationshipFactY: [0, 9, 'South', 'North', -4.0]", "id": 2}, {"type": "0", "fact": "RelationshipFactX: [1, 0, 'East', 'West', -3.0]", "id": 2}, {"type": "0", "fact": "RelationshipFactY: [1, 0, 'North', 'South', 1.0]", "id": 2}, {"type": "0", "fact": "RelationshipFactX: [1, 2, 'East', 'West', -3.0]", "id": 2}, {"type": "0", "fact": "RelationshipFactY: [1, 2, 'North', 'North', 0.0]", "id": 2}, {"type": "0", "fact": "RelationshipFactX: [1, 3, 'East', 'West', -8.0]", "id": 2}, {"type": "0", "fact": "RelationshipFactY: [1, 3, 'North', 'North', 0.0]", "id": 2}, {"type": "0", "fact": "RelationshipFactX: [1, 4, 'East', 'West', -13.0]", "id": 2}, {"type": "0", "fact": "RelationshipFactY: [1, 4, 'North', 'North', 0.0]", "id": 2}, {"type": "0", "fact": "RelationshipFactX: [1, 5, 'West', 'East', 2.0]", "id": 2}, {"type": "0", "fact": "RelationshipFactY: [1, 5, 'South', 'North', -2.0]", "id": 2}, {"type": "0", "fact": "RelationshipFactX: [1, 6, 'North', 'North', 0.0]", "id": 2}, {"type": "0", "fact": "RelationshipFactY: [1, 6, 'South', 'North', -2.0]", "id": 2}, {"type": "0", "fact": "RelationshipFactX: [1, 7, 'East', 'West', -2.0]", "id": 2}, {"type": "0", "fact": "RelationshipFactY: [1, 7, 'South', 'North', -2.0]", "id": 2}, {"type": "0", "fact": "RelationshipFactX: [1, 8, 'East', 'West', -6.0]", "id": 2}, {"type": "0", "fact": "RelationshipFactY: [1, 8, 'South', 'North', -2.0]", "id": 2}, {"type": "0", "fact": "RelationshipFactX: [1, 9, 'East', 'West', -10.0]", "id": 2}, {"type": "0", "fact": "RelationshipFactY: [1, 9, 'South', 'North', -2.0]", "id": 2}, {"type": "0", "fact": "RelationshipFactX: [2, 0, 'North', 'East', 0.0]", "id": 2}, {"type": "0", "fact": "RelationshipFactY: [2, 0, 'North', 'South', 1.0]", "id": 2}, {"type": "0", "fact": "RelationshipFactX: [2, 1, 'West', 'East', 3.0]", "id": 2}, {"type": "0", "fact": "RelationshipFactY: [2, 1, 'North', 'North', 0.0]", "id": 2}, {"type": "0", "fact": "RelationshipFactX: [2, 3, 'East', 'West', -3.0]", "id": 2}, {"type": "0", "fact": "RelationshipFactY: [2, 3, 'North', 'North', 0.0]", "id": 2}, {"type": "0", "fact": "RelationshipFactX: [2, 4, 'East', 'West', -8.0]", "id": 2}, {"type": "0", "fact": "RelationshipFactY: [2, 4, 'North', 'North', 0.0]", "id": 2}, {"type": "0", "fact": "RelationshipFactX: [2, 5, 'West', 'East', 7.0]", "id": 2}, {"type": "0", "fact": "RelationshipFactY: [2, 5, 'South', 'North', -2.0]", "id": 2}, {"type": "0", "fact": "RelationshipFactX: [2, 6, 'West', 'East', 3.0]", "id": 2}, {"type": "0", "fact": "RelationshipFactY: [2, 6, 'South', 'North', -2.0]", "id": 2}, {"type": "0", "fact": "RelationshipFactX: [2, 7, 'North', 'East', 0.0]", "id": 2}, {"type": "0", "fact": "RelationshipFactY: [2, 7, 'South', 'North', -2.0]", "id": 2}, {"type": "0", "fact": "RelationshipFactX: [2, 8, 'East', 'West', -1.0]", "id": 2}, {"type": "0", "fact": "RelationshipFactY: [2, 8, 'South', 'North', -2.0]", "id": 2}, {"type": "0", "fact": "RelationshipFactX: [2, 9, 'East', 'West', -5.0]", "id": 2}, {"type": "0", "fact": "RelationshipFactY: [2, 9, 'South', 'North', -2.0]", "id": 2}, {"type": "0", "fact": "RelationshipFactX: [3, 0, 'West', 'East', 4.0]", "id": 2}, {"type": "0", "fact": "RelationshipFactY: [3, 0, 'North', 'South', 1.0]", "id": 2}, {"type": "0", "fact": "RelationshipFactX: [3, 1, 'West', 'East', 8.0]", "id": 2}, {"type": "0", "fact": "RelationshipFactY: [3, 1, 'North', 'North', 0.0]", "id": 2}, {"type": "0", "fact": "RelationshipFactX: [3, 2, 'West', 'East', 3.0]", "id": 2}, {"type": "0", "fact": "RelationshipFactY: [3, 2, 'North', 'North', 0.0]", "id": 2}, {"type": "0", "fact": "RelationshipFactX: [3, 4, 'East', 'West', -3.0]", "id": 2}, {"type": "0", "fact": "RelationshipFactY: [3, 4, 'North', 'North', 0.0]", "id": 2}, {"type": "0", "fact": "RelationshipFactX: [3, 5, 'West', 'East', 12.0]", "id": 2}, {"type": "0", "fact": "RelationshipFactY: [3, 5, 'South', 'North', -2.0]", "id": 2}, {"type": "0", "fact": "RelationshipFactX: [3, 6, 'West', 'East', 8.0]", "id": 2}, {"type": "0", "fact": "RelationshipFactY: [3, 6, 'South', 'North', -2.0]", "id": 2}, {"type": "0", "fact": "RelationshipFactX: [3, 7, 'West', 'East', 4.0]", "id": 2}, {"type": "0", "fact": "RelationshipFactY: [3, 7, 'South', 'North', -2.0]", "id": 2}, {"type": "0", "fact": "RelationshipFactX: [3, 8, 'West', 'East', 0.0]", "id": 2}, {"type": "0", "fact": "RelationshipFactY: [3, 8, 'South', 'North', -2.0]", "id": 2}, {"type": "0", "fact": "RelationshipFactX: [3, 9, 'East', 'West', 0.0]", "id": 2}, {"type": "0", "fact": "RelationshipFactY: [3, 9, 'South', 'North', -2.0]", "id": 2}, {"type": "0", "fact": "RelationshipFactX: [4, 0, 'West', 'East', 9.0]", "id": 2}, {"type": "0", "fact": "RelationshipFactY: [4, 0, 'North', 'South', 1.0]", "id": 2}, {"type": "0", "fact": "RelationshipFactX: [4, 1, 'West', 'East', 13.0]", "id": 2}, {"type": "0", "fact": "RelationshipFactY: [4, 1, 'North', 'North', 0.0]", "id": 2}, {"type": "0", "fact": "RelationshipFactX: [4, 2, 'West', 'East', 8.0]", "id": 2}, {"type": "0", "fact": "RelationshipFactY: [4, 2, 'North', 'North', 0.0]", "id": 2}, {"type": "0", "fact": "RelationshipFactX: [4, 3, 'West', 'East', 3.0]", "id": 2}, {"type": "0", "fact": "RelationshipFactY: [4, 3, 'North', 'North', 0.0]", "id": 2}, {"type": "0", "fact": "RelationshipFactX: [4, 5, 'West', 'East', 17.0]", "id": 2}, {"type": "0", "fact": "RelationshipFactY: [4, 5, 'South', 'North', -2.0]", "id": 2}, {"type": "0", "fact": "RelationshipFactX: [4, 6, 'West', 'East', 13.0]", "id": 2}, {"type": "0", "fact": "RelationshipFactY: [4, 6, 'South', 'North', -2.0]", "id": 2}, {"type": "0", "fact": "RelationshipFactX: [4, 7, 'West', 'East', 9.0]", "id": 2}, {"type": "0", "fact": "RelationshipFactY: [4, 7, 'South', 'North', -2.0]", "id": 2}, {"type": "0", "fact": "RelationshipFactX: [4, 8, 'West', 'East', 5.0]", "id": 2}, {"type": "0", "fact": "RelationshipFactY: [4, 8, 'South', 'North', -2.0]", "id": 2}, {"type": "0", "fact": "RelationshipFactX: [4, 9, 'West', 'East', 1.0]", "id": 2}, {"type": "0", "fact": "RelationshipFactY: [4, 9, 'South', 'North', -2.0]", "id": 2}, {"type": "0", "fact": "RelationshipFactX: [5, 0, 'East', 'West', -7.0]", "id": 2}, {"type": "0", "fact": "RelationshipFactY: [5, 0, 'North', 'South', 4.0]", "id": 2}, {"type": "0", "fact": "RelationshipFactX: [5, 1, 'East', 'West', -2.0]", "id": 2}, {"type": "0", "fact": "RelationshipFactY: [5, 1, 'North', 'South', 2.0]", "id": 2}, {"type": "0", "fact": "RelationshipFactX: [5, 2, 'East', 'West', -7.0]", "id": 2}, {"type": "0", "fact": "RelationshipFactY: [5, 2, 'North', 'South', 2.0]", "id": 2}, {"type": "0", "fact": "RelationshipFactX: [5, 3, 'East', 'West', -12.0]", "id": 2}, {"type": "0", "fact": "RelationshipFactY: [5, 3, 'North', 'South', 2.0]", "id": 2}, {"type": "0", "fact": "RelationshipFactX: [5, 4, 'East', 'West', -17.0]", "id": 2}, {"type": "0", "fact": "RelationshipFactY: [5, 4, 'North', 'South', 2.0]", "id": 2}, {"type": "0", "fact": "RelationshipFactX: [5, 6, 'East', 'West', -2.0]", "id": 2}, {"type": "0", "fact": "RelationshipFactY: [5, 6, 'North', 'North', 0.0]", "id": 2}, {"type": "0", "fact": "RelationshipFactX: [5, 7, 'East', 'West', -6.0]", "id": 2}, {"type": "0", "fact": "RelationshipFactY: [5, 7, 'North', 'North', 0.0]", "id": 2}, {"type": "0", "fact": "RelationshipFactX: [5, 8, 'East', 'West', -10.0]", "id": 2}, {"type": "0", "fact": "RelationshipFactY: [5, 8, 'North', 'North', 0.0]", "id": 2}, {"type": "0", "fact": "RelationshipFactX: [5, 9, 'East', 'West', -14.0]", "id": 2}, {"type": "0", "fact": "RelationshipFactY: [5, 9, 'North', 'North', 0.0]", "id": 2}, {"type": "0", "fact": "RelationshipFactX: [6, 0, 'East', 'West', -3.0]", "id": 2}, {"type": "0", "fact": "RelationshipFactY: [6, 0, 'North', 'South', 4.0]", "id": 2}, {"type": "0", "fact": "RelationshipFactX: [6, 1, 'North', 'North', 0.0]", "id": 2}, {"type": "0", "fact": "RelationshipFactY: [6, 1, 'North', 'South', 2.0]", "id": 2}, {"type": "0", "fact": "RelationshipFactX: [6, 2, 'East', 'West', -3.0]", "id": 2}, {"type": "0", "fact": "RelationshipFactY: [6, 2, 'North', 'South', 2.0]", "id": 2}, {"type": "0", "fact": "RelationshipFactX: [6, 3, 'East', 'West', -8.0]", "id": 2}, {"type": "0", "fact": "RelationshipFactY: [6, 3, 'North', 'South', 2.0]", "id": 2}, {"type": "0", "fact": "RelationshipFactX: [6, 4, 'East', 'West', -13.0]", "id": 2}, {"type": "0", "fact": "RelationshipFactY: [6, 4, 'North', 'South', 2.0]", "id": 2}, {"type": "0", "fact": "RelationshipFactX: [6, 5, 'West', 'East', 2.0]", "id": 2}, {"type": "0", "fact": "RelationshipFactY: [6, 5, 'North', 'North', 0.0]", "id": 2}, {"type": "0", "fact": "RelationshipFactX: [6, 7, 'East', 'West', -2.0]", "id": 2}, {"type": "0", "fact": "RelationshipFactY: [6, 7, 'North', 'North', 0.0]", "id": 2}, {"type": "0", "fact": "RelationshipFactX: [6, 8, 'East', 'West', -6.0]", "id": 2}, {"type": "0", "fact": "RelationshipFactY: [6, 8, 'North', 'North', 0.0]", "id": 2}, {"type": "0", "fact": "RelationshipFactX: [6, 9, 'East', 'West', -10.0]", "id": 2}, {"type": "0", "fact": "RelationshipFactY: [6, 9, 'North', 'North', 0.0]", "id": 2}, {"type": "0", "fact": "RelationshipFactX: [7, 0, 'North', 'West', 0.0]", "id": 2}, {"type": "0", "fact": "RelationshipFactY: [7, 0, 'North', 'South', 4.0]", "id": 2}, {"type": "0", "fact": "RelationshipFactX: [7, 1, 'West', 'East', 2.0]", "id": 2}, {"type": "0", "fact": "RelationshipFactY: [7, 1, 'North', 'South', 2.0]", "id": 2}, {"type": "0", "fact": "RelationshipFactX: [7, 2, 'North', 'West', 0.0]", "id": 2}, {"type": "0", "fact": "RelationshipFactY: [7, 2, 'North', 'South', 2.0]", "id": 2}, {"type": "0", "fact": "RelationshipFactX: [7, 3, 'East', 'West', -4.0]", "id": 2}, {"type": "0", "fact": "RelationshipFactY: [7, 3, 'North', 'South', 2.0]", "id": 2}, {"type": "0", "fact": "RelationshipFactX: [7, 4, 'East', 'West', -9.0]", "id": 2}, {"type": "0", "fact": "RelationshipFactY: [7, 4, 'North', 'South', 2.0]", "id": 2}, {"type": "0", "fact": "RelationshipFactX: [7, 5, 'West', 'East', 6.0]", "id": 2}, {"type": "0", "fact": "RelationshipFactY: [7, 5, 'North', 'North', 0.0]", "id": 2}, {"type": "0", "fact": "RelationshipFactX: [7, 6, 'West', 'East', 2.0]", "id": 2}, {"type": "0", "fact": "RelationshipFactY: [7, 6, 'North', 'North', 0.0]", "id": 2}, {"type": "0", "fact": "RelationshipFactX: [7, 8, 'East', 'West', -2.0]", "id": 2}, {"type": "0", "fact": "RelationshipFactY: [7, 8, 'North', 'North', 0.0]", "id": 2}, {"type": "0", "fact": "RelationshipFactX: [7, 9, 'East', 'West', -6.0]", "id": 2}, {"type": "0", "fact": "RelationshipFactY: [7, 9, 'North', 'North', 0.0]", "id": 2}, {"type": "0", "fact": "RelationshipFactX: [8, 0, 'West', 'East', 2.0]", "id": 2}, {"type": "0", "fact": "RelationshipFactY: [8, 0, 'North', 'South', 4.0]", "id": 2}, {"type": "0", "fact": "RelationshipFactX: [8, 1, 'West', 'East', 6.0]", "id": 2}, {"type": "0", "fact": "RelationshipFactY: [8, 1, 'North', 'South', 2.0]", "id": 2}, {"type": "0", "fact": "RelationshipFactX: [8, 2, 'West', 'East', 1.0]", "id": 2}, {"type": "0", "fact": "RelationshipFactY: [8, 2, 'North', 'South', 2.0]", "id": 2}, {"type": "0", "fact": "RelationshipFactX: [8, 3, 'East', 'West', 0.0]", "id": 2}, {"type": "0", "fact": "RelationshipFactY: [8, 3, 'North', 'South', 2.0]", "id": 2}, {"type": "0", "fact": "RelationshipFactX: [8, 4, 'East', 'West', -5.0]", "id": 2}, {"type": "0", "fact": "RelationshipFactY: [8, 4, 'North', 'South', 2.0]", "id": 2}, {"type": "0", "fact": "RelationshipFactX: [8, 5, 'West', 'East', 10.0]", "id": 2}, {"type": "0", "fact": "RelationshipFactY: [8, 5, 'North', 'North', 0.0]", "id": 2}, {"type": "0", "fact": "RelationshipFactX: [8, 6, 'West', 'East', 6.0]", "id": 2}, {"type": "0", "fact": "RelationshipFactY: [8, 6, 'North', 'North', 0.0]", "id": 2}, {"type": "0", "fact": "RelationshipFactX: [8, 7, 'West', 'East', 2.0]", "id": 2}, {"type": "0", "fact": "RelationshipFactY: [8, 7, 'North', 'North', 0.0]", "id": 2}, {"type": "0", "fact": "RelationshipFactX: [8, 9, 'East', 'West', -2.0]", "id": 2}, {"type": "0", "fact": "RelationshipFactY: [8, 9, 'North', 'North', 0.0]", "id": 2}, {"type": "0", "fact": "RelationshipFactX: [9, 0, 'West', 'East', 6.0]", "id": 2}, {"type": "0", "fact": "RelationshipFactY: [9, 0, 'North', 'South', 4.0]", "id": 2}, {"type": "0", "fact": "RelationshipFactX: [9, 1, 'West', 'East', 10.0]", "id": 2}, {"type": "0", "fact": "RelationshipFactY: [9, 1, 'North', 'South', 2.0]", "id": 2}, {"type": "0", "fact": "RelationshipFactX: [9, 2, 'West', 'East', 5.0]", "id": 2}, {"type": "0", "fact": "RelationshipFactY: [9, 2, 'North', 'South', 2.0]", "id": 2}, {"type": "0", "fact": "RelationshipFactX: [9, 3, 'West', 'East', 0.0]", "id": 2}, {"type": "0", "fact": "RelationshipFactY: [9, 3, 'North', 'South', 2.0]", "id": 2}, {"type": "0", "fact": "RelationshipFactX: [9, 4, 'East', 'West', -1.0]", "id": 2}, {"type": "0", "fact": "RelationshipFactY: [9, 4, 'North', 'South', 2.0]", "id": 2}, {"type": "0", "fact": "RelationshipFactX: [9, 5, 'West', 'East', 14.0]", "id": 2}, {"type": "0", "fact": "RelationshipFactY: [9, 5, 'North', 'North', 0.0]", "id": 2}, {"type": "0", "fact": "RelationshipFactX: [9, 6, 'West', 'East', 10.0]", "id": 2}, {"type": "0", "fact": "RelationshipFactY: [9, 6, 'North', 'North', 0.0]", "id": 2}, {"type": "0", "fact": "RelationshipFactX: [9, 7, 'West', 'East', 6.0]", "id": 2}, {"type": "0", "fact": "RelationshipFactY: [9, 7, 'North', 'North', 0.0]", "id": 2}, {"type": "0", "fact": "RelationshipFactX: [9, 8, 'West', 'East', 2.0]", "id": 2}, {"type": "0", "fact": "RelationshipFactY: [9, 8, 'North', 'North', 0.0]", "id": 2}, {"type": "1", "fact": "VelocityXFact: [6, 0]", "id": 3}, {"type": "2", "fact": "VelocityXFact: [0, 1.0]", "id": 3}, {"type": "0", "fact": "VelocityXFact: [0, 0]", "id": 3}, {"type": "0", "fact": "VelocityYFact: [0, 0]", "id": 3}, {"type": "0", "fact": "AnimationFact: [0, 'chick', 1.0, 1.0]", "id": 3}, {"type": "0", "fact": "PositionXFact: [0, 10.0]", "id": 3}, {"type": "0", "fact": "PositionYFact: [0, 0.0]", "id": 3}, {"type": "0", "fact": "VelocityYFact: [1, 0]", "id": 3}, {"type": "0", "fact": "VelocityXFact: [1, 1.0]", "id": 3}, {"type": "0", "fact": "AnimationFact: [1, 'adventure lady', 2.0, 1.0]", "id": 3}, {"type": "0", "fact": "PositionXFact: [1, 5.0]", "id": 3}, {"type": "0", "fact": "PositionYFact: [1, 2.0]", "id": 3}, {"type": "0", "fact": "VelocityXFact: [2, 0]", "id": 3}, {"type": "0", "fact": "VelocityYFact: [2, 0]", "id": 3}, {"type": "0", "fact": "AnimationFact: [2, 'adventure lady', 2.0, 1.0]", "id": 3}, {"type": "0", "fact": "PositionXFact: [2, 10.0]", "id": 3}, {"type": "0", "fact": "PositionYFact: [2, 2.0]", "id": 3}, {"type": "0", "fact": "VelocityYFact: [3, 0]", "id": 3}, {"type": "0", "fact": "VelocityXFact: [3, 1.0]", "id": 3}, {"type": "0", "fact": "AnimationFact: [3, 'adventure lady', 2.0, 1.0]", "id": 3}, {"type": "0", "fact": "PositionXFact: [3, 15.0]", "id": 3}, {"type": "0", "fact": "PositionYFact: [3, 2.0]", "id": 3}, {"type": "0", "fact": "VelocityXFact: [4, 0]", "id": 3}, {"type": "0", "fact": "VelocityYFact: [4, 0]", "id": 3}, {"type": "0", "fact": "AnimationFact: [4, 'adventure lady', 2.0, 1.0]", "id": 3}, {"type": "0", "fact": "PositionXFact: [4, 20.0]", "id": 3}, {"type": "0", "fact": "PositionYFact: [4, 2.0]", "id": 3}, {"type": "0", "fact": "VelocityXFact: [5, 0]", "id": 3}, {"type": "0", "fact": "VelocityYFact: [5, 0]", "id": 3}, {"type": "0", "fact": "AnimationFact: [5, 'truck', 2.0, 1.0]", "id": 3}, {"type": "0", "fact": "PositionXFact: [5, 1.0]", "id": 3}, {"type": "0", "fact": "PositionYFact: [5, 5.0]", "id": 3}, {"type": "0", "fact": "VelocityXFact: [6, 0]", "id": 3}, {"type": "0", "fact": "VelocityYFact: [6, 0]", "id": 3}, {"type": "0", "fact": "AnimationFact: [6, 'truck', 2.0, 1.0]", "id": 3}, {"type": "0", "fact": "PositionXFact: [6, 5.0]", "id": 3}, {"type": "0", "fact": "PositionYFact: [6, 5.0]", "id": 3}, {"type": "0", "fact": "VelocityXFact: [7, 0]", "id": 3}, {"type": "0", "fact": "VelocityYFact: [7, 0]", "id": 3}, {"type": "0", "fact": "AnimationFact: [7, 'truck', 2.0, 1.0]", "id": 3}, {"type": "0", "fact": "PositionXFact: [7, 9.0]", "id": 3}, {"type": "0", "fact": "PositionYFact: [7, 5.0]", "id": 3}, {"type": "0", "fact": "VelocityXFact: [8, 0]", "id": 3}, {"type": "0", "fact": "VelocityYFact: [8, 0]", "id": 3}, {"type": "0", "fact": "AnimationFact: [8, 'truck', 2.0, 1.0]", "id": 3}, {"type": "0", "fact": "PositionXFact: [8, 13.0]", "id": 3}, {"type": "0", "fact": "PositionYFact: [8, 5.0]", "id": 3}, {"type": "0", "fact": "VelocityXFact: [9, 0]", "id": 3}, {"type": "0", "fact": "VelocityYFact: [9, 0]", "id": 3}, {"type": "0", "fact": "AnimationFact: [9, 'truck', 2.0, 1.0]", "id": 3}, {"type": "0", "fact": "PositionXFact: [9, 17.0]", "id": 3}, {"type": "0", "fact": "PositionYFact: [9, 5.0]", "id": 3}, {"type": "0", "fact": "VariableFact: ['space', False]", "id": 3}, {"type": "0", "fact": "VariableFact: ['up', False]", "id": 3}, {"type": "0", "fact": "VariableFact: ['down', False]", "id": 3}, {"type": "0", "fact": "VariableFact: ['left', False]", "id": 3}, {"type": "0", "fact": "VariableFact: ['right', False]", "id": 3}, {"type": "0", "fact": "VariableFact: ['spacePrev', False]", "id": 3}, {"type": "0", "fact": "VariableFact: ['upPrev', False]", "id": 3}, {"type": "0", "fact": "VariableFact: ['downPrev', False]", "id": 3}, {"type": "0", "fact": "VariableFact: ['leftPrev', False]", "id": 3}, {"type": "0", "fact": "VariableFact: ['rightPrev', False]", "id": 3}, {"type": "0", "fact": "RelationshipFactX: [0, 1, 'West', 'East', 3.0]", "id": 3}, {"type": "0", "fact": "RelationshipFactY: [0, 1, 'South', 'North', -1.0]", "id": 3}, {"type": "0", "fact": "RelationshipFactX: [0, 2, 'East', 'North', 0.0]", "id": 3}, {"type": "0", "fact": "RelationshipFactY: [0, 2, 'South', 'North', -1.0]", "id": 3}, {"type": "0", "fact": "RelationshipFactX: [0, 3, 'East', 'West', -4.0]", "id": 3}, {"type": "0", "fact": "RelationshipFactY: [0, 3, 'South', 'North', -1.0]", "id": 3}, {"type": "0", "fact": "RelationshipFactX: [0, 4, 'East', 'West', -9.0]", "id": 3}, {"type": "0", "fact": "RelationshipFactY: [0, 4, 'South', 'North', -1.0]", "id": 3}, {"type": "0", "fact": "RelationshipFactX: [0, 5, 'West', 'East', 7.0]", "id": 3}, {"type": "0", "fact": "RelationshipFactY: [0, 5, 'South', 'North', -4.0]", "id": 3}, {"type": "0", "fact": "RelationshipFactX: [0, 6, 'West', 'East', 3.0]", "id": 3}, {"type": "0", "fact": "RelationshipFactY: [0, 6, 'South', 'North', -4.0]", "id": 3}, {"type": "0", "fact": "RelationshipFactX: [0, 7, 'East', 'East', 0.0]", "id": 3}, {"type": "0", "fact": "RelationshipFactY: [0, 7, 'South', 'North', -4.0]", "id": 3}, {"type": "0", "fact": "RelationshipFactX: [0, 8, 'East', 'West', -2.0]", "id": 3}, {"type": "0", "fact": "RelationshipFactY: [0, 8, 'South', 'North', -4.0]", "id": 3}, {"type": "0", "fact": "RelationshipFactX: [0, 9, 'East', 'West', -6.0]", "id": 3}, {"type": "0", "fact": "RelationshipFactY: [0, 9, 'South', 'North', -4.0]", "id": 3}, {"type": "0", "fact": "RelationshipFactX: [1, 0, 'East', 'West', -3.0]", "id": 3}, {"type": "0", "fact": "RelationshipFactY: [1, 0, 'North', 'South', 1.0]", "id": 3}, {"type": "0", "fact": "RelationshipFactX: [1, 2, 'East', 'West', -3.0]", "id": 3}, {"type": "0", "fact": "RelationshipFactY: [1, 2, 'North', 'North', 0.0]", "id": 3}, {"type": "0", "fact": "RelationshipFactX: [1, 3, 'East', 'West', -8.0]", "id": 3}, {"type": "0", "fact": "RelationshipFactY: [1, 3, 'North', 'North', 0.0]", "id": 3}, {"type": "0", "fact": "RelationshipFactX: [1, 4, 'East', 'West', -13.0]", "id": 3}, {"type": "0", "fact": "RelationshipFactY: [1, 4, 'North', 'North', 0.0]", "id": 3}, {"type": "0", "fact": "RelationshipFactX: [1, 5, 'West', 'East', 2.0]", "id": 3}, {"type": "0", "fact": "RelationshipFactY: [1, 5, 'South', 'North', -2.0]", "id": 3}, {"type": "0", "fact": "RelationshipFactX: [1, 6, 'North', 'North', 0.0]", "id": 3}, {"type": "0", "fact": "RelationshipFactY: [1, 6, 'South', 'North', -2.0]", "id": 3}, {"type": "0", "fact": "RelationshipFactX: [1, 7, 'East', 'West', -2.0]", "id": 3}, {"type": "0", "fact": "RelationshipFactY: [1, 7, 'South', 'North', -2.0]", "id": 3}, {"type": "0", "fact": "RelationshipFactX: [1, 8, 'East', 'West', -6.0]", "id": 3}, {"type": "0", "fact": "RelationshipFactY: [1, 8, 'South', 'North', -2.0]", "id": 3}, {"type": "0", "fact": "RelationshipFactX: [1, 9, 'East', 'West', -10.0]", "id": 3}, {"type": "0", "fact": "RelationshipFactY: [1, 9, 'South', 'North', -2.0]", "id": 3}, {"type": "0", "fact": "RelationshipFactX: [2, 0, 'North', 'East', 0.0]", "id": 3}, {"type": "0", "fact": "RelationshipFactY: [2, 0, 'North', 'South', 1.0]", "id": 3}, {"type": "0", "fact": "RelationshipFactX: [2, 1, 'West', 'East', 3.0]", "id": 3}, {"type": "0", "fact": "RelationshipFactY: [2, 1, 'North', 'North', 0.0]", "id": 3}, {"type": "0", "fact": "RelationshipFactX: [2, 3, 'East', 'West', -3.0]", "id": 3}, {"type": "0", "fact": "RelationshipFactY: [2, 3, 'North', 'North', 0.0]", "id": 3}, {"type": "0", "fact": "RelationshipFactX: [2, 4, 'East', 'West', -8.0]", "id": 3}, {"type": "0", "fact": "RelationshipFactY: [2, 4, 'North', 'North', 0.0]", "id": 3}, {"type": "0", "fact": "RelationshipFactX: [2, 5, 'West', 'East', 7.0]", "id": 3}, {"type": "0", "fact": "RelationshipFactY: [2, 5, 'South', 'North', -2.0]", "id": 3}, {"type": "0", "fact": "RelationshipFactX: [2, 6, 'West', 'East', 3.0]", "id": 3}, {"type": "0", "fact": "RelationshipFactY: [2, 6, 'South', 'North', -2.0]", "id": 3}, {"type": "0", "fact": "RelationshipFactX: [2, 7, 'North', 'East', 0.0]", "id": 3}, {"type": "0", "fact": "RelationshipFactY: [2, 7, 'South', 'North', -2.0]", "id": 3}, {"type": "0", "fact": "RelationshipFactX: [2, 8, 'East', 'West', -1.0]", "id": 3}, {"type": "0", "fact": "RelationshipFactY: [2, 8, 'South', 'North', -2.0]", "id": 3}, {"type": "0", "fact": "RelationshipFactX: [2, 9, 'East', 'West', -5.0]", "id": 3}, {"type": "0", "fact": "RelationshipFactY: [2, 9, 'South', 'North', -2.0]", "id": 3}, {"type": "0", "fact": "RelationshipFactX: [3, 0, 'West', 'East', 4.0]", "id": 3}, {"type": "0", "fact": "RelationshipFactY: [3, 0, 'North', 'South', 1.0]", "id": 3}, {"type": "0", "fact": "RelationshipFactX: [3, 1, 'West', 'East', 8.0]", "id": 3}, {"type": "0", "fact": "RelationshipFactY: [3, 1, 'North', 'North', 0.0]", "id": 3}, {"type": "0", "fact": "RelationshipFactX: [3, 2, 'West', 'East', 3.0]", "id": 3}, {"type": "0", "fact": "RelationshipFactY: [3, 2, 'North', 'North', 0.0]", "id": 3}, {"type": "0", "fact": "RelationshipFactX: [3, 4, 'East', 'West', -3.0]", "id": 3}, {"type": "0", "fact": "RelationshipFactY: [3, 4, 'North', 'North', 0.0]", "id": 3}, {"type": "0", "fact": "RelationshipFactX: [3, 5, 'West', 'East', 12.0]", "id": 3}, {"type": "0", "fact": "RelationshipFactY: [3, 5, 'South', 'North', -2.0]", "id": 3}, {"type": "0", "fact": "RelationshipFactX: [3, 6, 'West', 'East', 8.0]", "id": 3}, {"type": "0", "fact": "RelationshipFactY: [3, 6, 'South', 'North', -2.0]", "id": 3}, {"type": "0", "fact": "RelationshipFactX: [3, 7, 'West', 'East', 4.0]", "id": 3}, {"type": "0", "fact": "RelationshipFactY: [3, 7, 'South', 'North', -2.0]", "id": 3}, {"type": "0", "fact": "RelationshipFactX: [3, 8, 'West', 'East', 0.0]", "id": 3}, {"type": "0", "fact": "RelationshipFactY: [3, 8, 'South', 'North', -2.0]", "id": 3}, {"type": "0", "fact": "RelationshipFactX: [3, 9, 'East', 'West', 0.0]", "id": 3}, {"type": "0", "fact": "RelationshipFactY: [3, 9, 'South', 'North', -2.0]", "id": 3}, {"type": "0", "fact": "RelationshipFactX: [4, 0, 'West', 'East', 9.0]", "id": 3}, {"type": "0", "fact": "RelationshipFactY: [4, 0, 'North', 'South', 1.0]", "id": 3}, {"type": "0", "fact": "RelationshipFactX: [4, 1, 'West', 'East', 13.0]", "id": 3}, {"type": "0", "fact": "RelationshipFactY: [4, 1, 'North', 'North', 0.0]", "id": 3}, {"type": "0", "fact": "RelationshipFactX: [4, 2, 'West', 'East', 8.0]", "id": 3}, {"type": "0", "fact": "RelationshipFactY: [4, 2, 'North', 'North', 0.0]", "id": 3}, {"type": "0", "fact": "RelationshipFactX: [4, 3, 'West', 'East', 3.0]", "id": 3}, {"type": "0", "fact": "RelationshipFactY: [4, 3, 'North', 'North', 0.0]", "id": 3}, {"type": "0", "fact": "RelationshipFactX: [4, 5, 'West', 'East', 17.0]", "id": 3}, {"type": "0", "fact": "RelationshipFactY: [4, 5, 'South', 'North', -2.0]", "id": 3}, {"type": "0", "fact": "RelationshipFactX: [4, 6, 'West', 'East', 13.0]", "id": 3}, {"type": "0", "fact": "RelationshipFactY: [4, 6, 'South', 'North', -2.0]", "id": 3}, {"type": "0", "fact": "RelationshipFactX: [4, 7, 'West', 'East', 9.0]", "id": 3}, {"type": "0", "fact": "RelationshipFactY: [4, 7, 'South', 'North', -2.0]", "id": 3}, {"type": "0", "fact": "RelationshipFactX: [4, 8, 'West', 'East', 5.0]", "id": 3}, {"type": "0", "fact": "RelationshipFactY: [4, 8, 'South', 'North', -2.0]", "id": 3}, {"type": "0", "fact": "RelationshipFactX: [4, 9, 'West', 'East', 1.0]", "id": 3}, {"type": "0", "fact": "RelationshipFactY: [4, 9, 'South', 'North', -2.0]", "id": 3}, {"type": "0", "fact": "RelationshipFactX: [5, 0, 'East', 'West', -7.0]", "id": 3}, {"type": "0", "fact": "RelationshipFactY: [5, 0, 'North', 'South', 4.0]", "id": 3}, {"type": "0", "fact": "RelationshipFactX: [5, 1, 'East', 'West', -2.0]", "id": 3}, {"type": "0", "fact": "RelationshipFactY: [5, 1, 'North', 'South', 2.0]", "id": 3}, {"type": "0", "fact": "RelationshipFactX: [5, 2, 'East', 'West', -7.0]", "id": 3}, {"type": "0", "fact": "RelationshipFactY: [5, 2, 'North', 'South', 2.0]", "id": 3}, {"type": "0", "fact": "RelationshipFactX: [5, 3, 'East', 'West', -12.0]", "id": 3}, {"type": "0", "fact": "RelationshipFactY: [5, 3, 'North', 'South', 2.0]", "id": 3}, {"type": "0", "fact": "RelationshipFactX: [5, 4, 'East', 'West', -17.0]", "id": 3}, {"type": "0", "fact": "RelationshipFactY: [5, 4, 'North', 'South', 2.0]", "id": 3}, {"type": "0", "fact": "RelationshipFactX: [5, 6, 'East', 'West', -2.0]", "id": 3}, {"type": "0", "fact": "RelationshipFactY: [5, 6, 'North', 'North', 0.0]", "id": 3}, {"type": "0", "fact": "RelationshipFactX: [5, 7, 'East', 'West', -6.0]", "id": 3}, {"type": "0", "fact": "RelationshipFactY: [5, 7, 'North', 'North', 0.0]", "id": 3}, {"type": "0", "fact": "RelationshipFactX: [5, 8, 'East', 'West', -10.0]", "id": 3}, {"type": "0", "fact": "RelationshipFactY: [5, 8, 'North', 'North', 0.0]", "id": 3}, {"type": "0", "fact": "RelationshipFactX: [5, 9, 'East', 'West', -14.0]", "id": 3}, {"type": "0", "fact": "RelationshipFactY: [5, 9, 'North', 'North', 0.0]", "id": 3}, {"type": "0", "fact": "RelationshipFactX: [6, 0, 'East', 'West', -3.0]", "id": 3}, {"type": "0", "fact": "RelationshipFactY: [6, 0, 'North', 'South', 4.0]", "id": 3}, {"type": "0", "fact": "RelationshipFactX: [6, 1, 'North', 'North', 0.0]", "id": 3}, {"type": "0", "fact": "RelationshipFactY: [6, 1, 'North', 'South', 2.0]", "id": 3}, {"type": "0", "fact": "RelationshipFactX: [6, 2, 'East', 'West', -3.0]", "id": 3}, {"type": "0", "fact": "RelationshipFactY: [6, 2, 'North', 'South', 2.0]", "id": 3}, {"type": "0", "fact": "RelationshipFactX: [6, 3, 'East', 'West', -8.0]", "id": 3}, {"type": "0", "fact": "RelationshipFactY: [6, 3, 'North', 'South', 2.0]", "id": 3}, {"type": "0", "fact": "RelationshipFactX: [6, 4, 'East', 'West', -13.0]", "id": 3}, {"type": "0", "fact": "RelationshipFactY: [6, 4, 'North', 'South', 2.0]", "id": 3}, {"type": "0", "fact": "RelationshipFactX: [6, 5, 'West', 'East', 2.0]", "id": 3}, {"type": "0", "fact": "RelationshipFactY: [6, 5, 'North', 'North', 0.0]", "id": 3}, {"type": "0", "fact": "RelationshipFactX: [6, 7, 'East', 'West', -2.0]", "id": 3}, {"type": "0", "fact": "RelationshipFactY: [6, 7, 'North', 'North', 0.0]", "id": 3}, {"type": "0", "fact": "RelationshipFactX: [6, 8, 'East', 'West', -6.0]", "id": 3}, {"type": "0", "fact": "RelationshipFactY: [6, 8, 'North', 'North', 0.0]", "id": 3}, {"type": "0", "fact": "RelationshipFactX: [6, 9, 'East', 'West', -10.0]", "id": 3}, {"type": "0", "fact": "RelationshipFactY: [6, 9, 'North', 'North', 0.0]", "id": 3}, {"type": "0", "fact": "RelationshipFactX: [7, 0, 'North', 'West', 0.0]", "id": 3}, {"type": "0", "fact": "RelationshipFactY: [7, 0, 'North', 'South', 4.0]", "id": 3}, {"type": "0", "fact": "RelationshipFactX: [7, 1, 'West', 'East', 2.0]", "id": 3}, {"type": "0", "fact": "RelationshipFactY: [7, 1, 'North', 'South', 2.0]", "id": 3}, {"type": "0", "fact": "RelationshipFactX: [7, 2, 'North', 'West', 0.0]", "id": 3}, {"type": "0", "fact": "RelationshipFactY: [7, 2, 'North', 'South', 2.0]", "id": 3}, {"type": "0", "fact": "RelationshipFactX: [7, 3, 'East', 'West', -4.0]", "id": 3}, {"type": "0", "fact": "RelationshipFactY: [7, 3, 'North', 'South', 2.0]", "id": 3}, {"type": "0", "fact": "RelationshipFactX: [7, 4, 'East', 'West', -9.0]", "id": 3}, {"type": "0", "fact": "RelationshipFactY: [7, 4, 'North', 'South', 2.0]", "id": 3}, {"type": "0", "fact": "RelationshipFactX: [7, 5, 'West', 'East', 6.0]", "id": 3}, {"type": "0", "fact": "RelationshipFactY: [7, 5, 'North', 'North', 0.0]", "id": 3}, {"type": "0", "fact": "RelationshipFactX: [7, 6, 'West', 'East', 2.0]", "id": 3}, {"type": "0", "fact": "RelationshipFactY: [7, 6, 'North', 'North', 0.0]", "id": 3}, {"type": "0", "fact": "RelationshipFactX: [7, 8, 'East', 'West', -2.0]", "id": 3}, {"type": "0", "fact": "RelationshipFactY: [7, 8, 'North', 'North', 0.0]", "id": 3}, {"type": "0", "fact": "RelationshipFactX: [7, 9, 'East', 'West', -6.0]", "id": 3}, {"type": "0", "fact": "RelationshipFactY: [7, 9, 'North', 'North', 0.0]", "id": 3}, {"type": "0", "fact": "RelationshipFactX: [8, 0, 'West', 'East', 2.0]", "id": 3}, {"type": "0", "fact": "RelationshipFactY: [8, 0, 'North', 'South', 4.0]", "id": 3}, {"type": "0", "fact": "RelationshipFactX: [8, 1, 'West', 'East', 6.0]", "id": 3}, {"type": "0", "fact": "RelationshipFactY: [8, 1, 'North', 'South', 2.0]", "id": 3}, {"type": "0", "fact": "RelationshipFactX: [8, 2, 'West', 'East', 1.0]", "id": 3}, {"type": "0", "fact": "RelationshipFactY: [8, 2, 'North', 'South', 2.0]", "id": 3}, {"type": "0", "fact": "RelationshipFactX: [8, 3, 'East', 'West', 0.0]", "id": 3}, {"type": "0", "fact": "RelationshipFactY: [8, 3, 'North', 'South', 2.0]", "id": 3}, {"type": "0", "fact": "RelationshipFactX: [8, 4, 'East', 'West', -5.0]", "id": 3}, {"type": "0", "fact": "RelationshipFactY: [8, 4, 'North', 'South', 2.0]", "id": 3}, {"type": "0", "fact": "RelationshipFactX: [8, 5, 'West', 'East', 10.0]", "id": 3}, {"type": "0", "fact": "RelationshipFactY: [8, 5, 'North', 'North', 0.0]", "id": 3}, {"type": "0", "fact": "RelationshipFactX: [8, 6, 'West', 'East', 6.0]", "id": 3}, {"type": "0", "fact": "RelationshipFactY: [8, 6, 'North', 'North', 0.0]", "id": 3}, {"type": "0", "fact": "RelationshipFactX: [8, 7, 'West', 'East', 2.0]", "id": 3}, {"type": "0", "fact": "RelationshipFactY: [8, 7, 'North', 'North', 0.0]", "id": 3}, {"type": "0", "fact": "RelationshipFactX: [8, 9, 'East', 'West', -2.0]", "id": 3}, {"type": "0", "fact": "RelationshipFactY: [8, 9, 'North', 'North', 0.0]", "id": 3}, {"type": "0", "fact": "RelationshipFactX: [9, 0, 'West', 'East', 6.0]", "id": 3}, {"type": "0", "fact": "RelationshipFactY: [9, 0, 'North', 'South', 4.0]", "id": 3}, {"type": "0", "fact": "RelationshipFactX: [9, 1, 'West', 'East', 10.0]", "id": 3}, {"type": "0", "fact": "RelationshipFactY: [9, 1, 'North', 'South', 2.0]", "id": 3}, {"type": "0", "fact": "RelationshipFactX: [9, 2, 'West', 'East', 5.0]", "id": 3}, {"type": "0", "fact": "RelationshipFactY: [9, 2, 'North', 'South', 2.0]", "id": 3}, {"type": "0", "fact": "RelationshipFactX: [9, 3, 'West', 'East', 0.0]", "id": 3}, {"type": "0", "fact": "RelationshipFactY: [9, 3, 'North', 'South', 2.0]", "id": 3}, {"type": "0", "fact": "RelationshipFactX: [9, 4, 'East', 'West', -1.0]", "id": 3}, {"type": "0", "fact": "RelationshipFactY: [9, 4, 'North', 'South', 2.0]", "id": 3}, {"type": "0", "fact": "RelationshipFactX: [9, 5, 'West', 'East', 14.0]", "id": 3}, {"type": "0", "fact": "RelationshipFactY: [9, 5, 'North', 'North', 0.0]", "id": 3}, {"type": "0", "fact": "RelationshipFactX: [9, 6, 'West', 'East', 10.0]", "id": 3}, {"type": "0", "fact": "RelationshipFactY: [9, 6, 'North', 'North', 0.0]", "id": 3}, {"type": "0", "fact": "RelationshipFactX: [9, 7, 'West', 'East', 6.0]", "id": 3}, {"type": "0", "fact": "RelationshipFactY: [9, 7, 'North', 'North', 0.0]", "id": 3}, {"type": "0", "fact": "RelationshipFactX: [9, 8, 'West', 'East', 2.0]", "id": 3}, {"type": "0", "fact": "RelationshipFactY: [9, 8, 'North', 'North', 0.0]", "id": 3}, {"type": "1", "fact": "VelocityXFact: [8, 0]", "id": 4}, {"type": "2", "fact": "VelocityXFact: [0, 1.0]", "id": 4}, {"type": "0", "fact": "VelocityXFact: [0, 0]", "id": 4}, {"type": "0", "fact": "VelocityYFact: [0, 0]", "id": 4}, {"type": "0", "fact": "AnimationFact: [0, 'chick', 1.0, 1.0]", "id": 4}, {"type": "0", "fact": "PositionXFact: [0, 10.0]", "id": 4}, {"type": "0", "fact": "PositionYFact: [0, 0.0]", "id": 4}, {"type": "0", "fact": "VelocityYFact: [1, 0]", "id": 4}, {"type": "0", "fact": "VelocityXFact: [1, 1.0]", "id": 4}, {"type": "0", "fact": "AnimationFact: [1, 'adventure lady', 2.0, 1.0]", "id": 4}, {"type": "0", "fact": "PositionXFact: [1, 5.0]", "id": 4}, {"type": "0", "fact": "PositionYFact: [1, 2.0]", "id": 4}, {"type": "0", "fact": "VelocityXFact: [2, 0]", "id": 4}, {"type": "0", "fact": "VelocityYFact: [2, 0]", "id": 4}, {"type": "0", "fact": "AnimationFact: [2, 'adventure lady', 2.0, 1.0]", "id": 4}, {"type": "0", "fact": "PositionXFact: [2, 10.0]", "id": 4}, {"type": "0", "fact": "PositionYFact: [2, 2.0]", "id": 4}, {"type": "0", "fact": "VelocityYFact: [3, 0]", "id": 4}, {"type": "0", "fact": "VelocityXFact: [3, 1.0]", "id": 4}, {"type": "0", "fact": "AnimationFact: [3, 'adventure lady', 2.0, 1.0]", "id": 4}, {"type": "0", "fact": "PositionXFact: [3, 15.0]", "id": 4}, {"type": "0", "fact": "PositionYFact: [3, 2.0]", "id": 4}, {"type": "0", "fact": "VelocityXFact: [4, 0]", "id": 4}, {"type": "0", "fact": "VelocityYFact: [4, 0]", "id": 4}, {"type": "0", "fact": "AnimationFact: [4, 'adventure lady', 2.0, 1.0]", "id": 4}, {"type": "0", "fact": "PositionXFact: [4, 20.0]", "id": 4}, {"type": "0", "fact": "PositionYFact: [4, 2.0]", "id": 4}, {"type": "0", "fact": "VelocityXFact: [5, 0]", "id": 4}, {"type": "0", "fact": "VelocityYFact: [5, 0]", "id": 4}, {"type": "0", "fact": "AnimationFact: [5, 'truck', 2.0, 1.0]", "id": 4}, {"type": "0", "fact": "PositionXFact: [5, 1.0]", "id": 4}, {"type": "0", "fact": "PositionYFact: [5, 5.0]", "id": 4}, {"type": "0", "fact": "VelocityYFact: [6, 0]", "id": 4}, {"type": "0", "fact": "VelocityXFact: [6, 1.0]", "id": 4}, {"type": "0", "fact": "AnimationFact: [6, 'truck', 2.0, 1.0]", "id": 4}, {"type": "0", "fact": "PositionXFact: [6, 5.0]", "id": 4}, {"type": "0", "fact": "PositionYFact: [6, 5.0]", "id": 4}, {"type": "0", "fact": "VelocityXFact: [7, 0]", "id": 4}, {"type": "0", "fact": "VelocityYFact: [7, 0]", "id": 4}, {"type": "0", "fact": "AnimationFact: [7, 'truck', 2.0, 1.0]", "id": 4}, {"type": "0", "fact": "PositionXFact: [7, 9.0]", "id": 4}, {"type": "0", "fact": "PositionYFact: [7, 5.0]", "id": 4}, {"type": "0", "fact": "VelocityXFact: [8, 0]", "id": 4}, {"type": "0", "fact": "VelocityYFact: [8, 0]", "id": 4}, {"type": "0", "fact": "AnimationFact: [8, 'truck', 2.0, 1.0]", "id": 4}, {"type": "0", "fact": "PositionXFact: [8, 13.0]", "id": 4}, {"type": "0", "fact": "PositionYFact: [8, 5.0]", "id": 4}, {"type": "0", "fact": "VelocityXFact: [9, 0]", "id": 4}, {"type": "0", "fact": "VelocityYFact: [9, 0]", "id": 4}, {"type": "0", "fact": "AnimationFact: [9, 'truck', 2.0, 1.0]", "id": 4}, {"type": "0", "fact": "PositionXFact: [9, 17.0]", "id": 4}, {"type": "0", "fact": "PositionYFact: [9, 5.0]", "id": 4}, {"type": "0", "fact": "VariableFact: ['space', False]", "id": 4}, {"type": "0", "fact": "VariableFact: ['up', False]", "id": 4}, {"type": "0", "fact": "VariableFact: ['down', False]", "id": 4}, {"type": "0", "fact": "VariableFact: ['left', False]", "id": 4}, {"type": "0", "fact": "VariableFact: ['right', False]", "id": 4}, {"type": "0", "fact": "VariableFact: ['spacePrev', False]", "id": 4}, {"type": "0", "fact": "VariableFact: ['upPrev', False]", "id": 4}, {"type": "0", "fact": "VariableFact: ['downPrev', False]", "id": 4}, {"type": "0", "fact": "VariableFact: ['leftPrev', False]", "id": 4}, {"type": "0", "fact": "VariableFact: ['rightPrev', False]", "id": 4}, {"type": "0", "fact": "RelationshipFactX: [0, 1, 'West', 'East', 3.0]", "id": 4}, {"type": "0", "fact": "RelationshipFactY: [0, 1, 'South', 'North', -1.0]", "id": 4}, {"type": "0", "fact": "RelationshipFactX: [0, 2, 'East', 'North', 0.0]", "id": 4}, {"type": "0", "fact": "RelationshipFactY: [0, 2, 'South', 'North', -1.0]", "id": 4}, {"type": "0", "fact": "RelationshipFactX: [0, 3, 'East', 'West', -4.0]", "id": 4}, {"type": "0", "fact": "RelationshipFactY: [0, 3, 'South', 'North', -1.0]", "id": 4}, {"type": "0", "fact": "RelationshipFactX: [0, 4, 'East', 'West', -9.0]", "id": 4}, {"type": "0", "fact": "RelationshipFactY: [0, 4, 'South', 'North', -1.0]", "id": 4}, {"type": "0", "fact": "RelationshipFactX: [0, 5, 'West', 'East', 7.0]", "id": 4}, {"type": "0", "fact": "RelationshipFactY: [0, 5, 'South', 'North', -4.0]", "id": 4}, {"type": "0", "fact": "RelationshipFactX: [0, 6, 'West', 'East', 3.0]", "id": 4}, {"type": "0", "fact": "RelationshipFactY: [0, 6, 'South', 'North', -4.0]", "id": 4}, {"type": "0", "fact": "RelationshipFactX: [0, 7, 'East', 'East', 0.0]", "id": 4}, {"type": "0", "fact": "RelationshipFactY: [0, 7, 'South', 'North', -4.0]", "id": 4}, {"type": "0", "fact": "RelationshipFactX: [0, 8, 'East', 'West', -2.0]", "id": 4}, {"type": "0", "fact": "RelationshipFactY: [0, 8, 'South', 'North', -4.0]", "id": 4}, {"type": "0", "fact": "RelationshipFactX: [0, 9, 'East', 'West', -6.0]", "id": 4}, {"type": "0", "fact": "RelationshipFactY: [0, 9, 'South', 'North', -4.0]", "id": 4}, {"type": "0", "fact": "RelationshipFactX: [1, 0, 'East', 'West', -3.0]", "id": 4}, {"type": "0", "fact": "RelationshipFactY: [1, 0, 'North', 'South', 1.0]", "id": 4}, {"type": "0", "fact": "RelationshipFactX: [1, 2, 'East', 'West', -3.0]", "id": 4}, {"type": "0", "fact": "RelationshipFactY: [1, 2, 'North', 'North', 0.0]", "id": 4}, {"type": "0", "fact": "RelationshipFactX: [1, 3, 'East', 'West', -8.0]", "id": 4}, {"type": "0", "fact": "RelationshipFactY: [1, 3, 'North', 'North', 0.0]", "id": 4}, {"type": "0", "fact": "RelationshipFactX: [1, 4, 'East', 'West', -13.0]", "id": 4}, {"type": "0", "fact": "RelationshipFactY: [1, 4, 'North', 'North', 0.0]", "id": 4}, {"type": "0", "fact": "RelationshipFactX: [1, 5, 'West', 'East', 2.0]", "id": 4}, {"type": "0", "fact": "RelationshipFactY: [1, 5, 'South', 'North', -2.0]", "id": 4}, {"type": "0", "fact": "RelationshipFactX: [1, 6, 'North', 'North', 0.0]", "id": 4}, {"type": "0", "fact": "RelationshipFactY: [1, 6, 'South', 'North', -2.0]", "id": 4}, {"type": "0", "fact": "RelationshipFactX: [1, 7, 'East', 'West', -2.0]", "id": 4}, {"type": "0", "fact": "RelationshipFactY: [1, 7, 'South', 'North', -2.0]", "id": 4}, {"type": "0", "fact": "RelationshipFactX: [1, 8, 'East', 'West', -6.0]", "id": 4}, {"type": "0", "fact": "RelationshipFactY: [1, 8, 'South', 'North', -2.0]", "id": 4}, {"type": "0", "fact": "RelationshipFactX: [1, 9, 'East', 'West', -10.0]", "id": 4}, {"type": "0", "fact": "RelationshipFactY: [1, 9, 'South', 'North', -2.0]", "id": 4}, {"type": "0", "fact": "RelationshipFactX: [2, 0, 'North', 'East', 0.0]", "id": 4}, {"type": "0", "fact": "RelationshipFactY: [2, 0, 'North', 'South', 1.0]", "id": 4}, {"type": "0", "fact": "RelationshipFactX: [2, 1, 'West', 'East', 3.0]", "id": 4}, {"type": "0", "fact": "RelationshipFactY: [2, 1, 'North', 'North', 0.0]", "id": 4}, {"type": "0", "fact": "RelationshipFactX: [2, 3, 'East', 'West', -3.0]", "id": 4}, {"type": "0", "fact": "RelationshipFactY: [2, 3, 'North', 'North', 0.0]", "id": 4}, {"type": "0", "fact": "RelationshipFactX: [2, 4, 'East', 'West', -8.0]", "id": 4}, {"type": "0", "fact": "RelationshipFactY: [2, 4, 'North', 'North', 0.0]", "id": 4}, {"type": "0", "fact": "RelationshipFactX: [2, 5, 'West', 'East', 7.0]", "id": 4}, {"type": "0", "fact": "RelationshipFactY: [2, 5, 'South', 'North', -2.0]", "id": 4}, {"type": "0", "fact": "RelationshipFactX: [2, 6, 'West', 'East', 3.0]", "id": 4}, {"type": "0", "fact": "RelationshipFactY: [2, 6, 'South', 'North', -2.0]", "id": 4}, {"type": "0", "fact": "RelationshipFactX: [2, 7, 'North', 'East', 0.0]", "id": 4}, {"type": "0", "fact": "RelationshipFactY: [2, 7, 'South', 'North', -2.0]", "id": 4}, {"type": "0", "fact": "RelationshipFactX: [2, 8, 'East', 'West', -1.0]", "id": 4}, {"type": "0", "fact": "RelationshipFactY: [2, 8, 'South', 'North', -2.0]", "id": 4}, {"type": "0", "fact": "RelationshipFactX: [2, 9, 'East', 'West', -5.0]", "id": 4}, {"type": "0", "fact": "RelationshipFactY: [2, 9, 'South', 'North', -2.0]", "id": 4}, {"type": "0", "fact": "RelationshipFactX: [3, 0, 'West', 'East', 4.0]", "id": 4}, {"type": "0", "fact": "RelationshipFactY: [3, 0, 'North', 'South', 1.0]", "id": 4}, {"type": "0", "fact": "RelationshipFactX: [3, 1, 'West', 'East', 8.0]", "id": 4}, {"type": "0", "fact": "RelationshipFactY: [3, 1, 'North', 'North', 0.0]", "id": 4}, {"type": "0", "fact": "RelationshipFactX: [3, 2, 'West', 'East', 3.0]", "id": 4}, {"type": "0", "fact": "RelationshipFactY: [3, 2, 'North', 'North', 0.0]", "id": 4}, {"type": "0", "fact": "RelationshipFactX: [3, 4, 'East', 'West', -3.0]", "id": 4}, {"type": "0", "fact": "RelationshipFactY: [3, 4, 'North', 'North', 0.0]", "id": 4}, {"type": "0", "fact": "RelationshipFactX: [3, 5, 'West', 'East', 12.0]", "id": 4}, {"type": "0", "fact": "RelationshipFactY: [3, 5, 'South', 'North', -2.0]", "id": 4}, {"type": "0", "fact": "RelationshipFactX: [3, 6, 'West', 'East', 8.0]", "id": 4}, {"type": "0", "fact": "RelationshipFactY: [3, 6, 'South', 'North', -2.0]", "id": 4}, {"type": "0", "fact": "RelationshipFactX: [3, 7, 'West', 'East', 4.0]", "id": 4}, {"type": "0", "fact": "RelationshipFactY: [3, 7, 'South', 'North', -2.0]", "id": 4}, {"type": "0", "fact": "RelationshipFactX: [3, 8, 'West', 'East', 0.0]", "id": 4}, {"type": "0", "fact": "RelationshipFactY: [3, 8, 'South', 'North', -2.0]", "id": 4}, {"type": "0", "fact": "RelationshipFactX: [3, 9, 'East', 'West', 0.0]", "id": 4}, {"type": "0", "fact": "RelationshipFactY: [3, 9, 'South', 'North', -2.0]", "id": 4}, {"type": "0", "fact": "RelationshipFactX: [4, 0, 'West', 'East', 9.0]", "id": 4}, {"type": "0", "fact": "RelationshipFactY: [4, 0, 'North', 'South', 1.0]", "id": 4}, {"type": "0", "fact": "RelationshipFactX: [4, 1, 'West', 'East', 13.0]", "id": 4}, {"type": "0", "fact": "RelationshipFactY: [4, 1, 'North', 'North', 0.0]", "id": 4}, {"type": "0", "fact": "RelationshipFactX: [4, 2, 'West', 'East', 8.0]", "id": 4}, {"type": "0", "fact": "RelationshipFactY: [4, 2, 'North', 'North', 0.0]", "id": 4}, {"type": "0", "fact": "RelationshipFactX: [4, 3, 'West', 'East', 3.0]", "id": 4}, {"type": "0", "fact": "RelationshipFactY: [4, 3, 'North', 'North', 0.0]", "id": 4}, {"type": "0", "fact": "RelationshipFactX: [4, 5, 'West', 'East', 17.0]", "id": 4}, {"type": "0", "fact": "RelationshipFactY: [4, 5, 'South', 'North', -2.0]", "id": 4}, {"type": "0", "fact": "RelationshipFactX: [4, 6, 'West', 'East', 13.0]", "id": 4}, {"type": "0", "fact": "RelationshipFactY: [4, 6, 'South', 'North', -2.0]", "id": 4}, {"type": "0", "fact": "RelationshipFactX: [4, 7, 'West', 'East', 9.0]", "id": 4}, {"type": "0", "fact": "RelationshipFactY: [4, 7, 'South', 'North', -2.0]", "id": 4}, {"type": "0", "fact": "RelationshipFactX: [4, 8, 'West', 'East', 5.0]", "id": 4}, {"type": "0", "fact": "RelationshipFactY: [4, 8, 'South', 'North', -2.0]", "id": 4}, {"type": "0", "fact": "RelationshipFactX: [4, 9, 'West', 'East', 1.0]", "id": 4}, {"type": "0", "fact": "RelationshipFactY: [4, 9, 'South', 'North', -2.0]", "id": 4}, {"type": "0", "fact": "RelationshipFactX: [5, 0, 'East', 'West', -7.0]", "id": 4}, {"type": "0", "fact": "RelationshipFactY: [5, 0, 'North', 'South', 4.0]", "id": 4}, {"type": "0", "fact": "RelationshipFactX: [5, 1, 'East', 'West', -2.0]", "id": 4}, {"type": "0", "fact": "RelationshipFactY: [5, 1, 'North', 'South', 2.0]", "id": 4}, {"type": "0", "fact": "RelationshipFactX: [5, 2, 'East', 'West', -7.0]", "id": 4}, {"type": "0", "fact": "RelationshipFactY: [5, 2, 'North', 'South', 2.0]", "id": 4}, {"type": "0", "fact": "RelationshipFactX: [5, 3, 'East', 'West', -12.0]", "id": 4}, {"type": "0", "fact": "RelationshipFactY: [5, 3, 'North', 'South', 2.0]", "id": 4}, {"type": "0", "fact": "RelationshipFactX: [5, 4, 'East', 'West', -17.0]", "id": 4}, {"type": "0", "fact": "RelationshipFactY: [5, 4, 'North', 'South', 2.0]", "id": 4}, {"type": "0", "fact": "RelationshipFactX: [5, 6, 'East', 'West', -2.0]", "id": 4}, {"type": "0", "fact": "RelationshipFactY: [5, 6, 'North', 'North', 0.0]", "id": 4}, {"type": "0", "fact": "RelationshipFactX: [5, 7, 'East', 'West', -6.0]", "id": 4}, {"type": "0", "fact": "RelationshipFactY: [5, 7, 'North', 'North', 0.0]", "id": 4}, {"type": "0", "fact": "RelationshipFactX: [5, 8, 'East', 'West', -10.0]", "id": 4}, {"type": "0", "fact": "RelationshipFactY: [5, 8, 'North', 'North', 0.0]", "id": 4}, {"type": "0", "fact": "RelationshipFactX: [5, 9, 'East', 'West', -14.0]", "id": 4}, {"type": "0", "fact": "RelationshipFactY: [5, 9, 'North', 'North', 0.0]", "id": 4}, {"type": "0", "fact": "RelationshipFactX: [6, 0, 'East', 'West', -3.0]", "id": 4}, {"type": "0", "fact": "RelationshipFactY: [6, 0, 'North', 'South', 4.0]", "id": 4}, {"type": "0", "fact": "RelationshipFactX: [6, 1, 'North', 'North', 0.0]", "id": 4}, {"type": "0", "fact": "RelationshipFactY: [6, 1, 'North', 'South', 2.0]", "id": 4}, {"type": "0", "fact": "RelationshipFactX: [6, 2, 'East', 'West', -3.0]", "id": 4}, {"type": "0", "fact": "RelationshipFactY: [6, 2, 'North', 'South', 2.0]", "id": 4}, {"type": "0", "fact": "RelationshipFactX: [6, 3, 'East', 'West', -8.0]", "id": 4}, {"type": "0", "fact": "RelationshipFactY: [6, 3, 'North', 'South', 2.0]", "id": 4}, {"type": "0", "fact": "RelationshipFactX: [6, 4, 'East', 'West', -13.0]", "id": 4}, {"type": "0", "fact": "RelationshipFactY: [6, 4, 'North', 'South', 2.0]", "id": 4}, {"type": "0", "fact": "RelationshipFactX: [6, 5, 'West', 'East', 2.0]", "id": 4}, {"type": "0", "fact": "RelationshipFactY: [6, 5, 'North', 'North', 0.0]", "id": 4}, {"type": "0", "fact": "RelationshipFactX: [6, 7, 'East', 'West', -2.0]", "id": 4}, {"type": "0", "fact": "RelationshipFactY: [6, 7, 'North', 'North', 0.0]", "id": 4}, {"type": "0", "fact": "RelationshipFactX: [6, 8, 'East', 'West', -6.0]", "id": 4}, {"type": "0", "fact": "RelationshipFactY: [6, 8, 'North', 'North', 0.0]", "id": 4}, {"type": "0", "fact": "RelationshipFactX: [6, 9, 'East', 'West', -10.0]", "id": 4}, {"type": "0", "fact": "RelationshipFactY: [6, 9, 'North', 'North', 0.0]", "id": 4}, {"type": "0", "fact": "RelationshipFactX: [7, 0, 'North', 'West', 0.0]", "id": 4}, {"type": "0", "fact": "RelationshipFactY: [7, 0, 'North', 'South', 4.0]", "id": 4}, {"type": "0", "fact": "RelationshipFactX: [7, 1, 'West', 'East', 2.0]", "id": 4}, {"type": "0", "fact": "RelationshipFactY: [7, 1, 'North', 'South', 2.0]", "id": 4}, {"type": "0", "fact": "RelationshipFactX: [7, 2, 'North', 'West', 0.0]", "id": 4}, {"type": "0", "fact": "RelationshipFactY: [7, 2, 'North', 'South', 2.0]", "id": 4}, {"type": "0", "fact": "RelationshipFactX: [7, 3, 'East', 'West', -4.0]", "id": 4}, {"type": "0", "fact": "RelationshipFactY: [7, 3, 'North', 'South', 2.0]", "id": 4}, {"type": "0", "fact": "RelationshipFactX: [7, 4, 'East', 'West', -9.0]", "id": 4}, {"type": "0", "fact": "RelationshipFactY: [7, 4, 'North', 'South', 2.0]", "id": 4}, {"type": "0", "fact": "RelationshipFactX: [7, 5, 'West', 'East', 6.0]", "id": 4}, {"type": "0", "fact": "RelationshipFactY: [7, 5, 'North', 'North', 0.0]", "id": 4}, {"type": "0", "fact": "RelationshipFactX: [7, 6, 'West', 'East', 2.0]", "id": 4}, {"type": "0", "fact": "RelationshipFactY: [7, 6, 'North', 'North', 0.0]", "id": 4}, {"type": "0", "fact": "RelationshipFactX: [7, 8, 'East', 'West', -2.0]", "id": 4}, {"type": "0", "fact": "RelationshipFactY: [7, 8, 'North', 'North', 0.0]", "id": 4}, {"type": "0", "fact": "RelationshipFactX: [7, 9, 'East', 'West', -6.0]", "id": 4}, {"type": "0", "fact": "RelationshipFactY: [7, 9, 'North', 'North', 0.0]", "id": 4}, {"type": "0", "fact": "RelationshipFactX: [8, 0, 'West', 'East', 2.0]", "id": 4}, {"type": "0", "fact": "RelationshipFactY: [8, 0, 'North', 'South', 4.0]", "id": 4}, {"type": "0", "fact": "RelationshipFactX: [8, 1, 'West', 'East', 6.0]", "id": 4}, {"type": "0", "fact": "RelationshipFactY: [8, 1, 'North', 'South', 2.0]", "id": 4}, {"type": "0", "fact": "RelationshipFactX: [8, 2, 'West', 'East', 1.0]", "id": 4}, {"type": "0", "fact": "RelationshipFactY: [8, 2, 'North', 'South', 2.0]", "id": 4}, {"type": "0", "fact": "RelationshipFactX: [8, 3, 'East', 'West', 0.0]", "id": 4}, {"type": "0", "fact": "RelationshipFactY: [8, 3, 'North', 'South', 2.0]", "id": 4}, {"type": "0", "fact": "RelationshipFactX: [8, 4, 'East', 'West', -5.0]", "id": 4}, {"type": "0", "fact": "RelationshipFactY: [8, 4, 'North', 'South', 2.0]", "id": 4}, {"type": "0", "fact": "RelationshipFactX: [8, 5, 'West', 'East', 10.0]", "id": 4}, {"type": "0", "fact": "RelationshipFactY: [8, 5, 'North', 'North', 0.0]", "id": 4}, {"type": "0", "fact": "RelationshipFactX: [8, 6, 'West', 'East', 6.0]", "id": 4}, {"type": "0", "fact": "RelationshipFactY: [8, 6, 'North', 'North', 0.0]", "id": 4}, {"type": "0", "fact": "RelationshipFactX: [8, 7, 'West', 'East', 2.0]", "id": 4}, {"type": "0", "fact": "RelationshipFactY: [8, 7, 'North', 'North', 0.0]", "id": 4}, {"type": "0", "fact": "RelationshipFactX: [8, 9, 'East', 'West', -2.0]", "id": 4}, {"type": "0", "fact": "RelationshipFactY: [8, 9, 'North', 'North', 0.0]", "id": 4}, {"type": "0", "fact": "RelationshipFactX: [9, 0, 'West', 'East', 6.0]", "id": 4}, {"type": "0", "fact": "RelationshipFactY: [9, 0, 'North', 'South', 4.0]", "id": 4}, {"type": "0", "fact": "RelationshipFactX: [9, 1, 'West', 'East', 10.0]", "id": 4}, {"type": "0", "fact": "RelationshipFactY: [9, 1, 'North', 'South', 2.0]", "id": 4}, {"type": "0", "fact": "RelationshipFactX: [9, 2, 'West', 'East', 5.0]", "id": 4}, {"type": "0", "fact": "RelationshipFactY: [9, 2, 'North', 'South', 2.0]", "id": 4}, {"type": "0", "fact": "RelationshipFactX: [9, 3, 'West', 'East', 0.0]", "id": 4}, {"type": "0", "fact": "RelationshipFactY: [9, 3, 'North', 'South', 2.0]", "id": 4}, {"type": "0", "fact": "RelationshipFactX: [9, 4, 'East', 'West', -1.0]", "id": 4}, {"type": "0", "fact": "RelationshipFactY: [9, 4, 'North', 'South', 2.0]", "id": 4}, {"type": "0", "fact": "RelationshipFactX: [9, 5, 'West', 'East', 14.0]", "id": 4}, {"type": "0", "fact": "RelationshipFactY: [9, 5, 'North', 'North', 0.0]", "id": 4}, {"type": "0", "fact": "RelationshipFactX: [9, 6, 'West', 'East', 10.0]", "id": 4}, {"type": "0", "fact": "RelationshipFactY: [9, 6, 'North', 'North', 0.0]", "id": 4}, {"type": "0", "fact": "RelationshipFactX: [9, 7, 'West', 'East', 6.0]", "id": 4}, {"type": "0", "fact": "RelationshipFactY: [9, 7, 'North', 'North', 0.0]", "id": 4}, {"type": "0", "fact": "RelationshipFactX: [9, 8, 'West', 'East', 2.0]", "id": 4}, {"type": "0", "fact": "RelationshipFactY: [9, 8, 'North', 'North', 0.0]", "id": 4}]