[{"type": "1", "fact": "VelocityYFact: [0, 0]", "id": 0}, {"type": "2", "fact": "VelocityYFact: [0, -1.0]", "id": 0}, {"type": "0", "fact": "VelocityXFact: [0, 0]", "id": 0}, {"type": "0", "fact": "VelocityYFact: [0, 0]", "id": 0}, {"type": "0", "fact": "AnimationFact: [0, 'chick', 1.0, 1.0]", "id": 0}, {"type": "0", "fact": "PositionXFact: [0, 4.0]", "id": 0}, {"type": "0", "fact": "PositionYFact: [0, 7.0]", "id": 0}, {"type": "0", "fact": "VelocityXFact: [1, 0]", "id": 0}, {"type": "0", "fact": "VelocityYFact: [1, 0]", "id": 0}, {"type": "0", "fact": "AnimationFact: [1, 'longblock', 1.0, 4.0]", "id": 0}, {"type": "0", "fact": "PositionXFact: [1, 21.0]", "id": 0}, {"type": "0", "fact": "PositionYFact: [1, 0.0]", "id": 0}, {"type": "0", "fact": "VariableFact: ['space', False]", "id": 0}, {"type": "0", "fact": "VariableFact: ['up', False]", "id": 0}, {"type": "0", "fact": "VariableFact: ['down', False]", "id": 0}, {"type": "0", "fact": "VariableFact: ['left', False]", "id": 0}, {"type": "0", "fact": "VariableFact: ['right', False]", "id": 0}, {"type": "0", "fact": "VariableFact: ['spacePrev', False]", "id": 0}, {"type": "0", "fact": "VariableFact: ['upPrev', False]", "id": 0}, {"type": "0", "fact": "VariableFact: ['downPrev', False]", "id": 0}, {"type": "0", "fact": "VariableFact: ['leftPrev', False]", "id": 0}, {"type": "0", "fact": "VariableFact: ['rightPrev', False]", "id": 0}, {"type": "0", "fact": "RelationshipFactX: [0, 1, 'East', 'West', -16.0]", "id": 0}, {"type": "0", "fact": "RelationshipFactY: [0, 1, 'North', 'South', 3.0]", "id": 0}, {"type": "0", "fact": "RelationshipFactX: [1, 0, 'West', 'East', 16.0]", "id": 0}, {"type": "0", "fact": "RelationshipFactY: [1, 0, 'South', 'North', -3.0]", "id": 0}, {"type": "1", "fact": "VelocityXFact: [1, 0]", "id": 1}, {"type": "2", "fact": "VelocityXFact: [1, -1.0]", "id": 1}, {"type": "0", "fact": "VelocityXFact: [0, 0]", "id": 1}, {"type": "0", "fact": "VelocityYFact: [0, -1.0]", "id": 1}, {"type": "0", "fact": "AnimationFact: [0, 'chick', 1.0, 1.0]", "id": 1}, {"type": "0", "fact": "PositionXFact: [0, 4.0]", "id": 1}, {"type": "0", "fact": "PositionYFact: [0, 7.0]", "id": 1}, {"type": "0", "fact": "VelocityXFact: [1, 0]", "id": 1}, {"type": "0", "fact": "VelocityYFact: [1, 0]", "id": 1}, {"type": "0", "fact": "AnimationFact: [1, 'longblock', 1.0, 4.0]", "id": 1}, {"type": "0", "fact": "PositionXFact: [1, 21.0]", "id": 1}, {"type": "0", "fact": "PositionYFact: [1, 0.0]", "id": 1}, {"type": "0", "fact": "VariableFact: ['space', False]", "id": 1}, {"type": "0", "fact": "VariableFact: ['up', False]", "id": 1}, {"type": "0", "fact": "VariableFact: ['down', False]", "id": 1}, {"type": "0", "fact": "VariableFact: ['left', False]", "id": 1}, {"type": "0", "fact": "VariableFact: ['right', False]", "id": 1}, {"type": "0", "fact": "VariableFact: ['spacePrev', False]", "id": 1}, {"type": "0", "fact": "VariableFact: ['upPrev', False]", "id": 1}, {"type": "0", "fact": "VariableFact: ['downPrev', False]", "id": 1}, {"type": "0", "fact": "VariableFact: ['leftPrev', False]", "id": 1}, {"type": "0", "fact": "VariableFact: ['rightPrev', False]", "id": 1}, {"type": "0", "fact": "RelationshipFactX: [0, 1, 'East', 'West', -16.0]", "id": 1}, {"type": "0", "fact": "RelationshipFactY: [0, 1, 'North', 'South', 3.0]", "id": 1}, {"type": "0", "fact": "RelationshipFactX: [1, 0, 'West', 'East', 16.0]", "id": 1}, {"type": "0", "fact": "RelationshipFactY: [1, 0, 'South', 'North', -3.0]", "id": 1}, {"type": "1", "fact": "VelocityYFact: [0, -1.0]", "id": 2}, {"type": "2", "fact": "VelocityYFact: [1, -2.0]", "id": 2}, {"type": "0", "fact": "VelocityXFact: [0, 0.0]", "id": 2}, {"type": "0", "fact": "VelocityYFact: [0, -1.0]", "id": 2}, {"type": "0", "fact": "AnimationFact: [0, 'chick', 1.0, 1.0]", "id": 2}, {"type": "0", "fact": "PositionXFact: [0, 4.0]", "id": 2}, {"type": "0", "fact": "PositionYFact: [0, 6.0]", "id": 2}, {"type": "0", "fact": "VelocityXFact: [1, -1.0]", "id": 2}, {"type": "0", "fact": "VelocityYFact: [1, 0.0]", "id": 2}, {"type": "0", "fact": "AnimationFact: [1, 'longblock', 1.0, 4.0]", "id": 2}, {"type": "0", "fact": "PositionXFact: [1, 20.0]", "id": 2}, {"type": "0", "fact": "PositionYFact: [1, 0.0]", "id": 2}, {"type": "0", "fact": "VariableFact: ['space', False]", "id": 2}, {"type": "0", "fact": "VariableFact: ['up', False]", "id": 2}, {"type": "0", "fact": "VariableFact: ['down', False]", "id": 2}, {"type": "0", "fact": "VariableFact: ['left', False]", "id": 2}, {"type": "0", "fact": "VariableFact: ['right', False]", "id": 2}, {"type": "0", "fact": "VariableFact: ['spacePrev', False]", "id": 2}, {"type": "0", "fact": "VariableFact: ['upPrev', False]", "id": 2}, {"type": "0", "fact": "VariableFact: ['downPrev', False]", "id": 2}, {"type": "0", "fact": "VariableFact: ['leftPrev', False]", "id": 2}, {"type": "0", "fact": "VariableFact: ['rightPrev', False]", "id": 2}, {"type": "0", "fact": "RelationshipFactX: [0, 1, 'East', 'West', -15.0]", "id": 2}, {"type": "0", "fact": "RelationshipFactY: [0, 1, 'North', 'South', 2.0]", "id": 2}, {"type": "0", "fact": "RelationshipFactX: [1, 0, 'West', 'East', 15.0]", "id": 2}, {"type": "0", "fact": "RelationshipFactY: [1, 0, 'South', 'North', -2.0]", "id": 2}, {"type": "1", "fact": "VelocityXFact: [1, -1.0]", "id": 3}, {"type": "2", "fact": "VelocityXFact: [0, -2.0]", "id": 3}, {"type": "0", "fact": "VelocityXFact: [0, 0.0]", "id": 3}, {"type": "0", "fact": "VelocityYFact: [0, -2.0]", "id": 3}, {"type": "0", "fact": "AnimationFact: [0, 'chick', 1.0, 1.0]", "id": 3}, {"type": "0", "fact": "PositionXFact: [0, 4.0]", "id": 3}, {"type": "0", "fact": "PositionYFact: [0, 6.0]", "id": 3}, {"type": "0", "fact": "VelocityXFact: [1, -1.0]", "id": 3}, {"type": "0", "fact": "VelocityYFact: [1, 0.0]", "id": 3}, {"type": "0", "fact": "AnimationFact: [1, 'longblock', 1.0, 4.0]", "id": 3}, {"type": "0", "fact": "PositionXFact: [1, 20.0]", "id": 3}, {"type": "0", "fact": "PositionYFact: [1, 0.0]", "id": 3}, {"type": "0", "fact": "VariableFact: ['space', False]", "id": 3}, {"type": "0", "fact": "VariableFact: ['up', False]", "id": 3}, {"type": "0", "fact": "VariableFact: ['down', False]", "id": 3}, {"type": "0", "fact": "VariableFact: ['left', False]", "id": 3}, {"type": "0", "fact": "VariableFact: ['right', False]", "id": 3}, {"type": "0", "fact": "VariableFact: ['spacePrev', False]", "id": 3}, {"type": "0", "fact": "VariableFact: ['upPrev', False]", "id": 3}, {"type": "0", "fact": "VariableFact: ['downPrev', False]", "id": 3}, {"type": "0", "fact": "VariableFact: ['leftPrev', False]", "id": 3}, {"type": "0", "fact": "VariableFact: ['rightPrev', False]", "id": 3}, {"type": "0", "fact": "RelationshipFactX: [0, 1, 'East', 'West', -15.0]", "id": 3}, {"type": "0", "fact": "RelationshipFactY: [0, 1, 'North', 'South', 2.0]", "id": 3}, {"type": "0", "fact": "RelationshipFactX: [1, 0, 'West', 'East', 15.0]", "id": 3}, {"type": "0", "fact": "RelationshipFactY: [1, 0, 'South', 'North', -2.0]", "id": 3}, {"type": "1", "fact": "VelocityYFact: [1, -2.0]", "id": 4}, {"type": "2", "fact": "VelocityYFact: [0, 1.0]", "id": 4}, {"type": "0", "fact": "VelocityXFact: [0, -2.0]", "id": 4}, {"type": "0", "fact": "VelocityYFact: [0, 0.0]", "id": 4}, {"type": "0", "fact": "AnimationFact: [0, 'longblock', 1.0, 4.0]", "id": 4}, {"type": "0", "fact": "PositionXFact: [0, 14.0]", "id": 4}, {"type": "0", "fact": "PositionYFact: [0, 0.0]", "id": 4}, {"type": "0", "fact": "VelocityXFact: [1, 0.0]", "id": 4}, {"type": "0", "fact": "VelocityYFact: [1, -2.0]", "id": 4}, {"type": "0", "fact": "AnimationFact: [1, 'chick', 1.0, 1.0]", "id": 4}, {"type": "0", "fact": "PositionXFact: [1, 4.0]", "id": 4}, {"type": "0", "fact": "PositionYFact: [1, 0.0]", "id": 4}, {"type": "0", "fact": "VariableFact: ['space', False]", "id": 4}, {"type": "0", "fact": "VariableFact: ['up', False]", "id": 4}, {"type": "0", "fact": "VariableFact: ['down', False]", "id": 4}, {"type": "0", "fact": "VariableFact: ['left', False]", "id": 4}, {"type": "0", "fact": "VariableFact: ['right', False]", "id": 4}, {"type": "0", "fact": "VariableFact: ['spacePrev', False]", "id": 4}, {"type": "0", "fact": "VariableFact: ['upPrev', False]", "id": 4}, {"type": "0", "fact": "VariableFact: ['downPrev', False]", "id": 4}, {"type": "0", "fact": "VariableFact: ['leftPrev', False]", "id": 4}, {"type": "0", "fact": "VariableFact: ['rightPrev', False]", "id": 4}, {"type": "0", "fact": "RelationshipFactX: [0, 1, 'West', 'East', 9.0]", "id": 4}, {"type": "0", "fact": "RelationshipFactY: [0, 1, 'North', 'North', 0.0]", "id": 4}, {"type": "0", "fact": "RelationshipFactX: [1, 0, 'East', 'West', -9.0]", "id": 4}, {"type": "0", "fact": "RelationshipFactY: [1, 0, 'North', 'North', 0.0]", "id": 4}]