Game Name,i,j,Engine Conditions,Simple Engine Conditions,Engine Future Error,Simple Engine Future Error
Sokoban1,2,3,0,0,3,3
Sokoban1,2,4,0,0,12,12
Sokoban1,2,5,0,0,17,17
Sokoban1,2,6,0,0,24,24
Sokoban1,2,7,0,0,29,29
Sokoban1,2,8,0,0,34,34
Sokoban1,2,9,0,0,37,37
Sokoban1,2,10,0,0,44,44
Sokoban1,2,11,0,0,51,51
Sokoban1,2,12,0,0,58,58
Sokoban1,2,13,0,0,67,67
Sokoban1,2,14,0,0,72,72
Sokoban1,2,15,0,0,75,75
Sokoban1,2,16,0,0,82,82
Sokoban1,2,17,0,0,89,89
Sokoban1,2,18,0,0,94,94
Sokoban1,2,19,0,0,99,99
Sokoban1,2,20,0,0,102,102
Sokoban1,2,21,0,0,109,109
Sokoban1,2,22,0,0,114,114
Sokoban1,2,23,0,0,119,119
Sokoban1,2,24,0,0,126,126
Sokoban1,2,25,0,0,133,133
Sokoban1,2,26,0,0,138,138
Sokoban1,2,27,0,0,145,145
Sokoban1,2,28,0,0,154,154
Sokoban1,2,29,0,0,163,163
Sokoban1,2,30,0,0,170,170
Sokoban1,2,31,0,0,177,177
Sokoban1,2,32,0,0,182,182
Sokoban1,2,33,0,0,187,187
Sokoban1,2,34,0,0,190,190
Sokoban1,2,35,0,0,193,193
Sokoban1,2,36,0,0,200,200
Sokoban1,2,37,0,0,207,207
Sokoban1,2,38,0,0,214,214
Sokoban1,2,39,0,0,223,223
Sokoban1,2,40,0,0,232,232
Sokoban1,2,41,0,0,239,239
Sokoban1,3,4,24,11,9,9
Sokoban1,3,5,24,11,14,14
Sokoban1,3,6,24,11,21,21
Sokoban1,3,7,24,11,26,26
Sokoban1,3,8,24,11,31,31
Sokoban1,3,9,24,11,34,34
Sokoban1,3,10,24,11,41,41
Sokoban1,3,11,24,11,48,48
Sokoban1,3,12,24,11,55,55
Sokoban1,3,13,24,11,64,64
Sokoban1,3,14,24,11,69,69
Sokoban1,3,15,24,11,72,72
Sokoban1,3,16,24,11,79,79
Sokoban1,3,17,24,11,86,86
Sokoban1,3,18,24,11,91,91
Sokoban1,3,19,24,11,96,96
Sokoban1,3,20,24,11,99,99
Sokoban1,3,21,24,11,106,106
Sokoban1,3,22,24,11,111,111
Sokoban1,3,23,24,11,116,116
Sokoban1,3,24,24,11,123,123
Sokoban1,3,25,24,11,130,130
Sokoban1,3,26,24,11,135,135
Sokoban1,3,27,24,11,142,142
Sokoban1,3,28,24,11,151,151
Sokoban1,3,29,24,11,160,160
Sokoban1,3,30,24,11,167,167
Sokoban1,3,31,24,11,174,174
Sokoban1,3,32,24,11,179,179
Sokoban1,3,33,24,11,184,184
Sokoban1,3,34,24,11,187,187
Sokoban1,3,35,24,11,190,190
Sokoban1,3,36,24,11,197,197
Sokoban1,3,37,24,11,204,204
Sokoban1,3,38,24,11,211,211
Sokoban1,3,39,24,11,220,220
Sokoban1,3,40,24,11,229,229
Sokoban1,3,41,24,11,236,236
Sokoban1,4,5,48,19,5,5
Sokoban1,4,6,48,19,12,12
Sokoban1,4,7,48,19,17,17
Sokoban1,4,8,48,19,22,22
Sokoban1,4,9,48,19,25,25
Sokoban1,4,10,48,19,32,32
Sokoban1,4,11,48,19,39,39
Sokoban1,4,12,48,19,46,46
Sokoban1,4,13,48,19,55,55
Sokoban1,4,14,48,19,60,60
Sokoban1,4,15,48,19,63,63
Sokoban1,4,16,48,19,70,70
Sokoban1,4,17,48,19,77,77
Sokoban1,4,18,48,19,82,82
Sokoban1,4,19,48,19,87,87
Sokoban1,4,20,48,19,90,90
Sokoban1,4,21,48,19,97,97
Sokoban1,4,22,48,19,102,102
Sokoban1,4,23,48,19,107,107
Sokoban1,4,24,48,19,114,114
Sokoban1,4,25,48,19,121,121
Sokoban1,4,26,48,19,126,126
Sokoban1,4,27,48,19,133,133
Sokoban1,4,28,48,19,142,142
Sokoban1,4,29,48,19,151,151
Sokoban1,4,30,48,19,158,158
Sokoban1,4,31,48,19,165,165
Sokoban1,4,32,48,19,170,170
Sokoban1,4,33,48,19,175,175
Sokoban1,4,34,48,19,178,178
Sokoban1,4,35,48,19,181,181
Sokoban1,4,36,48,19,188,188
Sokoban1,4,37,48,19,195,195
Sokoban1,4,38,48,19,202,202
Sokoban1,4,39,48,19,211,211
Sokoban1,4,40,48,19,220,220
Sokoban1,4,41,48,19,227,227
Sokoban1,5,6,67,26,7,7
Sokoban1,5,7,67,26,12,12
Sokoban1,5,8,67,26,17,17
Sokoban1,5,9,67,26,20,20
Sokoban1,5,10,67,26,27,27
Sokoban1,5,11,67,26,34,34
Sokoban1,5,12,67,26,41,41
Sokoban1,5,13,67,26,50,50
Sokoban1,5,14,67,26,55,55
Sokoban1,5,15,67,26,58,58
Sokoban1,5,16,67,26,65,65
Sokoban1,5,17,67,26,72,72
Sokoban1,5,18,67,26,77,77
Sokoban1,5,19,67,26,82,82
Sokoban1,5,20,67,26,85,85
Sokoban1,5,21,67,26,92,92
Sokoban1,5,22,67,26,97,97
Sokoban1,5,23,67,26,102,102
Sokoban1,5,24,67,26,109,109
Sokoban1,5,25,67,26,116,116
Sokoban1,5,26,67,26,121,121
Sokoban1,5,27,67,26,128,128
Sokoban1,5,28,67,26,137,137
Sokoban1,5,29,67,26,146,146
Sokoban1,5,30,67,26,153,153
Sokoban1,5,31,67,26,160,160
Sokoban1,5,32,67,26,165,165
Sokoban1,5,33,67,26,170,170
Sokoban1,5,34,67,26,173,173
Sokoban1,5,35,67,26,176,176
Sokoban1,5,36,67,26,183,183
Sokoban1,5,37,67,26,190,190
Sokoban1,5,38,67,26,197,197
Sokoban1,5,39,67,26,206,206
Sokoban1,5,40,67,26,215,215
Sokoban1,5,41,67,26,222,222
Sokoban1,6,7,84,29,5,5
Sokoban1,6,8,84,29,10,10
Sokoban1,6,9,84,29,13,13
Sokoban1,6,10,84,29,20,20
Sokoban1,6,11,84,29,27,27
Sokoban1,6,12,84,29,34,34
Sokoban1,6,13,84,29,43,43
Sokoban1,6,14,84,29,48,48
Sokoban1,6,15,84,29,51,51
Sokoban1,6,16,84,29,58,58
Sokoban1,6,17,84,29,65,65
Sokoban1,6,18,84,29,70,70
Sokoban1,6,19,84,29,75,75
Sokoban1,6,20,84,29,78,78
Sokoban1,6,21,84,29,85,85
Sokoban1,6,22,84,29,90,90
Sokoban1,6,23,84,29,95,95
Sokoban1,6,24,84,29,102,102
Sokoban1,6,25,84,29,109,109
Sokoban1,6,26,84,29,114,114
Sokoban1,6,27,84,29,121,121
Sokoban1,6,28,84,29,130,130
Sokoban1,6,29,84,29,139,139
Sokoban1,6,30,84,29,146,146
Sokoban1,6,31,84,29,153,153
Sokoban1,6,32,84,29,158,158
Sokoban1,6,33,84,29,163,163
Sokoban1,6,34,84,29,166,166
Sokoban1,6,35,84,29,169,169
Sokoban1,6,36,84,29,176,176
Sokoban1,6,37,84,29,183,183
Sokoban1,6,38,84,29,190,190
Sokoban1,6,39,84,29,199,199
Sokoban1,6,40,84,29,208,208
Sokoban1,6,41,84,29,215,215
Sokoban1,7,8,108,40,5,5
Sokoban1,7,9,108,40,8,8
Sokoban1,7,10,108,40,15,15
Sokoban1,7,11,108,40,22,22
Sokoban1,7,12,108,40,29,29
Sokoban1,7,13,108,40,38,38
Sokoban1,7,14,108,40,43,43
Sokoban1,7,15,108,40,46,46
Sokoban1,7,16,108,40,53,53
Sokoban1,7,17,108,40,60,60
Sokoban1,7,18,108,40,65,65
Sokoban1,7,19,108,40,70,70
Sokoban1,7,20,108,40,73,73
Sokoban1,7,21,108,40,80,80
Sokoban1,7,22,108,40,85,85
Sokoban1,7,23,108,40,90,90
Sokoban1,7,24,108,40,97,97
Sokoban1,7,25,108,40,104,104
Sokoban1,7,26,108,40,109,109
Sokoban1,7,27,108,40,116,116
Sokoban1,7,28,108,40,125,125
Sokoban1,7,29,108,40,134,134
Sokoban1,7,30,108,40,141,141
Sokoban1,7,31,108,40,148,148
Sokoban1,7,32,108,40,153,153
Sokoban1,7,33,108,40,158,158
Sokoban1,7,34,108,40,161,161
Sokoban1,7,35,108,40,164,164
Sokoban1,7,36,108,40,171,171
Sokoban1,7,37,108,40,178,178
Sokoban1,7,38,108,40,185,185
Sokoban1,7,39,108,40,194,194
Sokoban1,7,40,108,40,203,203
Sokoban1,7,41,108,40,210,210
Sokoban1,8,9,132,53,3,3
Sokoban1,8,10,132,53,10,10
Sokoban1,8,11,132,53,17,17
Sokoban1,8,12,132,53,24,24
Sokoban1,8,13,132,53,33,33
Sokoban1,8,14,132,53,38,38
Sokoban1,8,15,132,53,41,41
Sokoban1,8,16,132,53,48,48
Sokoban1,8,17,132,53,55,55
Sokoban1,8,18,132,53,60,60
Sokoban1,8,19,132,53,65,65
Sokoban1,8,20,132,53,68,68
Sokoban1,8,21,132,53,75,75
Sokoban1,8,22,132,53,80,80
Sokoban1,8,23,132,53,85,85
Sokoban1,8,24,132,53,92,92
Sokoban1,8,25,132,53,99,99
Sokoban1,8,26,132,53,104,104
Sokoban1,8,27,132,53,111,111
Sokoban1,8,28,132,53,120,120
Sokoban1,8,29,132,53,129,129
Sokoban1,8,30,132,53,136,136
Sokoban1,8,31,132,53,143,143
Sokoban1,8,32,132,53,148,148
Sokoban1,8,33,132,53,153,153
Sokoban1,8,34,132,53,156,156
Sokoban1,8,35,132,53,159,159
Sokoban1,8,36,132,53,166,166
Sokoban1,8,37,132,53,173,173
Sokoban1,8,38,132,53,180,180
Sokoban1,8,39,132,53,189,189
Sokoban1,8,40,132,53,198,198
Sokoban1,8,41,132,53,205,205
Sokoban1,9,10,127,48,7,7
Sokoban1,9,11,127,48,14,14
Sokoban1,9,12,127,48,21,21
Sokoban1,9,13,127,48,30,30
Sokoban1,9,14,127,48,35,35
Sokoban1,9,15,127,48,38,38
Sokoban1,9,16,127,48,45,45
Sokoban1,9,17,127,48,52,52
Sokoban1,9,18,127,48,57,57
Sokoban1,9,19,127,48,62,62
Sokoban1,9,20,127,48,65,65
Sokoban1,9,21,127,48,72,72
Sokoban1,9,22,127,48,77,77
Sokoban1,9,23,127,48,82,82
Sokoban1,9,24,127,48,89,89
Sokoban1,9,25,127,48,96,96
Sokoban1,9,26,127,48,101,101
Sokoban1,9,27,127,48,108,108
Sokoban1,9,28,127,48,117,117
Sokoban1,9,29,127,48,126,126
Sokoban1,9,30,127,48,133,133
Sokoban1,9,31,127,48,140,140
Sokoban1,9,32,127,48,145,145
Sokoban1,9,33,127,48,150,150
Sokoban1,9,34,127,48,153,153
Sokoban1,9,35,127,48,156,156
Sokoban1,9,36,127,48,163,163
Sokoban1,9,37,127,48,170,170
Sokoban1,9,38,127,48,177,177
Sokoban1,9,39,127,48,186,186
Sokoban1,9,40,127,48,195,195
Sokoban1,9,41,127,48,202,202
Sokoban1,10,11,122,43,7,7
Sokoban1,10,12,122,43,14,14
Sokoban1,10,13,122,43,23,23
Sokoban1,10,14,122,43,28,28
Sokoban1,10,15,122,43,31,31
Sokoban1,10,16,122,43,38,38
Sokoban1,10,17,122,43,45,45
Sokoban1,10,18,122,43,50,50
Sokoban1,10,19,122,43,55,55
Sokoban1,10,20,122,43,58,58
Sokoban1,10,21,122,43,65,65
Sokoban1,10,22,122,43,70,70
Sokoban1,10,23,122,43,75,75
Sokoban1,10,24,122,43,82,82
Sokoban1,10,25,122,43,89,89
Sokoban1,10,26,122,43,94,94
Sokoban1,10,27,122,43,101,101
Sokoban1,10,28,122,43,110,110
Sokoban1,10,29,122,43,119,119
Sokoban1,10,30,122,43,126,126
Sokoban1,10,31,122,43,133,133
Sokoban1,10,32,122,43,138,138
Sokoban1,10,33,122,43,143,143
Sokoban1,10,34,122,43,146,146
Sokoban1,10,35,122,43,149,149
Sokoban1,10,36,122,43,156,156
Sokoban1,10,37,122,43,163,163
Sokoban1,10,38,122,43,170,170
Sokoban1,10,39,122,43,179,179
Sokoban1,10,40,122,43,188,188
Sokoban1,10,41,122,43,195,195
Sokoban1,11,12,121,42,7,7
Sokoban1,11,13,121,42,16,16
Sokoban1,11,14,121,42,21,21
Sokoban1,11,15,121,42,24,24
Sokoban1,11,16,121,42,31,31
Sokoban1,11,17,121,42,38,38
Sokoban1,11,18,121,42,43,43
Sokoban1,11,19,121,42,48,48
Sokoban1,11,20,121,42,51,51
Sokoban1,11,21,121,42,58,58
Sokoban1,11,22,121,42,63,63
Sokoban1,11,23,121,42,68,68
Sokoban1,11,24,121,42,75,75
Sokoban1,11,25,121,42,82,82
Sokoban1,11,26,121,42,87,87
Sokoban1,11,27,121,42,94,94
Sokoban1,11,28,121,42,103,103
Sokoban1,11,29,121,42,112,112
Sokoban1,11,30,121,42,119,119
Sokoban1,11,31,121,42,126,126
Sokoban1,11,32,121,42,131,131
Sokoban1,11,33,121,42,136,136
Sokoban1,11,34,121,42,139,139
Sokoban1,11,35,121,42,142,142
Sokoban1,11,36,121,42,149,149
Sokoban1,11,37,121,42,156,156
Sokoban1,11,38,121,42,163,163
Sokoban1,11,39,121,42,172,172
Sokoban1,11,40,121,42,181,181
Sokoban1,11,41,121,42,188,188
Sokoban1,12,13,121,42,9,9
Sokoban1,12,14,121,42,14,14
Sokoban1,12,15,121,42,17,17
Sokoban1,12,16,121,42,24,24
Sokoban1,12,17,121,42,31,31
Sokoban1,12,18,121,42,36,36
Sokoban1,12,19,121,42,41,41
Sokoban1,12,20,121,42,44,44
Sokoban1,12,21,121,42,51,51
Sokoban1,12,22,121,42,56,56
Sokoban1,12,23,121,42,61,61
Sokoban1,12,24,121,42,68,68
Sokoban1,12,25,121,42,75,75
Sokoban1,12,26,121,42,80,80
Sokoban1,12,27,121,42,87,87
Sokoban1,12,28,121,42,96,96
Sokoban1,12,29,121,42,105,105
Sokoban1,12,30,121,42,112,112
Sokoban1,12,31,121,42,119,119
Sokoban1,12,32,121,42,124,124
Sokoban1,12,33,121,42,129,129
Sokoban1,12,34,121,42,132,132
Sokoban1,12,35,121,42,135,135
Sokoban1,12,36,121,42,142,142
Sokoban1,12,37,121,42,149,149
Sokoban1,12,38,121,42,156,156
Sokoban1,12,39,121,42,165,165
Sokoban1,12,40,121,42,174,174
Sokoban1,12,41,121,42,181,181
Sokoban1,13,14,145,65,5,5
Sokoban1,13,15,145,65,8,8
Sokoban1,13,16,145,65,15,15
Sokoban1,13,17,145,65,22,22
Sokoban1,13,18,145,65,27,27
Sokoban1,13,19,145,65,32,32
Sokoban1,13,20,145,65,35,35
Sokoban1,13,21,145,65,42,42
Sokoban1,13,22,145,65,47,47
Sokoban1,13,23,145,65,52,52
Sokoban1,13,24,145,65,59,59
Sokoban1,13,25,145,65,66,66
Sokoban1,13,26,145,65,71,71
Sokoban1,13,27,145,65,78,78
Sokoban1,13,28,145,65,87,87
Sokoban1,13,29,145,65,96,96
Sokoban1,13,30,145,65,103,103
Sokoban1,13,31,145,65,110,110
Sokoban1,13,32,145,65,115,115
Sokoban1,13,33,145,65,120,120
Sokoban1,13,34,145,65,123,123
Sokoban1,13,35,145,65,126,126
Sokoban1,13,36,145,65,133,133
Sokoban1,13,37,145,65,140,140
Sokoban1,13,38,145,65,147,147
Sokoban1,13,39,145,65,156,156
Sokoban1,13,40,145,65,165,165
Sokoban1,13,41,145,65,172,172
Sokoban1,14,15,145,65,3,3
Sokoban1,14,16,145,65,10,10
Sokoban1,14,17,145,65,17,17
Sokoban1,14,18,145,65,22,22
Sokoban1,14,19,145,65,27,27
Sokoban1,14,20,145,65,30,30
Sokoban1,14,21,145,65,37,37
Sokoban1,14,22,145,65,42,42
Sokoban1,14,23,145,65,47,47
Sokoban1,14,24,145,65,54,54
Sokoban1,14,25,145,65,61,61
Sokoban1,14,26,145,65,66,66
Sokoban1,14,27,145,65,73,73
Sokoban1,14,28,145,65,82,82
Sokoban1,14,29,145,65,91,91
Sokoban1,14,30,145,65,98,98
Sokoban1,14,31,145,65,105,105
Sokoban1,14,32,145,65,110,110
Sokoban1,14,33,145,65,115,115
Sokoban1,14,34,145,65,118,118
Sokoban1,14,35,145,65,121,121
Sokoban1,14,36,145,65,128,128
Sokoban1,14,37,145,65,135,135
Sokoban1,14,38,145,65,142,142
Sokoban1,14,39,145,65,151,151
Sokoban1,14,40,145,65,160,160
Sokoban1,14,41,145,65,167,167
Sokoban1,15,16,160,69,7,7
Sokoban1,15,17,160,69,14,14
Sokoban1,15,18,160,69,19,19
Sokoban1,15,19,160,69,24,24
Sokoban1,15,20,160,69,27,27
Sokoban1,15,21,160,69,34,34
Sokoban1,15,22,160,69,39,39
Sokoban1,15,23,160,69,44,44
Sokoban1,15,24,160,69,51,51
Sokoban1,15,25,160,69,58,58
Sokoban1,15,26,160,69,63,63
Sokoban1,15,27,160,69,70,70
Sokoban1,15,28,160,69,79,79
Sokoban1,15,29,160,69,88,88
Sokoban1,15,30,160,69,95,95
Sokoban1,15,31,160,69,102,102
Sokoban1,15,32,160,69,107,107
Sokoban1,15,33,160,69,112,112
Sokoban1,15,34,160,69,115,115
Sokoban1,15,35,160,69,118,118
Sokoban1,15,36,160,69,125,125
Sokoban1,15,37,160,69,132,132
Sokoban1,15,38,160,69,139,139
Sokoban1,15,39,160,69,148,148
Sokoban1,15,40,160,69,157,157
Sokoban1,15,41,160,69,164,164
Sokoban1,16,17,159,68,7,7
Sokoban1,16,18,159,68,12,12
Sokoban1,16,19,159,68,17,17
Sokoban1,16,20,159,68,20,20
Sokoban1,16,21,159,68,27,27
Sokoban1,16,22,159,68,32,32
Sokoban1,16,23,159,68,37,37
Sokoban1,16,24,159,68,44,44
Sokoban1,16,25,159,68,51,51
Sokoban1,16,26,159,68,56,56
Sokoban1,16,27,159,68,63,63
Sokoban1,16,28,159,68,72,72
Sokoban1,16,29,159,68,81,81
Sokoban1,16,30,159,68,88,88
Sokoban1,16,31,159,68,95,95
Sokoban1,16,32,159,68,100,100
Sokoban1,16,33,159,68,105,105
Sokoban1,16,34,159,68,108,108
Sokoban1,16,35,159,68,111,111
Sokoban1,16,36,159,68,118,118
Sokoban1,16,37,159,68,125,125
Sokoban1,16,38,159,68,132,132
Sokoban1,16,39,159,68,141,141
Sokoban1,16,40,159,68,150,150
Sokoban1,16,41,159,68,157,157
Sokoban1,17,18,158,67,5,5
Sokoban1,17,19,158,67,10,10
Sokoban1,17,20,158,67,13,13
Sokoban1,17,21,158,67,20,20
Sokoban1,17,22,158,67,25,25
Sokoban1,17,23,158,67,30,30
Sokoban1,17,24,158,67,37,37
Sokoban1,17,25,158,67,44,44
Sokoban1,17,26,158,67,49,49
Sokoban1,17,27,158,67,56,56
Sokoban1,17,28,158,67,65,65
Sokoban1,17,29,158,67,74,74
Sokoban1,17,30,158,67,81,81
Sokoban1,17,31,158,67,88,88
Sokoban1,17,32,158,67,93,93
Sokoban1,17,33,158,67,98,98
Sokoban1,17,34,158,67,101,101
Sokoban1,17,35,158,67,104,104
Sokoban1,17,36,158,67,111,111
Sokoban1,17,37,158,67,118,118
Sokoban1,17,38,158,67,125,125
Sokoban1,17,39,158,67,134,134
Sokoban1,17,40,158,67,143,143
Sokoban1,17,41,158,67,150,150
Sokoban1,18,19,158,67,5,5
Sokoban1,18,20,158,67,8,8
Sokoban1,18,21,158,67,15,15
Sokoban1,18,22,158,67,20,20
Sokoban1,18,23,158,67,25,25
Sokoban1,18,24,158,67,32,32
Sokoban1,18,25,158,67,39,39
Sokoban1,18,26,158,67,44,44
Sokoban1,18,27,158,67,51,51
Sokoban1,18,28,158,67,60,60
Sokoban1,18,29,158,67,69,69
Sokoban1,18,30,158,67,76,76
Sokoban1,18,31,158,67,83,83
Sokoban1,18,32,158,67,88,88
Sokoban1,18,33,158,67,93,93
Sokoban1,18,34,158,67,96,96
Sokoban1,18,35,158,67,99,99
Sokoban1,18,36,158,67,106,106
Sokoban1,18,37,158,67,113,113
Sokoban1,18,38,158,67,120,120
Sokoban1,18,39,158,67,129,129
Sokoban1,18,40,158,67,138,138
Sokoban1,18,41,158,67,145,145
Sokoban1,19,20,158,67,3,3
Sokoban1,19,21,158,67,10,10
Sokoban1,19,22,158,67,15,15
Sokoban1,19,23,158,67,20,20
Sokoban1,19,24,158,67,27,27
Sokoban1,19,25,158,67,34,34
Sokoban1,19,26,158,67,39,39
Sokoban1,19,27,158,67,46,46
Sokoban1,19,28,158,67,55,55
Sokoban1,19,29,158,67,64,64
Sokoban1,19,30,158,67,71,71
Sokoban1,19,31,158,67,78,78
Sokoban1,19,32,158,67,83,83
Sokoban1,19,33,158,67,88,88
Sokoban1,19,34,158,67,91,91
Sokoban1,19,35,158,67,94,94
Sokoban1,19,36,158,67,101,101
Sokoban1,19,37,158,67,108,108
Sokoban1,19,38,158,67,115,115
Sokoban1,19,39,158,67,124,124
Sokoban1,19,40,158,67,133,133
Sokoban1,19,41,158,67,140,140
Sokoban1,20,21,158,67,7,7
Sokoban1,20,22,158,67,12,12
Sokoban1,20,23,158,67,17,17
Sokoban1,20,24,158,67,24,24
Sokoban1,20,25,158,67,31,31
Sokoban1,20,26,158,67,36,36
Sokoban1,20,27,158,67,43,43
Sokoban1,20,28,158,67,52,52
Sokoban1,20,29,158,67,61,61
Sokoban1,20,30,158,67,68,68
Sokoban1,20,31,158,67,75,75
Sokoban1,20,32,158,67,80,80
Sokoban1,20,33,158,67,85,85
Sokoban1,20,34,158,67,88,88
Sokoban1,20,35,158,67,91,91
Sokoban1,20,36,158,67,98,98
Sokoban1,20,37,158,67,105,105
Sokoban1,20,38,158,67,112,112
Sokoban1,20,39,158,67,121,121
Sokoban1,20,40,158,67,130,130
Sokoban1,20,41,158,67,137,137
Sokoban1,21,22,158,67,5,5
Sokoban1,21,23,158,67,10,10
Sokoban1,21,24,158,67,17,17
Sokoban1,21,25,158,67,24,24
Sokoban1,21,26,158,67,29,29
Sokoban1,21,27,158,67,36,36
Sokoban1,21,28,158,67,45,45
Sokoban1,21,29,158,67,54,54
Sokoban1,21,30,158,67,61,61
Sokoban1,21,31,158,67,68,68
Sokoban1,21,32,158,67,73,73
Sokoban1,21,33,158,67,78,78
Sokoban1,21,34,158,67,81,81
Sokoban1,21,35,158,67,84,84
Sokoban1,21,36,158,67,91,91
Sokoban1,21,37,158,67,98,98
Sokoban1,21,38,158,67,105,105
Sokoban1,21,39,158,67,114,114
Sokoban1,21,40,158,67,123,123
Sokoban1,21,41,158,67,130,130
Sokoban1,22,23,158,67,5,5
Sokoban1,22,24,158,67,12,12
Sokoban1,22,25,158,67,19,19
Sokoban1,22,26,158,67,24,24
Sokoban1,22,27,158,67,31,31
Sokoban1,22,28,158,67,40,40
Sokoban1,22,29,158,67,49,49
Sokoban1,22,30,158,67,56,56
Sokoban1,22,31,158,67,63,63
Sokoban1,22,32,158,67,68,68
Sokoban1,22,33,158,67,73,73
Sokoban1,22,34,158,67,76,76
Sokoban1,22,35,158,67,79,79
Sokoban1,22,36,158,67,86,86
Sokoban1,22,37,158,67,93,93
Sokoban1,22,38,158,67,100,100
Sokoban1,22,39,158,67,109,109
Sokoban1,22,40,158,67,118,118
Sokoban1,22,41,158,67,125,125
Sokoban1,23,24,158,67,7,7
Sokoban1,23,25,158,67,14,14
Sokoban1,23,26,158,67,19,19
Sokoban1,23,27,158,67,26,26
Sokoban1,23,28,158,67,35,35
Sokoban1,23,29,158,67,44,44
Sokoban1,23,30,158,67,51,51
Sokoban1,23,31,158,67,58,58
Sokoban1,23,32,158,67,63,63
Sokoban1,23,33,158,67,68,68
Sokoban1,23,34,158,67,71,71
Sokoban1,23,35,158,67,74,74
Sokoban1,23,36,158,67,81,81
Sokoban1,23,37,158,67,88,88
Sokoban1,23,38,158,67,95,95
Sokoban1,23,39,158,67,104,104
Sokoban1,23,40,158,67,113,113
Sokoban1,23,41,158,67,120,120
Sokoban1,24,25,157,66,7,7
Sokoban1,24,26,157,66,12,12
Sokoban1,24,27,157,66,19,19
Sokoban1,24,28,157,66,28,28
Sokoban1,24,29,157,66,37,37
Sokoban1,24,30,157,66,44,44
Sokoban1,24,31,157,66,51,51
Sokoban1,24,32,157,66,56,56
Sokoban1,24,33,157,66,61,61
Sokoban1,24,34,157,66,64,64
Sokoban1,24,35,157,66,67,67
Sokoban1,24,36,157,66,74,74
Sokoban1,24,37,157,66,81,81
Sokoban1,24,38,157,66,88,88
Sokoban1,24,39,157,66,97,97
Sokoban1,24,40,157,66,106,106
Sokoban1,24,41,157,66,113,113
Sokoban1,25,26,157,66,5,5
Sokoban1,25,27,157,66,12,12
Sokoban1,25,28,157,66,21,21
Sokoban1,25,29,157,66,30,30
Sokoban1,25,30,157,66,37,37
Sokoban1,25,31,157,66,44,44
Sokoban1,25,32,157,66,49,49
Sokoban1,25,33,157,66,54,54
Sokoban1,25,34,157,66,57,57
Sokoban1,25,35,157,66,60,60
Sokoban1,25,36,157,66,67,67
Sokoban1,25,37,157,66,74,74
Sokoban1,25,38,157,66,81,81
Sokoban1,25,39,157,66,90,90
Sokoban1,25,40,157,66,99,99
Sokoban1,25,41,157,66,106,106
Sokoban1,26,27,157,66,7,7
Sokoban1,26,28,157,66,16,16
Sokoban1,26,29,157,66,25,25
Sokoban1,26,30,157,66,32,32
Sokoban1,26,31,157,66,39,39
Sokoban1,26,32,157,66,44,44
Sokoban1,26,33,157,66,49,49
Sokoban1,26,34,157,66,52,52
Sokoban1,26,35,157,66,55,55
Sokoban1,26,36,157,66,62,62
Sokoban1,26,37,157,66,69,69
Sokoban1,26,38,157,66,76,76
Sokoban1,26,39,157,66,85,85
Sokoban1,26,40,157,66,94,94
Sokoban1,26,41,157,66,101,101
Sokoban1,27,28,157,66,9,9
Sokoban1,27,29,157,66,18,18
Sokoban1,27,30,157,66,25,25
Sokoban1,27,31,157,66,32,32
Sokoban1,27,32,157,66,37,37
Sokoban1,27,33,157,66,42,42
Sokoban1,27,34,157,66,45,45
Sokoban1,27,35,157,66,48,48
Sokoban1,27,36,157,66,55,55
Sokoban1,27,37,157,66,62,62
Sokoban1,27,38,157,66,69,69
Sokoban1,27,39,157,66,78,78
Sokoban1,27,40,157,66,87,87
Sokoban1,27,41,157,66,94,94
Sokoban1,28,29,157,66,9,9
Sokoban1,28,30,157,66,16,16
Sokoban1,28,31,157,66,23,23
Sokoban1,28,32,157,66,28,28
Sokoban1,28,33,157,66,33,33
Sokoban1,28,34,157,66,36,36
Sokoban1,28,35,157,66,39,39
Sokoban1,28,36,157,66,46,46
Sokoban1,28,37,157,66,53,53
Sokoban1,28,38,157,66,60,60
Sokoban1,28,39,157,66,69,69
Sokoban1,28,40,157,66,78,78
Sokoban1,28,41,157,66,85,85
Sokoban1,29,30,181,90,7,7
Sokoban1,29,31,181,90,14,14
Sokoban1,29,32,181,90,19,19
Sokoban1,29,33,181,90,24,24
Sokoban1,29,34,181,90,27,27
Sokoban1,29,35,181,90,30,30
Sokoban1,29,36,181,90,37,37
Sokoban1,29,37,181,90,44,44
Sokoban1,29,38,181,90,51,51
Sokoban1,29,39,181,90,60,60
Sokoban1,29,40,181,90,69,69
Sokoban1,29,41,181,90,76,76
Sokoban1,30,31,181,90,7,7
Sokoban1,30,32,181,90,12,12
Sokoban1,30,33,181,90,17,17
Sokoban1,30,34,181,90,20,20
Sokoban1,30,35,181,90,23,23
Sokoban1,30,36,181,90,30,30
Sokoban1,30,37,181,90,37,37
Sokoban1,30,38,181,90,44,44
Sokoban1,30,39,181,90,53,53
Sokoban1,30,40,181,90,62,62
Sokoban1,30,41,181,90,69,69
Sokoban1,31,32,175,84,5,5
Sokoban1,31,33,175,84,10,10
Sokoban1,31,34,175,84,13,13
Sokoban1,31,35,175,84,16,16
Sokoban1,31,36,175,84,23,23
Sokoban1,31,37,175,84,30,30
Sokoban1,31,38,175,84,37,37
Sokoban1,31,39,175,84,46,46
Sokoban1,31,40,175,84,55,55
Sokoban1,31,41,175,84,62,62
Sokoban1,32,33,175,84,5,5
Sokoban1,32,34,175,84,8,8
Sokoban1,32,35,175,84,11,11
Sokoban1,32,36,175,84,18,18
Sokoban1,32,37,175,84,25,25
Sokoban1,32,38,175,84,32,32
Sokoban1,32,39,175,84,41,41
Sokoban1,32,40,175,84,50,50
Sokoban1,32,41,175,84,57,57
Sokoban1,33,34,175,84,3,3
Sokoban1,33,35,175,84,6,6
Sokoban1,33,36,175,84,13,13
Sokoban1,33,37,175,84,20,20
Sokoban1,33,38,175,84,27,27
Sokoban1,33,39,175,84,36,36
Sokoban1,33,40,175,84,45,45
Sokoban1,33,41,175,84,52,52
Sokoban1,34,35,175,84,3,3
Sokoban1,34,36,175,84,10,10
Sokoban1,34,37,175,84,17,17
Sokoban1,34,38,175,84,24,24
Sokoban1,34,39,175,84,33,33
Sokoban1,34,40,175,84,42,42
Sokoban1,34,41,175,84,49,49
Sokoban1,35,36,175,84,7,7
Sokoban1,35,37,175,84,14,14
Sokoban1,35,38,175,84,21,21
Sokoban1,35,39,175,84,30,30
Sokoban1,35,40,175,84,39,39
Sokoban1,35,41,175,84,46,46
Sokoban1,36,37,175,84,7,7
Sokoban1,36,38,175,84,14,14
Sokoban1,36,39,175,84,23,23
Sokoban1,36,40,175,84,32,32
Sokoban1,36,41,175,84,39,39
Sokoban1,37,38,175,84,7,7
Sokoban1,37,39,175,84,16,16
Sokoban1,37,40,175,84,25,25
Sokoban1,37,41,175,84,32,32
Sokoban1,38,39,175,84,9,9
Sokoban1,38,40,175,84,18,18
Sokoban1,38,41,175,84,25,25
Sokoban1,39,40,175,84,9,9
Sokoban1,39,41,175,84,16,16
Sokoban1,40,41,199,108,7,7
Sokoban2,2,3,0,0,3,3
Sokoban2,2,4,0,0,12,12
Sokoban2,2,5,0,0,17,17
Sokoban2,2,6,0,0,24,24
Sokoban2,2,7,0,0,29,29
Sokoban2,2,8,0,0,34,34
Sokoban2,2,9,0,0,37,37
Sokoban2,2,10,0,0,44,44
Sokoban2,2,11,0,0,51,51
Sokoban2,2,12,0,0,58,58
Sokoban2,2,13,0,0,61,61
Sokoban2,2,14,0,0,68,68
Sokoban2,2,15,0,0,75,75
Sokoban2,2,16,0,0,80,80
Sokoban2,2,17,0,0,83,83
Sokoban2,2,18,0,0,90,90
Sokoban2,2,19,0,0,97,97
Sokoban2,2,20,0,0,102,102
Sokoban2,2,21,0,0,111,111
Sokoban2,2,22,0,0,116,116
Sokoban2,2,23,0,0,119,119
Sokoban2,2,24,0,0,126,126
Sokoban2,2,25,0,0,131,131
Sokoban2,2,26,0,0,134,134
Sokoban2,2,27,0,0,141,141
Sokoban2,2,28,0,0,146,146
Sokoban2,2,29,0,0,155,155
Sokoban2,2,30,0,0,160,160
Sokoban2,2,31,0,0,169,169
Sokoban2,3,4,24,13,9,9
Sokoban2,3,5,24,13,14,14
Sokoban2,3,6,24,13,21,21
Sokoban2,3,7,24,13,26,26
Sokoban2,3,8,24,13,31,31
Sokoban2,3,9,24,13,34,34
Sokoban2,3,10,24,13,41,41
Sokoban2,3,11,24,13,48,48
Sokoban2,3,12,24,13,55,55
Sokoban2,3,13,24,13,58,58
Sokoban2,3,14,24,13,65,65
Sokoban2,3,15,24,13,72,72
Sokoban2,3,16,24,13,77,77
Sokoban2,3,17,24,13,80,80
Sokoban2,3,18,24,13,87,87
Sokoban2,3,19,24,13,94,94
Sokoban2,3,20,24,13,99,99
Sokoban2,3,21,24,13,108,108
Sokoban2,3,22,24,13,113,113
Sokoban2,3,23,24,13,116,116
Sokoban2,3,24,24,13,123,123
Sokoban2,3,25,24,13,128,128
Sokoban2,3,26,24,13,131,131
Sokoban2,3,27,24,13,138,138
Sokoban2,3,28,24,13,143,143
Sokoban2,3,29,24,13,152,152
Sokoban2,3,30,24,13,157,157
Sokoban2,3,31,24,13,166,166
Sokoban2,4,5,48,23,5,5
Sokoban2,4,6,48,23,12,12
Sokoban2,4,7,48,23,17,17
Sokoban2,4,8,48,23,22,22
Sokoban2,4,9,48,23,25,25
Sokoban2,4,10,48,23,32,32
Sokoban2,4,11,48,23,39,39
Sokoban2,4,12,48,23,46,46
Sokoban2,4,13,48,23,49,49
Sokoban2,4,14,48,23,56,56
Sokoban2,4,15,48,23,63,63
Sokoban2,4,16,48,23,68,68
Sokoban2,4,17,48,23,71,71
Sokoban2,4,18,48,23,78,78
Sokoban2,4,19,48,23,85,85
Sokoban2,4,20,48,23,90,90
Sokoban2,4,21,48,23,99,99
Sokoban2,4,22,48,23,104,104
Sokoban2,4,23,48,23,107,107
Sokoban2,4,24,48,23,114,114
Sokoban2,4,25,48,23,119,119
Sokoban2,4,26,48,23,122,122
Sokoban2,4,27,48,23,129,129
Sokoban2,4,28,48,23,134,134
Sokoban2,4,29,48,23,143,143
Sokoban2,4,30,48,23,148,148
Sokoban2,4,31,48,23,157,157
Sokoban2,5,6,67,32,7,7
Sokoban2,5,7,67,32,12,12
Sokoban2,5,8,67,32,17,17
Sokoban2,5,9,67,32,20,20
Sokoban2,5,10,67,32,27,27
Sokoban2,5,11,67,32,34,34
Sokoban2,5,12,67,32,41,41
Sokoban2,5,13,67,32,44,44
Sokoban2,5,14,67,32,51,51
Sokoban2,5,15,67,32,58,58
Sokoban2,5,16,67,32,63,63
Sokoban2,5,17,67,32,66,66
Sokoban2,5,18,67,32,73,73
Sokoban2,5,19,67,32,80,80
Sokoban2,5,20,67,32,85,85
Sokoban2,5,21,67,32,94,94
Sokoban2,5,22,67,32,99,99
Sokoban2,5,23,67,32,102,102
Sokoban2,5,24,67,32,109,109
Sokoban2,5,25,67,32,114,114
Sokoban2,5,26,67,32,117,117
Sokoban2,5,27,67,32,124,124
Sokoban2,5,28,67,32,129,129
Sokoban2,5,29,67,32,138,138
Sokoban2,5,30,67,32,143,143
Sokoban2,5,31,67,32,152,152
Sokoban2,6,7,84,37,5,5
Sokoban2,6,8,84,37,10,10
Sokoban2,6,9,84,37,13,13
Sokoban2,6,10,84,37,20,20
Sokoban2,6,11,84,37,27,27
Sokoban2,6,12,84,37,34,34
Sokoban2,6,13,84,37,37,37
Sokoban2,6,14,84,37,44,44
Sokoban2,6,15,84,37,51,51
Sokoban2,6,16,84,37,56,56
Sokoban2,6,17,84,37,59,59
Sokoban2,6,18,84,37,66,66
Sokoban2,6,19,84,37,73,73
Sokoban2,6,20,84,37,78,78
Sokoban2,6,21,84,37,87,87
Sokoban2,6,22,84,37,92,92
Sokoban2,6,23,84,37,95,95
Sokoban2,6,24,84,37,102,102
Sokoban2,6,25,84,37,107,107
Sokoban2,6,26,84,37,110,110
Sokoban2,6,27,84,37,117,117
Sokoban2,6,28,84,37,122,122
Sokoban2,6,29,84,37,131,131
Sokoban2,6,30,84,37,136,136
Sokoban2,6,31,84,37,145,145
Sokoban2,7,8,108,50,5,5
Sokoban2,7,9,108,50,8,8
Sokoban2,7,10,108,50,15,15
Sokoban2,7,11,108,50,22,22
Sokoban2,7,12,108,50,29,29
Sokoban2,7,13,108,50,32,32
Sokoban2,7,14,108,50,39,39
Sokoban2,7,15,108,50,46,46
Sokoban2,7,16,108,50,51,51
Sokoban2,7,17,108,50,54,54
Sokoban2,7,18,108,50,61,61
Sokoban2,7,19,108,50,68,68
Sokoban2,7,20,108,50,73,73
Sokoban2,7,21,108,50,82,82
Sokoban2,7,22,108,50,87,87
Sokoban2,7,23,108,50,90,90
Sokoban2,7,24,108,50,97,97
Sokoban2,7,25,108,50,102,102
Sokoban2,7,26,108,50,105,105
Sokoban2,7,27,108,50,112,112
Sokoban2,7,28,108,50,117,117
Sokoban2,7,29,108,50,126,126
Sokoban2,7,30,108,50,131,131
Sokoban2,7,31,108,50,140,140
Sokoban2,8,9,132,63,3,3
Sokoban2,8,10,132,63,10,10
Sokoban2,8,11,132,63,17,17
Sokoban2,8,12,132,63,24,24
Sokoban2,8,13,132,63,27,27
Sokoban2,8,14,132,63,34,34
Sokoban2,8,15,132,63,41,41
Sokoban2,8,16,132,63,46,46
Sokoban2,8,17,132,63,49,49
Sokoban2,8,18,132,63,56,56
Sokoban2,8,19,132,63,63,63
Sokoban2,8,20,132,63,68,68
Sokoban2,8,21,132,63,77,77
Sokoban2,8,22,132,63,82,82
Sokoban2,8,23,132,63,85,85
Sokoban2,8,24,132,63,92,92
Sokoban2,8,25,132,63,97,97
Sokoban2,8,26,132,63,100,100
Sokoban2,8,27,132,63,107,107
Sokoban2,8,28,132,63,112,112
Sokoban2,8,29,132,63,121,121
Sokoban2,8,30,132,63,126,126
Sokoban2,8,31,132,63,135,135
Sokoban2,9,10,127,58,7,7
Sokoban2,9,11,127,58,14,14
Sokoban2,9,12,127,58,21,21
Sokoban2,9,13,127,58,24,24
Sokoban2,9,14,127,58,31,31
Sokoban2,9,15,127,58,38,38
Sokoban2,9,16,127,58,43,43
Sokoban2,9,17,127,58,46,46
Sokoban2,9,18,127,58,53,53
Sokoban2,9,19,127,58,60,60
Sokoban2,9,20,127,58,65,65
Sokoban2,9,21,127,58,74,74
Sokoban2,9,22,127,58,79,79
Sokoban2,9,23,127,58,82,82
Sokoban2,9,24,127,58,89,89
Sokoban2,9,25,127,58,94,94
Sokoban2,9,26,127,58,97,97
Sokoban2,9,27,127,58,104,104
Sokoban2,9,28,127,58,109,109
Sokoban2,9,29,127,58,118,118
Sokoban2,9,30,127,58,123,123
Sokoban2,9,31,127,58,132,132
Sokoban2,10,11,122,53,7,7
Sokoban2,10,12,122,53,14,14
Sokoban2,10,13,122,53,17,17
Sokoban2,10,14,122,53,24,24
Sokoban2,10,15,122,53,31,31
Sokoban2,10,16,122,53,36,36
Sokoban2,10,17,122,53,39,39
Sokoban2,10,18,122,53,46,46
Sokoban2,10,19,122,53,53,53
Sokoban2,10,20,122,53,58,58
Sokoban2,10,21,122,53,67,67
Sokoban2,10,22,122,53,72,72
Sokoban2,10,23,122,53,75,75
Sokoban2,10,24,122,53,82,82
Sokoban2,10,25,122,53,87,87
Sokoban2,10,26,122,53,90,90
Sokoban2,10,27,122,53,97,97
Sokoban2,10,28,122,53,102,102
Sokoban2,10,29,122,53,111,111
Sokoban2,10,30,122,53,116,116
Sokoban2,10,31,122,53,125,125
Sokoban2,11,12,121,52,7,7
Sokoban2,11,13,121,52,10,10
Sokoban2,11,14,121,52,17,17
Sokoban2,11,15,121,52,24,24
Sokoban2,11,16,121,52,29,29
Sokoban2,11,17,121,52,32,32
Sokoban2,11,18,121,52,39,39
Sokoban2,11,19,121,52,46,46
Sokoban2,11,20,121,52,51,51
Sokoban2,11,21,121,52,60,60
Sokoban2,11,22,121,52,65,65
Sokoban2,11,23,121,52,68,68
Sokoban2,11,24,121,52,75,75
Sokoban2,11,25,121,52,80,80
Sokoban2,11,26,121,52,83,83
Sokoban2,11,27,121,52,90,90
Sokoban2,11,28,121,52,95,95
Sokoban2,11,29,121,52,104,104
Sokoban2,11,30,121,52,109,109
Sokoban2,11,31,121,52,118,118
Sokoban2,12,13,121,52,3,3
Sokoban2,12,14,121,52,10,10
Sokoban2,12,15,121,52,17,17
Sokoban2,12,16,121,52,22,22
Sokoban2,12,17,121,52,25,25
Sokoban2,12,18,121,52,32,32
Sokoban2,12,19,121,52,39,39
Sokoban2,12,20,121,52,44,44
Sokoban2,12,21,121,52,53,53
Sokoban2,12,22,121,52,58,58
Sokoban2,12,23,121,52,61,61
Sokoban2,12,24,121,52,68,68
Sokoban2,12,25,121,52,73,73
Sokoban2,12,26,121,52,76,76
Sokoban2,12,27,121,52,83,83
Sokoban2,12,28,121,52,88,88
Sokoban2,12,29,121,52,97,97
Sokoban2,12,30,121,52,102,102
Sokoban2,12,31,121,52,111,111
Sokoban2,13,14,145,75,7,7
Sokoban2,13,15,145,75,14,14
Sokoban2,13,16,145,75,19,19
Sokoban2,13,17,145,75,22,22
Sokoban2,13,18,145,75,29,29
Sokoban2,13,19,145,75,36,36
Sokoban2,13,20,145,75,41,41
Sokoban2,13,21,145,75,50,50
Sokoban2,13,22,145,75,55,55
Sokoban2,13,23,145,75,58,58
Sokoban2,13,24,145,75,65,65
Sokoban2,13,25,145,75,70,70
Sokoban2,13,26,145,75,73,73
Sokoban2,13,27,145,75,80,80
Sokoban2,13,28,145,75,85,85
Sokoban2,13,29,145,75,94,94
Sokoban2,13,30,145,75,99,99
Sokoban2,13,31,145,75,108,108
Sokoban2,14,15,139,69,7,7
Sokoban2,14,16,139,69,12,12
Sokoban2,14,17,139,69,15,15
Sokoban2,14,18,139,69,22,22
Sokoban2,14,19,139,69,29,29
Sokoban2,14,20,139,69,34,34
Sokoban2,14,21,139,69,43,43
Sokoban2,14,22,139,69,48,48
Sokoban2,14,23,139,69,51,51
Sokoban2,14,24,139,69,58,58
Sokoban2,14,25,139,69,63,63
Sokoban2,14,26,139,69,66,66
Sokoban2,14,27,139,69,73,73
Sokoban2,14,28,139,69,78,78
Sokoban2,14,29,139,69,87,87
Sokoban2,14,30,139,69,92,92
Sokoban2,14,31,139,69,101,101
Sokoban2,15,16,138,68,5,5
Sokoban2,15,17,138,68,8,8
Sokoban2,15,18,138,68,15,15
Sokoban2,15,19,138,68,22,22
Sokoban2,15,20,138,68,27,27
Sokoban2,15,21,138,68,36,36
Sokoban2,15,22,138,68,41,41
Sokoban2,15,23,138,68,44,44
Sokoban2,15,24,138,68,51,51
Sokoban2,15,25,138,68,56,56
Sokoban2,15,26,138,68,59,59
Sokoban2,15,27,138,68,66,66
Sokoban2,15,28,138,68,71,71
Sokoban2,15,29,138,68,80,80
Sokoban2,15,30,138,68,85,85
Sokoban2,15,31,138,68,94,94
Sokoban2,16,17,138,68,3,3
Sokoban2,16,18,138,68,10,10
Sokoban2,16,19,138,68,17,17
Sokoban2,16,20,138,68,22,22
Sokoban2,16,21,138,68,31,31
Sokoban2,16,22,138,68,36,36
Sokoban2,16,23,138,68,39,39
Sokoban2,16,24,138,68,46,46
Sokoban2,16,25,138,68,51,51
Sokoban2,16,26,138,68,54,54
Sokoban2,16,27,138,68,61,61
Sokoban2,16,28,138,68,66,66
Sokoban2,16,29,138,68,75,75
Sokoban2,16,30,138,68,80,80
Sokoban2,16,31,138,68,89,89
Sokoban2,17,18,138,68,7,7
Sokoban2,17,19,138,68,14,14
Sokoban2,17,20,138,68,19,19
Sokoban2,17,21,138,68,28,28
Sokoban2,17,22,138,68,33,33
Sokoban2,17,23,138,68,36,36
Sokoban2,17,24,138,68,43,43
Sokoban2,17,25,138,68,48,48
Sokoban2,17,26,138,68,51,51
Sokoban2,17,27,138,68,58,58
Sokoban2,17,28,138,68,63,63
Sokoban2,17,29,138,68,72,72
Sokoban2,17,30,138,68,77,77
Sokoban2,17,31,138,68,86,86
Sokoban2,18,19,137,67,7,7
Sokoban2,18,20,137,67,12,12
Sokoban2,18,21,137,67,21,21
Sokoban2,18,22,137,67,26,26
Sokoban2,18,23,137,67,29,29
Sokoban2,18,24,137,67,36,36
Sokoban2,18,25,137,67,41,41
Sokoban2,18,26,137,67,44,44
Sokoban2,18,27,137,67,51,51
Sokoban2,18,28,137,67,56,56
Sokoban2,18,29,137,67,65,65
Sokoban2,18,30,137,67,70,70
Sokoban2,18,31,137,67,79,79
Sokoban2,19,20,137,67,5,5
Sokoban2,19,21,137,67,14,14
Sokoban2,19,22,137,67,19,19
Sokoban2,19,23,137,67,22,22
Sokoban2,19,24,137,67,29,29
Sokoban2,19,25,137,67,34,34
Sokoban2,19,26,137,67,37,37
Sokoban2,19,27,137,67,44,44
Sokoban2,19,28,137,67,49,49
Sokoban2,19,29,137,67,58,58
Sokoban2,19,30,137,67,63,63
Sokoban2,19,31,137,67,72,72
Sokoban2,20,21,137,67,9,9
Sokoban2,20,22,137,67,14,14
Sokoban2,20,23,137,67,17,17
Sokoban2,20,24,137,67,24,24
Sokoban2,20,25,137,67,29,29
Sokoban2,20,26,137,67,32,32
Sokoban2,20,27,137,67,39,39
Sokoban2,20,28,137,67,44,44
Sokoban2,20,29,137,67,53,53
Sokoban2,20,30,137,67,58,58
Sokoban2,20,31,137,67,67,67
Sokoban2,21,22,137,67,5,5
Sokoban2,21,23,137,67,8,8
Sokoban2,21,24,137,67,15,15
Sokoban2,21,25,137,67,20,20
Sokoban2,21,26,137,67,23,23
Sokoban2,21,27,137,67,30,30
Sokoban2,21,28,137,67,35,35
Sokoban2,21,29,137,67,44,44
Sokoban2,21,30,137,67,49,49
Sokoban2,21,31,137,67,58,58
Sokoban2,22,23,161,91,3,3
Sokoban2,22,24,161,91,10,10
Sokoban2,22,25,161,91,15,15
Sokoban2,22,26,161,91,18,18
Sokoban2,22,27,161,91,25,25
Sokoban2,22,28,161,91,30,30
Sokoban2,22,29,161,91,39,39
Sokoban2,22,30,161,91,44,44
Sokoban2,22,31,161,91,53,53
Sokoban2,23,24,182,103,7,7
Sokoban2,23,25,182,103,12,12
Sokoban2,23,26,182,103,15,15
Sokoban2,23,27,182,103,22,22
Sokoban2,23,28,182,103,27,27
Sokoban2,23,29,182,103,36,36
Sokoban2,23,30,182,103,41,41
Sokoban2,23,31,182,103,50,50
Sokoban2,24,25,182,103,5,5
Sokoban2,24,26,182,103,8,8
Sokoban2,24,27,182,103,15,15
Sokoban2,24,28,182,103,20,20
Sokoban2,24,29,182,103,29,29
Sokoban2,24,30,182,103,34,34
Sokoban2,24,31,182,103,43,43
Sokoban2,25,26,182,103,3,3
Sokoban2,25,27,182,103,10,10
Sokoban2,25,28,182,103,15,15
Sokoban2,25,29,182,103,24,24
Sokoban2,25,30,182,103,29,29
Sokoban2,25,31,182,103,38,38
Sokoban2,26,27,206,118,7,7
Sokoban2,26,28,206,118,12,12
Sokoban2,26,29,206,118,21,21
Sokoban2,26,30,206,118,26,26
Sokoban2,26,31,206,118,35,35
Sokoban2,27,28,206,118,5,5
Sokoban2,27,29,206,118,14,14
Sokoban2,27,30,206,118,19,19
Sokoban2,27,31,206,118,28,28
Sokoban2,28,29,206,118,9,9
Sokoban2,28,30,206,118,14,14
Sokoban2,28,31,206,118,23,23
Sokoban2,29,30,206,118,5,5
Sokoban2,29,31,206,118,14,14
Sokoban2,30,31,230,138,9,9
Sokoban4,2,3,0,0,3,3
Sokoban4,2,4,0,0,12,12
Sokoban4,2,5,0,0,17,17
Sokoban4,2,6,0,0,24,24
Sokoban4,2,7,0,0,29,29
Sokoban4,2,8,0,0,34,34
Sokoban4,2,9,0,0,37,37
Sokoban4,2,10,0,0,44,44
Sokoban4,2,11,0,0,51,51
Sokoban4,2,12,0,0,58,58
Sokoban4,2,13,0,0,61,61
Sokoban4,2,14,0,0,68,68
Sokoban4,2,15,0,0,73,73
Sokoban4,2,16,0,0,78,78
Sokoban4,2,17,0,0,83,83
Sokoban4,2,18,0,0,88,88
Sokoban4,2,19,0,0,97,97
Sokoban4,2,20,0,0,106,106
Sokoban4,2,21,0,0,113,113
Sokoban4,2,22,0,0,118,118
Sokoban4,2,23,0,0,121,121
Sokoban4,2,24,0,0,128,128
Sokoban4,2,25,0,0,135,135
Sokoban4,2,26,0,0,144,144
Sokoban4,2,27,0,0,153,153
Sokoban4,2,28,0,0,158,158
Sokoban4,2,29,0,0,163,163
Sokoban4,2,30,0,0,172,172
Sokoban4,3,4,24,11,9,9
Sokoban4,3,5,24,11,14,14
Sokoban4,3,6,24,11,21,21
Sokoban4,3,7,24,11,26,26
Sokoban4,3,8,24,11,31,31
Sokoban4,3,9,24,11,34,34
Sokoban4,3,10,24,11,41,41
Sokoban4,3,11,24,11,48,48
Sokoban4,3,12,24,11,55,55
Sokoban4,3,13,24,11,58,58
Sokoban4,3,14,24,11,65,65
Sokoban4,3,15,24,11,70,70
Sokoban4,3,16,24,11,75,75
Sokoban4,3,17,24,11,80,80
Sokoban4,3,18,24,11,85,85
Sokoban4,3,19,24,11,94,94
Sokoban4,3,20,24,11,103,103
Sokoban4,3,21,24,11,110,110
Sokoban4,3,22,24,11,115,115
Sokoban4,3,23,24,11,118,118
Sokoban4,3,24,24,11,125,125
Sokoban4,3,25,24,11,132,132
Sokoban4,3,26,24,11,141,141
Sokoban4,3,27,24,11,150,150
Sokoban4,3,28,24,11,155,155
Sokoban4,3,29,24,11,160,160
Sokoban4,3,30,24,11,169,169
Sokoban4,4,5,48,19,5,5
Sokoban4,4,6,48,19,12,12
Sokoban4,4,7,48,19,17,17
Sokoban4,4,8,48,19,22,22
Sokoban4,4,9,48,19,25,25
Sokoban4,4,10,48,19,32,32
Sokoban4,4,11,48,19,39,39
Sokoban4,4,12,48,19,46,46
Sokoban4,4,13,48,19,49,49
Sokoban4,4,14,48,19,56,56
Sokoban4,4,15,48,19,61,61
Sokoban4,4,16,48,19,66,66
Sokoban4,4,17,48,19,71,71
Sokoban4,4,18,48,19,76,76
Sokoban4,4,19,48,19,85,85
Sokoban4,4,20,48,19,94,94
Sokoban4,4,21,48,19,101,101
Sokoban4,4,22,48,19,106,106
Sokoban4,4,23,48,19,109,109
Sokoban4,4,24,48,19,116,116
Sokoban4,4,25,48,19,123,123
Sokoban4,4,26,48,19,132,132
Sokoban4,4,27,48,19,141,141
Sokoban4,4,28,48,19,146,146
Sokoban4,4,29,48,19,151,151
Sokoban4,4,30,48,19,160,160
Sokoban4,5,6,67,26,7,7
Sokoban4,5,7,67,26,12,12
Sokoban4,5,8,67,26,17,17
Sokoban4,5,9,67,26,20,20
Sokoban4,5,10,67,26,27,27
Sokoban4,5,11,67,26,34,34
Sokoban4,5,12,67,26,41,41
Sokoban4,5,13,67,26,44,44
Sokoban4,5,14,67,26,51,51
Sokoban4,5,15,67,26,56,56
Sokoban4,5,16,67,26,61,61
Sokoban4,5,17,67,26,66,66
Sokoban4,5,18,67,26,71,71
Sokoban4,5,19,67,26,80,80
Sokoban4,5,20,67,26,89,89
Sokoban4,5,21,67,26,96,96
Sokoban4,5,22,67,26,101,101
Sokoban4,5,23,67,26,104,104
Sokoban4,5,24,67,26,111,111
Sokoban4,5,25,67,26,118,118
Sokoban4,5,26,67,26,127,127
Sokoban4,5,27,67,26,136,136
Sokoban4,5,28,67,26,141,141
Sokoban4,5,29,67,26,146,146
Sokoban4,5,30,67,26,155,155
Sokoban4,6,7,84,29,5,5
Sokoban4,6,8,84,29,10,10
Sokoban4,6,9,84,29,13,13
Sokoban4,6,10,84,29,20,20
Sokoban4,6,11,84,29,27,27
Sokoban4,6,12,84,29,34,34
Sokoban4,6,13,84,29,37,37
Sokoban4,6,14,84,29,44,44
Sokoban4,6,15,84,29,49,49
Sokoban4,6,16,84,29,54,54
Sokoban4,6,17,84,29,59,59
Sokoban4,6,18,84,29,64,64
Sokoban4,6,19,84,29,73,73
Sokoban4,6,20,84,29,82,82
Sokoban4,6,21,84,29,89,89
Sokoban4,6,22,84,29,94,94
Sokoban4,6,23,84,29,97,97
Sokoban4,6,24,84,29,104,104
Sokoban4,6,25,84,29,111,111
Sokoban4,6,26,84,29,120,120
Sokoban4,6,27,84,29,129,129
Sokoban4,6,28,84,29,134,134
Sokoban4,6,29,84,29,139,139
Sokoban4,6,30,84,29,148,148
Sokoban4,7,8,108,40,5,5
Sokoban4,7,9,108,40,8,8
Sokoban4,7,10,108,40,15,15
Sokoban4,7,11,108,40,22,22
Sokoban4,7,12,108,40,29,29
Sokoban4,7,13,108,40,32,32
Sokoban4,7,14,108,40,39,39
Sokoban4,7,15,108,40,44,44
Sokoban4,7,16,108,40,49,49
Sokoban4,7,17,108,40,54,54
Sokoban4,7,18,108,40,59,59
Sokoban4,7,19,108,40,68,68
Sokoban4,7,20,108,40,77,77
Sokoban4,7,21,108,40,84,84
Sokoban4,7,22,108,40,89,89
Sokoban4,7,23,108,40,92,92
Sokoban4,7,24,108,40,99,99
Sokoban4,7,25,108,40,106,106
Sokoban4,7,26,108,40,115,115
Sokoban4,7,27,108,40,124,124
Sokoban4,7,28,108,40,129,129
Sokoban4,7,29,108,40,134,134
Sokoban4,7,30,108,40,143,143
Sokoban4,8,9,132,53,3,3
Sokoban4,8,10,132,53,10,10
Sokoban4,8,11,132,53,17,17
Sokoban4,8,12,132,53,24,24
Sokoban4,8,13,132,53,27,27
Sokoban4,8,14,132,53,34,34
Sokoban4,8,15,132,53,39,39
Sokoban4,8,16,132,53,44,44
Sokoban4,8,17,132,53,49,49
Sokoban4,8,18,132,53,54,54
Sokoban4,8,19,132,53,63,63
Sokoban4,8,20,132,53,72,72
Sokoban4,8,21,132,53,79,79
Sokoban4,8,22,132,53,84,84
Sokoban4,8,23,132,53,87,87
Sokoban4,8,24,132,53,94,94
Sokoban4,8,25,132,53,101,101
Sokoban4,8,26,132,53,110,110
Sokoban4,8,27,132,53,119,119
Sokoban4,8,28,132,53,124,124
Sokoban4,8,29,132,53,129,129
Sokoban4,8,30,132,53,138,138
Sokoban4,9,10,127,48,7,7
Sokoban4,9,11,127,48,14,14
Sokoban4,9,12,127,48,21,21
Sokoban4,9,13,127,48,24,24
Sokoban4,9,14,127,48,31,31
Sokoban4,9,15,127,48,36,36
Sokoban4,9,16,127,48,41,41
Sokoban4,9,17,127,48,46,46
Sokoban4,9,18,127,48,51,51
Sokoban4,9,19,127,48,60,60
Sokoban4,9,20,127,48,69,69
Sokoban4,9,21,127,48,76,76
Sokoban4,9,22,127,48,81,81
Sokoban4,9,23,127,48,84,84
Sokoban4,9,24,127,48,91,91
Sokoban4,9,25,127,48,98,98
Sokoban4,9,26,127,48,107,107
Sokoban4,9,27,127,48,116,116
Sokoban4,9,28,127,48,121,121
Sokoban4,9,29,127,48,126,126
Sokoban4,9,30,127,48,135,135
Sokoban4,10,11,122,43,7,7
Sokoban4,10,12,122,43,14,14
Sokoban4,10,13,122,43,17,17
Sokoban4,10,14,122,43,24,24
Sokoban4,10,15,122,43,29,29
Sokoban4,10,16,122,43,34,34
Sokoban4,10,17,122,43,39,39
Sokoban4,10,18,122,43,44,44
Sokoban4,10,19,122,43,53,53
Sokoban4,10,20,122,43,62,62
Sokoban4,10,21,122,43,69,69
Sokoban4,10,22,122,43,74,74
Sokoban4,10,23,122,43,77,77
Sokoban4,10,24,122,43,84,84
Sokoban4,10,25,122,43,91,91
Sokoban4,10,26,122,43,100,100
Sokoban4,10,27,122,43,109,109
Sokoban4,10,28,122,43,114,114
Sokoban4,10,29,122,43,119,119
Sokoban4,10,30,122,43,128,128
Sokoban4,11,12,121,42,7,7
Sokoban4,11,13,121,42,10,10
Sokoban4,11,14,121,42,17,17
Sokoban4,11,15,121,42,22,22
Sokoban4,11,16,121,42,27,27
Sokoban4,11,17,121,42,32,32
Sokoban4,11,18,121,42,37,37
Sokoban4,11,19,121,42,46,46
Sokoban4,11,20,121,42,55,55
Sokoban4,11,21,121,42,62,62
Sokoban4,11,22,121,42,67,67
Sokoban4,11,23,121,42,70,70
Sokoban4,11,24,121,42,77,77
Sokoban4,11,25,121,42,84,84
Sokoban4,11,26,121,42,93,93
Sokoban4,11,27,121,42,102,102
Sokoban4,11,28,121,42,107,107
Sokoban4,11,29,121,42,112,112
Sokoban4,11,30,121,42,121,121
Sokoban4,12,13,121,42,3,3
Sokoban4,12,14,121,42,10,10
Sokoban4,12,15,121,42,15,15
Sokoban4,12,16,121,42,20,20
Sokoban4,12,17,121,42,25,25
Sokoban4,12,18,121,42,30,30
Sokoban4,12,19,121,42,39,39
Sokoban4,12,20,121,42,48,48
Sokoban4,12,21,121,42,55,55
Sokoban4,12,22,121,42,60,60
Sokoban4,12,23,121,42,63,63
Sokoban4,12,24,121,42,70,70
Sokoban4,12,25,121,42,77,77
Sokoban4,12,26,121,42,86,86
Sokoban4,12,27,121,42,95,95
Sokoban4,12,28,121,42,100,100
Sokoban4,12,29,121,42,105,105
Sokoban4,12,30,121,42,114,114
Sokoban4,13,14,145,65,7,7
Sokoban4,13,15,145,65,12,12
Sokoban4,13,16,145,65,17,17
Sokoban4,13,17,145,65,22,22
Sokoban4,13,18,145,65,27,27
Sokoban4,13,19,145,65,36,36
Sokoban4,13,20,145,65,45,45
Sokoban4,13,21,145,65,52,52
Sokoban4,13,22,145,65,57,57
Sokoban4,13,23,145,65,60,60
Sokoban4,13,24,145,65,67,67
Sokoban4,13,25,145,65,74,74
Sokoban4,13,26,145,65,83,83
Sokoban4,13,27,145,65,92,92
Sokoban4,13,28,145,65,97,97
Sokoban4,13,29,145,65,102,102
Sokoban4,13,30,145,65,111,111
Sokoban4,14,15,139,59,5,5
Sokoban4,14,16,139,59,10,10
Sokoban4,14,17,139,59,15,15
Sokoban4,14,18,139,59,20,20
Sokoban4,14,19,139,59,29,29
Sokoban4,14,20,139,59,38,38
Sokoban4,14,21,139,59,45,45
Sokoban4,14,22,139,59,50,50
Sokoban4,14,23,139,59,53,53
Sokoban4,14,24,139,59,60,60
Sokoban4,14,25,139,59,67,67
Sokoban4,14,26,139,59,76,76
Sokoban4,14,27,139,59,85,85
Sokoban4,14,28,139,59,90,90
Sokoban4,14,29,139,59,95,95
Sokoban4,14,30,139,59,104,104
Sokoban4,15,16,138,58,5,5
Sokoban4,15,17,138,58,10,10
Sokoban4,15,18,138,58,15,15
Sokoban4,15,19,138,58,24,24
Sokoban4,15,20,138,58,33,33
Sokoban4,15,21,138,58,40,40
Sokoban4,15,22,138,58,45,45
Sokoban4,15,23,138,58,48,48
Sokoban4,15,24,138,58,55,55
Sokoban4,15,25,138,58,62,62
Sokoban4,15,26,138,58,71,71
Sokoban4,15,27,138,58,80,80
Sokoban4,15,28,138,58,85,85
Sokoban4,15,29,138,58,90,90
Sokoban4,15,30,138,58,99,99
Sokoban4,16,17,137,57,5,5
Sokoban4,16,18,137,57,10,10
Sokoban4,16,19,137,57,19,19
Sokoban4,16,20,137,57,28,28
Sokoban4,16,21,137,57,35,35
Sokoban4,16,22,137,57,40,40
Sokoban4,16,23,137,57,43,43
Sokoban4,16,24,137,57,50,50
Sokoban4,16,25,137,57,57,57
Sokoban4,16,26,137,57,66,66
Sokoban4,16,27,137,57,75,75
Sokoban4,16,28,137,57,80,80
Sokoban4,16,29,137,57,85,85
Sokoban4,16,30,137,57,94,94
Sokoban4,17,18,137,57,5,5
Sokoban4,17,19,137,57,14,14
Sokoban4,17,20,137,57,23,23
Sokoban4,17,21,137,57,30,30
Sokoban4,17,22,137,57,35,35
Sokoban4,17,23,137,57,38,38
Sokoban4,17,24,137,57,45,45
Sokoban4,17,25,137,57,52,52
Sokoban4,17,26,137,57,61,61
Sokoban4,17,27,137,57,70,70
Sokoban4,17,28,137,57,75,75
Sokoban4,17,29,137,57,80,80
Sokoban4,17,30,137,57,89,89
Sokoban4,18,19,137,57,9,9
Sokoban4,18,20,137,57,18,18
Sokoban4,18,21,137,57,25,25
Sokoban4,18,22,137,57,30,30
Sokoban4,18,23,137,57,33,33
Sokoban4,18,24,137,57,40,40
Sokoban4,18,25,137,57,47,47
Sokoban4,18,26,137,57,56,56
Sokoban4,18,27,137,57,65,65
Sokoban4,18,28,137,57,70,70
Sokoban4,18,29,137,57,75,75
Sokoban4,18,30,137,57,84,84
Sokoban4,19,20,136,56,9,9
Sokoban4,19,21,136,56,16,16
Sokoban4,19,22,136,56,21,21
Sokoban4,19,23,136,56,24,24
Sokoban4,19,24,136,56,31,31
Sokoban4,19,25,136,56,38,38
Sokoban4,19,26,136,56,47,47
Sokoban4,19,27,136,56,56,56
Sokoban4,19,28,136,56,61,61
Sokoban4,19,29,136,56,66,66
Sokoban4,19,30,136,56,75,75
Sokoban4,20,21,160,80,7,7
Sokoban4,20,22,160,80,12,12
Sokoban4,20,23,160,80,15,15
Sokoban4,20,24,160,80,22,22
Sokoban4,20,25,160,80,29,29
Sokoban4,20,26,160,80,38,38
Sokoban4,20,27,160,80,47,47
Sokoban4,20,28,160,80,52,52
Sokoban4,20,29,160,80,57,57
Sokoban4,20,30,160,80,66,66
Sokoban4,21,22,160,80,5,5
Sokoban4,21,23,160,80,8,8
Sokoban4,21,24,160,80,15,15
Sokoban4,21,25,160,80,22,22
Sokoban4,21,26,160,80,31,31
Sokoban4,21,27,160,80,40,40
Sokoban4,21,28,160,80,45,45
Sokoban4,21,29,160,80,50,50
Sokoban4,21,30,160,80,59,59
Sokoban4,22,23,182,89,3,3
Sokoban4,22,24,182,89,10,10
Sokoban4,22,25,182,89,17,17
Sokoban4,22,26,182,89,26,26
Sokoban4,22,27,182,89,35,35
Sokoban4,22,28,182,89,40,40
Sokoban4,22,29,182,89,45,45
Sokoban4,22,30,182,89,54,54
Sokoban4,23,24,182,89,7,7
Sokoban4,23,25,182,89,14,14
Sokoban4,23,26,182,89,23,23
Sokoban4,23,27,182,89,32,32
Sokoban4,23,28,182,89,37,37
Sokoban4,23,29,182,89,42,42
Sokoban4,23,30,182,89,51,51
Sokoban4,24,25,182,89,7,7
Sokoban4,24,26,182,89,16,16
Sokoban4,24,27,182,89,25,25
Sokoban4,24,28,182,89,30,30
Sokoban4,24,29,182,89,35,35
Sokoban4,24,30,182,89,44,44
Sokoban4,25,26,182,89,9,9
Sokoban4,25,27,182,89,18,18
Sokoban4,25,28,182,89,23,23
Sokoban4,25,29,182,89,28,28
Sokoban4,25,30,182,89,37,37
Sokoban4,26,27,182,89,9,9
Sokoban4,26,28,182,89,14,14
Sokoban4,26,29,182,89,19,19
Sokoban4,26,30,182,89,28,28
Sokoban4,27,28,206,109,5,5
Sokoban4,27,29,206,109,10,10
Sokoban4,27,30,206,109,19,19
Sokoban4,28,29,206,109,5,5
Sokoban4,28,30,206,109,14,14
Sokoban4,29,30,206,109,9,9
Sokoban5,2,3,0,0,3,3
Sokoban5,2,4,0,0,12,12
Sokoban5,2,5,0,0,17,17
Sokoban5,2,6,0,0,24,24
Sokoban5,2,7,0,0,29,29
Sokoban5,2,8,0,0,34,34
Sokoban5,2,9,0,0,37,37
Sokoban5,2,10,0,0,44,44
Sokoban5,2,11,0,0,51,51
Sokoban5,2,12,0,0,58,58
Sokoban5,2,13,0,0,65,65
Sokoban5,2,14,0,0,72,72
Sokoban5,2,15,0,0,77,77
Sokoban5,2,16,0,0,84,84
Sokoban5,2,17,0,0,89,89
Sokoban5,2,18,0,0,94,94
Sokoban5,2,19,0,0,101,101
Sokoban5,2,20,0,0,108,108
Sokoban5,2,21,0,0,113,113
Sokoban5,2,22,0,0,122,122
Sokoban5,2,23,0,0,127,127
Sokoban5,2,24,0,0,134,134
Sokoban5,2,25,0,0,141,141
Sokoban5,3,4,24,11,9,9
Sokoban5,3,5,24,11,14,14
Sokoban5,3,6,24,11,21,21
Sokoban5,3,7,24,11,26,26
Sokoban5,3,8,24,11,31,31
Sokoban5,3,9,24,11,34,34
Sokoban5,3,10,24,11,41,41
Sokoban5,3,11,24,11,48,48
Sokoban5,3,12,24,11,55,55
Sokoban5,3,13,24,11,62,62
Sokoban5,3,14,24,11,69,69
Sokoban5,3,15,24,11,74,74
Sokoban5,3,16,24,11,81,81
Sokoban5,3,17,24,11,86,86
Sokoban5,3,18,24,11,91,91
Sokoban5,3,19,24,11,98,98
Sokoban5,3,20,24,11,105,105
Sokoban5,3,21,24,11,110,110
Sokoban5,3,22,24,11,119,119
Sokoban5,3,23,24,11,124,124
Sokoban5,3,24,24,11,131,131
Sokoban5,3,25,24,11,138,138
Sokoban5,4,5,48,19,5,5
Sokoban5,4,6,48,19,12,12
Sokoban5,4,7,48,19,17,17
Sokoban5,4,8,48,19,22,22
Sokoban5,4,9,48,19,25,25
Sokoban5,4,10,48,19,32,32
Sokoban5,4,11,48,19,39,39
Sokoban5,4,12,48,19,46,46
Sokoban5,4,13,48,19,53,53
Sokoban5,4,14,48,19,60,60
Sokoban5,4,15,48,19,65,65
Sokoban5,4,16,48,19,72,72
Sokoban5,4,17,48,19,77,77
Sokoban5,4,18,48,19,82,82
Sokoban5,4,19,48,19,89,89
Sokoban5,4,20,48,19,96,96
Sokoban5,4,21,48,19,101,101
Sokoban5,4,22,48,19,110,110
Sokoban5,4,23,48,19,115,115
Sokoban5,4,24,48,19,122,122
Sokoban5,4,25,48,19,129,129
Sokoban5,5,6,67,26,7,7
Sokoban5,5,7,67,26,12,12
Sokoban5,5,8,67,26,17,17
Sokoban5,5,9,67,26,20,20
Sokoban5,5,10,67,26,27,27
Sokoban5,5,11,67,26,34,34
Sokoban5,5,12,67,26,41,41
Sokoban5,5,13,67,26,48,48
Sokoban5,5,14,67,26,55,55
Sokoban5,5,15,67,26,60,60
Sokoban5,5,16,67,26,67,67
Sokoban5,5,17,67,26,72,72
Sokoban5,5,18,67,26,77,77
Sokoban5,5,19,67,26,84,84
Sokoban5,5,20,67,26,91,91
Sokoban5,5,21,67,26,96,96
Sokoban5,5,22,67,26,105,105
Sokoban5,5,23,67,26,110,110
Sokoban5,5,24,67,26,117,117
Sokoban5,5,25,67,26,124,124
Sokoban5,6,7,84,29,5,5
Sokoban5,6,8,84,29,10,10
Sokoban5,6,9,84,29,13,13
Sokoban5,6,10,84,29,20,20
Sokoban5,6,11,84,29,27,27
Sokoban5,6,12,84,29,34,34
Sokoban5,6,13,84,29,41,41
Sokoban5,6,14,84,29,48,48
Sokoban5,6,15,84,29,53,53
Sokoban5,6,16,84,29,60,60
Sokoban5,6,17,84,29,65,65
Sokoban5,6,18,84,29,70,70
Sokoban5,6,19,84,29,77,77
Sokoban5,6,20,84,29,84,84
Sokoban5,6,21,84,29,89,89
Sokoban5,6,22,84,29,98,98
Sokoban5,6,23,84,29,103,103
Sokoban5,6,24,84,29,110,110
Sokoban5,6,25,84,29,117,117
Sokoban5,7,8,108,40,5,5
Sokoban5,7,9,108,40,8,8
Sokoban5,7,10,108,40,15,15
Sokoban5,7,11,108,40,22,22
Sokoban5,7,12,108,40,29,29
Sokoban5,7,13,108,40,36,36
Sokoban5,7,14,108,40,43,43
Sokoban5,7,15,108,40,48,48
Sokoban5,7,16,108,40,55,55
Sokoban5,7,17,108,40,60,60
Sokoban5,7,18,108,40,65,65
Sokoban5,7,19,108,40,72,72
Sokoban5,7,20,108,40,79,79
Sokoban5,7,21,108,40,84,84
Sokoban5,7,22,108,40,93,93
Sokoban5,7,23,108,40,98,98
Sokoban5,7,24,108,40,105,105
Sokoban5,7,25,108,40,112,112
Sokoban5,8,9,132,53,3,3
Sokoban5,8,10,132,53,10,10
Sokoban5,8,11,132,53,17,17
Sokoban5,8,12,132,53,24,24
Sokoban5,8,13,132,53,31,31
Sokoban5,8,14,132,53,38,38
Sokoban5,8,15,132,53,43,43
Sokoban5,8,16,132,53,50,50
Sokoban5,8,17,132,53,55,55
Sokoban5,8,18,132,53,60,60
Sokoban5,8,19,132,53,67,67
Sokoban5,8,20,132,53,74,74
Sokoban5,8,21,132,53,79,79
Sokoban5,8,22,132,53,88,88
Sokoban5,8,23,132,53,93,93
Sokoban5,8,24,132,53,100,100
Sokoban5,8,25,132,53,107,107
Sokoban5,9,10,127,48,7,7
Sokoban5,9,11,127,48,14,14
Sokoban5,9,12,127,48,21,21
Sokoban5,9,13,127,48,28,28
Sokoban5,9,14,127,48,35,35
Sokoban5,9,15,127,48,40,40
Sokoban5,9,16,127,48,47,47
Sokoban5,9,17,127,48,52,52
Sokoban5,9,18,127,48,57,57
Sokoban5,9,19,127,48,64,64
Sokoban5,9,20,127,48,71,71
Sokoban5,9,21,127,48,76,76
Sokoban5,9,22,127,48,85,85
Sokoban5,9,23,127,48,90,90
Sokoban5,9,24,127,48,97,97
Sokoban5,9,25,127,48,104,104
Sokoban5,10,11,122,43,7,7
Sokoban5,10,12,122,43,14,14
Sokoban5,10,13,122,43,21,21
Sokoban5,10,14,122,43,28,28
Sokoban5,10,15,122,43,33,33
Sokoban5,10,16,122,43,40,40
Sokoban5,10,17,122,43,45,45
Sokoban5,10,18,122,43,50,50
Sokoban5,10,19,122,43,57,57
Sokoban5,10,20,122,43,64,64
Sokoban5,10,21,122,43,69,69
Sokoban5,10,22,122,43,78,78
Sokoban5,10,23,122,43,83,83
Sokoban5,10,24,122,43,90,90
Sokoban5,10,25,122,43,97,97
Sokoban5,11,12,121,42,7,7
Sokoban5,11,13,121,42,14,14
Sokoban5,11,14,121,42,21,21
Sokoban5,11,15,121,42,26,26
Sokoban5,11,16,121,42,33,33
Sokoban5,11,17,121,42,38,38
Sokoban5,11,18,121,42,43,43
Sokoban5,11,19,121,42,50,50
Sokoban5,11,20,121,42,57,57
Sokoban5,11,21,121,42,62,62
Sokoban5,11,22,121,42,71,71
Sokoban5,11,23,121,42,76,76
Sokoban5,11,24,121,42,83,83
Sokoban5,11,25,121,42,90,90
Sokoban5,12,13,121,42,7,7
Sokoban5,12,14,121,42,14,14
Sokoban5,12,15,121,42,19,19
Sokoban5,12,16,121,42,26,26
Sokoban5,12,17,121,42,31,31
Sokoban5,12,18,121,42,36,36
Sokoban5,12,19,121,42,43,43
Sokoban5,12,20,121,42,50,50
Sokoban5,12,21,121,42,55,55
Sokoban5,12,22,121,42,64,64
Sokoban5,12,23,121,42,69,69
Sokoban5,12,24,121,42,76,76
Sokoban5,12,25,121,42,83,83
Sokoban5,13,14,145,65,7,7
Sokoban5,13,15,145,65,12,12
Sokoban5,13,16,145,65,19,19
Sokoban5,13,17,145,65,24,24
Sokoban5,13,18,145,65,29,29
Sokoban5,13,19,145,65,36,36
Sokoban5,13,20,145,65,43,43
Sokoban5,13,21,145,65,48,48
Sokoban5,13,22,145,65,57,57
Sokoban5,13,23,145,65,62,62
Sokoban5,13,24,145,65,69,69
Sokoban5,13,25,145,65,76,76
Sokoban5,14,15,160,69,5,5
Sokoban5,14,16,160,69,12,12
Sokoban5,14,17,160,69,17,17
Sokoban5,14,18,160,69,22,22
Sokoban5,14,19,160,69,29,29
Sokoban5,14,20,160,69,36,36
Sokoban5,14,21,160,69,41,41
Sokoban5,14,22,160,69,50,50
Sokoban5,14,23,160,69,55,55
Sokoban5,14,24,160,69,62,62
Sokoban5,14,25,160,69,69,69
Sokoban5,15,16,160,69,7,7
Sokoban5,15,17,160,69,12,12
Sokoban5,15,18,160,69,17,17
Sokoban5,15,19,160,69,24,24
Sokoban5,15,20,160,69,31,31
Sokoban5,15,21,160,69,36,36
Sokoban5,15,22,160,69,45,45
Sokoban5,15,23,160,69,50,50
Sokoban5,15,24,160,69,57,57
Sokoban5,15,25,160,69,64,64
Sokoban5,16,17,160,69,5,5
Sokoban5,16,18,160,69,10,10
Sokoban5,16,19,160,69,17,17
Sokoban5,16,20,160,69,24,24
Sokoban5,16,21,160,69,29,29
Sokoban5,16,22,160,69,38,38
Sokoban5,16,23,160,69,43,43
Sokoban5,16,24,160,69,50,50
Sokoban5,16,25,160,69,57,57
Sokoban5,17,18,160,69,5,5
Sokoban5,17,19,160,69,12,12
Sokoban5,17,20,160,69,19,19
Sokoban5,17,21,160,69,24,24
Sokoban5,17,22,160,69,33,33
Sokoban5,17,23,160,69,38,38
Sokoban5,17,24,160,69,45,45
Sokoban5,17,25,160,69,52,52
Sokoban5,18,19,184,93,7,7
Sokoban5,18,20,184,93,14,14
Sokoban5,18,21,184,93,19,19
Sokoban5,18,22,184,93,28,28
Sokoban5,18,23,184,93,33,33
Sokoban5,18,24,184,93,40,40
Sokoban5,18,25,184,93,47,47
Sokoban5,19,20,184,93,7,7
Sokoban5,19,21,184,93,12,12
Sokoban5,19,22,184,93,21,21
Sokoban5,19,23,184,93,26,26
Sokoban5,19,24,184,93,33,33
Sokoban5,19,25,184,93,40,40
Sokoban5,20,21,184,93,5,5
Sokoban5,20,22,184,93,14,14
Sokoban5,20,23,184,93,19,19
Sokoban5,20,24,184,93,26,26
Sokoban5,20,25,184,93,33,33
Sokoban5,21,22,184,93,9,9
Sokoban5,21,23,184,93,14,14
Sokoban5,21,24,184,93,21,21
Sokoban5,21,25,184,93,28,28
Sokoban5,22,23,184,93,5,5
Sokoban5,22,24,184,93,12,12
Sokoban5,22,25,184,93,19,19
Sokoban5,23,24,208,117,7,7
Sokoban5,23,25,208,117,14,14
Sokoban5,24,25,202,111,7,7
Sokoban7,2,3,0,0,3,3
Sokoban7,2,4,0,0,12,12
Sokoban7,2,5,0,0,17,17
Sokoban7,2,6,0,0,24,24
Sokoban7,2,7,0,0,29,29
Sokoban7,2,8,0,0,34,34
Sokoban7,2,9,0,0,37,37
Sokoban7,2,10,0,0,44,44
Sokoban7,2,11,0,0,51,51
Sokoban7,2,12,0,0,56,56
Sokoban7,2,13,0,0,63,63
Sokoban7,2,14,0,0,68,68
Sokoban7,2,15,0,0,75,75
Sokoban7,2,16,0,0,80,80
Sokoban7,2,17,0,0,87,87
Sokoban7,2,18,0,0,94,94
Sokoban7,2,19,0,0,101,101
Sokoban7,2,20,0,0,108,108
Sokoban7,2,21,0,0,113,113
Sokoban7,2,22,0,0,120,120
Sokoban7,2,23,0,0,125,125
Sokoban7,3,4,24,11,9,9
Sokoban7,3,5,24,11,14,14
Sokoban7,3,6,24,11,21,21
Sokoban7,3,7,24,11,26,26
Sokoban7,3,8,24,11,31,31
Sokoban7,3,9,24,11,34,34
Sokoban7,3,10,24,11,41,41
Sokoban7,3,11,24,11,48,48
Sokoban7,3,12,24,11,53,53
Sokoban7,3,13,24,11,60,60
Sokoban7,3,14,24,11,65,65
Sokoban7,3,15,24,11,72,72
Sokoban7,3,16,24,11,77,77
Sokoban7,3,17,24,11,84,84
Sokoban7,3,18,24,11,91,91
Sokoban7,3,19,24,11,98,98
Sokoban7,3,20,24,11,105,105
Sokoban7,3,21,24,11,110,110
Sokoban7,3,22,24,11,117,117
Sokoban7,3,23,24,11,122,122
Sokoban7,4,5,48,19,5,5
Sokoban7,4,6,48,19,12,12
Sokoban7,4,7,48,19,17,17
Sokoban7,4,8,48,19,22,22
Sokoban7,4,9,48,19,25,25
Sokoban7,4,10,48,19,32,32
Sokoban7,4,11,48,19,39,39
Sokoban7,4,12,48,19,44,44
Sokoban7,4,13,48,19,51,51
Sokoban7,4,14,48,19,56,56
Sokoban7,4,15,48,19,63,63
Sokoban7,4,16,48,19,68,68
Sokoban7,4,17,48,19,75,75
Sokoban7,4,18,48,19,82,82
Sokoban7,4,19,48,19,89,89
Sokoban7,4,20,48,19,96,96
Sokoban7,4,21,48,19,101,101
Sokoban7,4,22,48,19,108,108
Sokoban7,4,23,48,19,113,113
Sokoban7,5,6,67,26,7,7
Sokoban7,5,7,67,26,12,12
Sokoban7,5,8,67,26,17,17
Sokoban7,5,9,67,26,20,20
Sokoban7,5,10,67,26,27,27
Sokoban7,5,11,67,26,34,34
Sokoban7,5,12,67,26,39,39
Sokoban7,5,13,67,26,46,46
Sokoban7,5,14,67,26,51,51
Sokoban7,5,15,67,26,58,58
Sokoban7,5,16,67,26,63,63
Sokoban7,5,17,67,26,70,70
Sokoban7,5,18,67,26,77,77
Sokoban7,5,19,67,26,84,84
Sokoban7,5,20,67,26,91,91
Sokoban7,5,21,67,26,96,96
Sokoban7,5,22,67,26,103,103
Sokoban7,5,23,67,26,108,108
Sokoban7,6,7,84,29,5,5
Sokoban7,6,8,84,29,10,10
Sokoban7,6,9,84,29,13,13
Sokoban7,6,10,84,29,20,20
Sokoban7,6,11,84,29,27,27
Sokoban7,6,12,84,29,32,32
Sokoban7,6,13,84,29,39,39
Sokoban7,6,14,84,29,44,44
Sokoban7,6,15,84,29,51,51
Sokoban7,6,16,84,29,56,56
Sokoban7,6,17,84,29,63,63
Sokoban7,6,18,84,29,70,70
Sokoban7,6,19,84,29,77,77
Sokoban7,6,20,84,29,84,84
Sokoban7,6,21,84,29,89,89
Sokoban7,6,22,84,29,96,96
Sokoban7,6,23,84,29,101,101
Sokoban7,7,8,108,40,5,5
Sokoban7,7,9,108,40,8,8
Sokoban7,7,10,108,40,15,15
Sokoban7,7,11,108,40,22,22
Sokoban7,7,12,108,40,27,27
Sokoban7,7,13,108,40,34,34
Sokoban7,7,14,108,40,39,39
Sokoban7,7,15,108,40,46,46
Sokoban7,7,16,108,40,51,51
Sokoban7,7,17,108,40,58,58
Sokoban7,7,18,108,40,65,65
Sokoban7,7,19,108,40,72,72
Sokoban7,7,20,108,40,79,79
Sokoban7,7,21,108,40,84,84
Sokoban7,7,22,108,40,91,91
Sokoban7,7,23,108,40,96,96
Sokoban7,8,9,132,53,3,3
Sokoban7,8,10,132,53,10,10
Sokoban7,8,11,132,53,17,17
Sokoban7,8,12,132,53,22,22
Sokoban7,8,13,132,53,29,29
Sokoban7,8,14,132,53,34,34
Sokoban7,8,15,132,53,41,41
Sokoban7,8,16,132,53,46,46
Sokoban7,8,17,132,53,53,53
Sokoban7,8,18,132,53,60,60
Sokoban7,8,19,132,53,67,67
Sokoban7,8,20,132,53,74,74
Sokoban7,8,21,132,53,79,79
Sokoban7,8,22,132,53,86,86
Sokoban7,8,23,132,53,91,91
Sokoban7,9,10,127,48,7,7
Sokoban7,9,11,127,48,14,14
Sokoban7,9,12,127,48,19,19
Sokoban7,9,13,127,48,26,26
Sokoban7,9,14,127,48,31,31
Sokoban7,9,15,127,48,38,38
Sokoban7,9,16,127,48,43,43
Sokoban7,9,17,127,48,50,50
Sokoban7,9,18,127,48,57,57
Sokoban7,9,19,127,48,64,64
Sokoban7,9,20,127,48,71,71
Sokoban7,9,21,127,48,76,76
Sokoban7,9,22,127,48,83,83
Sokoban7,9,23,127,48,88,88
Sokoban7,10,11,122,43,7,7
Sokoban7,10,12,122,43,12,12
Sokoban7,10,13,122,43,19,19
Sokoban7,10,14,122,43,24,24
Sokoban7,10,15,122,43,31,31
Sokoban7,10,16,122,43,36,36
Sokoban7,10,17,122,43,43,43
Sokoban7,10,18,122,43,50,50
Sokoban7,10,19,122,43,57,57
Sokoban7,10,20,122,43,64,64
Sokoban7,10,21,122,43,69,69
Sokoban7,10,22,122,43,76,76
Sokoban7,10,23,122,43,81,81
Sokoban7,11,12,121,42,5,5
Sokoban7,11,13,121,42,12,12
Sokoban7,11,14,121,42,17,17
Sokoban7,11,15,121,42,24,24
Sokoban7,11,16,121,42,29,29
Sokoban7,11,17,121,42,36,36
Sokoban7,11,18,121,42,43,43
Sokoban7,11,19,121,42,50,50
Sokoban7,11,20,121,42,57,57
Sokoban7,11,21,121,42,62,62
Sokoban7,11,22,121,42,69,69
Sokoban7,11,23,121,42,74,74
Sokoban7,12,13,121,42,7,7
Sokoban7,12,14,121,42,12,12
Sokoban7,12,15,121,42,19,19
Sokoban7,12,16,121,42,24,24
Sokoban7,12,17,121,42,31,31
Sokoban7,12,18,121,42,38,38
Sokoban7,12,19,121,42,45,45
Sokoban7,12,20,121,42,52,52
Sokoban7,12,21,121,42,57,57
Sokoban7,12,22,121,42,64,64
Sokoban7,12,23,121,42,69,69
Sokoban7,13,14,121,42,5,5
Sokoban7,13,15,121,42,12,12
Sokoban7,13,16,121,42,17,17
Sokoban7,13,17,121,42,24,24
Sokoban7,13,18,121,42,31,31
Sokoban7,13,19,121,42,38,38
Sokoban7,13,20,121,42,45,45
Sokoban7,13,21,121,42,50,50
Sokoban7,13,22,121,42,57,57
Sokoban7,13,23,121,42,62,62
Sokoban7,14,15,121,42,7,7
Sokoban7,14,16,121,42,12,12
Sokoban7,14,17,121,42,19,19
Sokoban7,14,18,121,42,26,26
Sokoban7,14,19,121,42,33,33
Sokoban7,14,20,121,42,40,40
Sokoban7,14,21,121,42,45,45
Sokoban7,14,22,121,42,52,52
Sokoban7,14,23,121,42,57,57
Sokoban7,15,16,121,42,5,5
Sokoban7,15,17,121,42,12,12
Sokoban7,15,18,121,42,19,19
Sokoban7,15,19,121,42,26,26
Sokoban7,15,20,121,42,33,33
Sokoban7,15,21,121,42,38,38
Sokoban7,15,22,121,42,45,45
Sokoban7,15,23,121,42,50,50
Sokoban7,16,17,121,42,7,7
Sokoban7,16,18,121,42,14,14
Sokoban7,16,19,121,42,21,21
Sokoban7,16,20,121,42,28,28
Sokoban7,16,21,121,42,33,33
Sokoban7,16,22,121,42,40,40
Sokoban7,16,23,121,42,45,45
Sokoban7,17,18,145,57,7,7
Sokoban7,17,19,145,57,14,14
Sokoban7,17,20,145,57,21,21
Sokoban7,17,21,145,57,26,26
Sokoban7,17,22,145,57,33,33
Sokoban7,17,23,145,57,38,38
Sokoban7,18,19,145,57,7,7
Sokoban7,18,20,145,57,14,14
Sokoban7,18,21,145,57,19,19
Sokoban7,18,22,145,57,26,26
Sokoban7,18,23,145,57,31,31
Sokoban7,19,20,145,57,7,7
Sokoban7,19,21,145,57,12,12
Sokoban7,19,22,145,57,19,19
Sokoban7,19,23,145,57,24,24
Sokoban7,20,21,169,80,5,5
Sokoban7,20,22,169,80,12,12
Sokoban7,20,23,169,80,17,17
Sokoban7,21,22,184,84,7,7
Sokoban7,21,23,184,84,12,12
Sokoban7,22,23,183,83,5,5
Sokoban8,2,3,0,0,3,3
Sokoban8,2,4,0,0,12,12
Sokoban8,2,5,0,0,17,17
Sokoban8,2,6,0,0,24,24
Sokoban8,2,7,0,0,29,29
Sokoban8,2,8,0,0,34,34
Sokoban8,2,9,0,0,37,37
Sokoban8,2,10,0,0,44,44
Sokoban8,2,11,0,0,51,51
Sokoban8,2,12,0,0,58,58
Sokoban8,2,13,0,0,61,61
Sokoban8,2,14,0,0,68,68
Sokoban8,2,15,0,0,75,75
Sokoban8,2,16,0,0,80,80
Sokoban8,2,17,0,0,83,83
Sokoban8,2,18,0,0,90,90
Sokoban8,2,19,0,0,97,97
Sokoban8,2,20,0,0,102,102
Sokoban8,2,21,0,0,111,111
Sokoban8,2,22,0,0,116,116
Sokoban8,2,23,0,0,119,119
Sokoban8,2,24,0,0,126,126
Sokoban8,2,25,0,0,131,131
Sokoban8,2,26,0,0,134,134
Sokoban8,2,27,0,0,141,141
Sokoban8,2,28,0,0,146,146
Sokoban8,2,29,0,0,155,155
Sokoban8,3,4,24,11,9,9
Sokoban8,3,5,24,11,14,14
Sokoban8,3,6,24,11,21,21
Sokoban8,3,7,24,11,26,26
Sokoban8,3,8,24,11,31,31
Sokoban8,3,9,24,11,34,34
Sokoban8,3,10,24,11,41,41
Sokoban8,3,11,24,11,48,48
Sokoban8,3,12,24,11,55,55
Sokoban8,3,13,24,11,58,58
Sokoban8,3,14,24,11,65,65
Sokoban8,3,15,24,11,72,72
Sokoban8,3,16,24,11,77,77
Sokoban8,3,17,24,11,80,80
Sokoban8,3,18,24,11,87,87
Sokoban8,3,19,24,11,94,94
Sokoban8,3,20,24,11,99,99
Sokoban8,3,21,24,11,108,108
Sokoban8,3,22,24,11,113,113
Sokoban8,3,23,24,11,116,116
Sokoban8,3,24,24,11,123,123
Sokoban8,3,25,24,11,128,128
Sokoban8,3,26,24,11,131,131
Sokoban8,3,27,24,11,138,138
Sokoban8,3,28,24,11,143,143
Sokoban8,3,29,24,11,152,152
Sokoban8,4,5,48,19,5,5
Sokoban8,4,6,48,19,12,12
Sokoban8,4,7,48,19,17,17
Sokoban8,4,8,48,19,22,22
Sokoban8,4,9,48,19,25,25
Sokoban8,4,10,48,19,32,32
Sokoban8,4,11,48,19,39,39
Sokoban8,4,12,48,19,46,46
Sokoban8,4,13,48,19,49,49
Sokoban8,4,14,48,19,56,56
Sokoban8,4,15,48,19,63,63
Sokoban8,4,16,48,19,68,68
Sokoban8,4,17,48,19,71,71
Sokoban8,4,18,48,19,78,78
Sokoban8,4,19,48,19,85,85
Sokoban8,4,20,48,19,90,90
Sokoban8,4,21,48,19,99,99
Sokoban8,4,22,48,19,104,104
Sokoban8,4,23,48,19,107,107
Sokoban8,4,24,48,19,114,114
Sokoban8,4,25,48,19,119,119
Sokoban8,4,26,48,19,122,122
Sokoban8,4,27,48,19,129,129
Sokoban8,4,28,48,19,134,134
Sokoban8,4,29,48,19,143,143
Sokoban8,5,6,67,26,7,7
Sokoban8,5,7,67,26,12,12
Sokoban8,5,8,67,26,17,17
Sokoban8,5,9,67,26,20,20
Sokoban8,5,10,67,26,27,27
Sokoban8,5,11,67,26,34,34
Sokoban8,5,12,67,26,41,41
Sokoban8,5,13,67,26,44,44
Sokoban8,5,14,67,26,51,51
Sokoban8,5,15,67,26,58,58
Sokoban8,5,16,67,26,63,63
Sokoban8,5,17,67,26,66,66
Sokoban8,5,18,67,26,73,73
Sokoban8,5,19,67,26,80,80
Sokoban8,5,20,67,26,85,85
Sokoban8,5,21,67,26,94,94
Sokoban8,5,22,67,26,99,99
Sokoban8,5,23,67,26,102,102
Sokoban8,5,24,67,26,109,109
Sokoban8,5,25,67,26,114,114
Sokoban8,5,26,67,26,117,117
Sokoban8,5,27,67,26,124,124
Sokoban8,5,28,67,26,129,129
Sokoban8,5,29,67,26,138,138
Sokoban8,6,7,84,29,5,5
Sokoban8,6,8,84,29,10,10
Sokoban8,6,9,84,29,13,13
Sokoban8,6,10,84,29,20,20
Sokoban8,6,11,84,29,27,27
Sokoban8,6,12,84,29,34,34
Sokoban8,6,13,84,29,37,37
Sokoban8,6,14,84,29,44,44
Sokoban8,6,15,84,29,51,51
Sokoban8,6,16,84,29,56,56
Sokoban8,6,17,84,29,59,59
Sokoban8,6,18,84,29,66,66
Sokoban8,6,19,84,29,73,73
Sokoban8,6,20,84,29,78,78
Sokoban8,6,21,84,29,87,87
Sokoban8,6,22,84,29,92,92
Sokoban8,6,23,84,29,95,95
Sokoban8,6,24,84,29,102,102
Sokoban8,6,25,84,29,107,107
Sokoban8,6,26,84,29,110,110
Sokoban8,6,27,84,29,117,117
Sokoban8,6,28,84,29,122,122
Sokoban8,6,29,84,29,131,131
Sokoban8,7,8,108,40,5,5
Sokoban8,7,9,108,40,8,8
Sokoban8,7,10,108,40,15,15
Sokoban8,7,11,108,40,22,22
Sokoban8,7,12,108,40,29,29
Sokoban8,7,13,108,40,32,32
Sokoban8,7,14,108,40,39,39
Sokoban8,7,15,108,40,46,46
Sokoban8,7,16,108,40,51,51
Sokoban8,7,17,108,40,54,54
Sokoban8,7,18,108,40,61,61
Sokoban8,7,19,108,40,68,68
Sokoban8,7,20,108,40,73,73
Sokoban8,7,21,108,40,82,82
Sokoban8,7,22,108,40,87,87
Sokoban8,7,23,108,40,90,90
Sokoban8,7,24,108,40,97,97
Sokoban8,7,25,108,40,102,102
Sokoban8,7,26,108,40,105,105
Sokoban8,7,27,108,40,112,112
Sokoban8,7,28,108,40,117,117
Sokoban8,7,29,108,40,126,126
Sokoban8,8,9,132,53,3,3
Sokoban8,8,10,132,53,10,10
Sokoban8,8,11,132,53,17,17
Sokoban8,8,12,132,53,24,24
Sokoban8,8,13,132,53,27,27
Sokoban8,8,14,132,53,34,34
Sokoban8,8,15,132,53,41,41
Sokoban8,8,16,132,53,46,46
Sokoban8,8,17,132,53,49,49
Sokoban8,8,18,132,53,56,56
Sokoban8,8,19,132,53,63,63
Sokoban8,8,20,132,53,68,68
Sokoban8,8,21,132,53,77,77
Sokoban8,8,22,132,53,82,82
Sokoban8,8,23,132,53,85,85
Sokoban8,8,24,132,53,92,92
Sokoban8,8,25,132,53,97,97
Sokoban8,8,26,132,53,100,100
Sokoban8,8,27,132,53,107,107
Sokoban8,8,28,132,53,112,112
Sokoban8,8,29,132,53,121,121
Sokoban8,9,10,127,48,7,7
Sokoban8,9,11,127,48,14,14
Sokoban8,9,12,127,48,21,21
Sokoban8,9,13,127,48,24,24
Sokoban8,9,14,127,48,31,31
Sokoban8,9,15,127,48,38,38
Sokoban8,9,16,127,48,43,43
Sokoban8,9,17,127,48,46,46
Sokoban8,9,18,127,48,53,53
Sokoban8,9,19,127,48,60,60
Sokoban8,9,20,127,48,65,65
Sokoban8,9,21,127,48,74,74
Sokoban8,9,22,127,48,79,79
Sokoban8,9,23,127,48,82,82
Sokoban8,9,24,127,48,89,89
Sokoban8,9,25,127,48,94,94
Sokoban8,9,26,127,48,97,97
Sokoban8,9,27,127,48,104,104
Sokoban8,9,28,127,48,109,109
Sokoban8,9,29,127,48,118,118
Sokoban8,10,11,122,43,7,7
Sokoban8,10,12,122,43,14,14
Sokoban8,10,13,122,43,17,17
Sokoban8,10,14,122,43,24,24
Sokoban8,10,15,122,43,31,31
Sokoban8,10,16,122,43,36,36
Sokoban8,10,17,122,43,39,39
Sokoban8,10,18,122,43,46,46
Sokoban8,10,19,122,43,53,53
Sokoban8,10,20,122,43,58,58
Sokoban8,10,21,122,43,67,67
Sokoban8,10,22,122,43,72,72
Sokoban8,10,23,122,43,75,75
Sokoban8,10,24,122,43,82,82
Sokoban8,10,25,122,43,87,87
Sokoban8,10,26,122,43,90,90
Sokoban8,10,27,122,43,97,97
Sokoban8,10,28,122,43,102,102
Sokoban8,10,29,122,43,111,111
Sokoban8,11,12,121,42,7,7
Sokoban8,11,13,121,42,10,10
Sokoban8,11,14,121,42,17,17
Sokoban8,11,15,121,42,24,24
Sokoban8,11,16,121,42,29,29
Sokoban8,11,17,121,42,32,32
Sokoban8,11,18,121,42,39,39
Sokoban8,11,19,121,42,46,46
Sokoban8,11,20,121,42,51,51
Sokoban8,11,21,121,42,60,60
Sokoban8,11,22,121,42,65,65
Sokoban8,11,23,121,42,68,68
Sokoban8,11,24,121,42,75,75
Sokoban8,11,25,121,42,80,80
Sokoban8,11,26,121,42,83,83
Sokoban8,11,27,121,42,90,90
Sokoban8,11,28,121,42,95,95
Sokoban8,11,29,121,42,104,104
Sokoban8,12,13,121,42,3,3
Sokoban8,12,14,121,42,10,10
Sokoban8,12,15,121,42,17,17
Sokoban8,12,16,121,42,22,22
Sokoban8,12,17,121,42,25,25
Sokoban8,12,18,121,42,32,32
Sokoban8,12,19,121,42,39,39
Sokoban8,12,20,121,42,44,44
Sokoban8,12,21,121,42,53,53
Sokoban8,12,22,121,42,58,58
Sokoban8,12,23,121,42,61,61
Sokoban8,12,24,121,42,68,68
Sokoban8,12,25,121,42,73,73
Sokoban8,12,26,121,42,76,76
Sokoban8,12,27,121,42,83,83
Sokoban8,12,28,121,42,88,88
Sokoban8,12,29,121,42,97,97
Sokoban8,13,14,145,65,7,7
Sokoban8,13,15,145,65,14,14
Sokoban8,13,16,145,65,19,19
Sokoban8,13,17,145,65,22,22
Sokoban8,13,18,145,65,29,29
Sokoban8,13,19,145,65,36,36
Sokoban8,13,20,145,65,41,41
Sokoban8,13,21,145,65,50,50
Sokoban8,13,22,145,65,55,55
Sokoban8,13,23,145,65,58,58
Sokoban8,13,24,145,65,65,65
Sokoban8,13,25,145,65,70,70
Sokoban8,13,26,145,65,73,73
Sokoban8,13,27,145,65,80,80
Sokoban8,13,28,145,65,85,85
Sokoban8,13,29,145,65,94,94
Sokoban8,14,15,139,59,7,7
Sokoban8,14,16,139,59,12,12
Sokoban8,14,17,139,59,15,15
Sokoban8,14,18,139,59,22,22
Sokoban8,14,19,139,59,29,29
Sokoban8,14,20,139,59,34,34
Sokoban8,14,21,139,59,43,43
Sokoban8,14,22,139,59,48,48
Sokoban8,14,23,139,59,51,51
Sokoban8,14,24,139,59,58,58
Sokoban8,14,25,139,59,63,63
Sokoban8,14,26,139,59,66,66
Sokoban8,14,27,139,59,73,73
Sokoban8,14,28,139,59,78,78
Sokoban8,14,29,139,59,87,87
Sokoban8,15,16,137,57,5,5
Sokoban8,15,17,137,57,8,8
Sokoban8,15,18,137,57,15,15
Sokoban8,15,19,137,57,22,22
Sokoban8,15,20,137,57,27,27
Sokoban8,15,21,137,57,36,36
Sokoban8,15,22,137,57,41,41
Sokoban8,15,23,137,57,44,44
Sokoban8,15,24,137,57,51,51
Sokoban8,15,25,137,57,56,56
Sokoban8,15,26,137,57,59,59
Sokoban8,15,27,137,57,66,66
Sokoban8,15,28,137,57,71,71
Sokoban8,15,29,137,57,80,80
Sokoban8,16,17,137,57,3,3
Sokoban8,16,18,137,57,10,10
Sokoban8,16,19,137,57,17,17
Sokoban8,16,20,137,57,22,22
Sokoban8,16,21,137,57,31,31
Sokoban8,16,22,137,57,36,36
Sokoban8,16,23,137,57,39,39
Sokoban8,16,24,137,57,46,46
Sokoban8,16,25,137,57,51,51
Sokoban8,16,26,137,57,54,54
Sokoban8,16,27,137,57,61,61
Sokoban8,16,28,137,57,66,66
Sokoban8,16,29,137,57,75,75
Sokoban8,17,18,137,57,7,7
Sokoban8,17,19,137,57,14,14
Sokoban8,17,20,137,57,19,19
Sokoban8,17,21,137,57,28,28
Sokoban8,17,22,137,57,33,33
Sokoban8,17,23,137,57,36,36
Sokoban8,17,24,137,57,43,43
Sokoban8,17,25,137,57,48,48
Sokoban8,17,26,137,57,51,51
Sokoban8,17,27,137,57,58,58
Sokoban8,17,28,137,57,63,63
Sokoban8,17,29,137,57,72,72
Sokoban8,18,19,136,56,7,7
Sokoban8,18,20,136,56,12,12
Sokoban8,18,21,136,56,21,21
Sokoban8,18,22,136,56,26,26
Sokoban8,18,23,136,56,29,29
Sokoban8,18,24,136,56,36,36
Sokoban8,18,25,136,56,41,41
Sokoban8,18,26,136,56,44,44
Sokoban8,18,27,136,56,51,51
Sokoban8,18,28,136,56,56,56
Sokoban8,18,29,136,56,65,65
Sokoban8,19,20,135,55,5,5
Sokoban8,19,21,135,55,14,14
Sokoban8,19,22,135,55,19,19
Sokoban8,19,23,135,55,22,22
Sokoban8,19,24,135,55,29,29
Sokoban8,19,25,135,55,34,34
Sokoban8,19,26,135,55,37,37
Sokoban8,19,27,135,55,44,44
Sokoban8,19,28,135,55,49,49
Sokoban8,19,29,135,55,58,58
Sokoban8,20,21,135,55,9,9
Sokoban8,20,22,135,55,14,14
Sokoban8,20,23,135,55,17,17
Sokoban8,20,24,135,55,24,24
Sokoban8,20,25,135,55,29,29
Sokoban8,20,26,135,55,32,32
Sokoban8,20,27,135,55,39,39
Sokoban8,20,28,135,55,44,44
Sokoban8,20,29,135,55,53,53
Sokoban8,21,22,135,55,5,5
Sokoban8,21,23,135,55,8,8
Sokoban8,21,24,135,55,15,15
Sokoban8,21,25,135,55,20,20
Sokoban8,21,26,135,55,23,23
Sokoban8,21,27,135,55,30,30
Sokoban8,21,28,135,55,35,35
Sokoban8,21,29,135,55,44,44
Sokoban8,22,23,159,79,3,3
Sokoban8,22,24,159,79,10,10
Sokoban8,22,25,159,79,15,15
Sokoban8,22,26,159,79,18,18
Sokoban8,22,27,159,79,25,25
Sokoban8,22,28,159,79,30,30
Sokoban8,22,29,159,79,39,39
Sokoban8,23,24,181,88,7,7
Sokoban8,23,25,181,88,12,12
Sokoban8,23,26,181,88,15,15
Sokoban8,23,27,181,88,22,22
Sokoban8,23,28,181,88,27,27
Sokoban8,23,29,181,88,36,36
Sokoban8,24,25,181,88,5,5
Sokoban8,24,26,181,88,8,8
Sokoban8,24,27,181,88,15,15
Sokoban8,24,28,181,88,20,20
Sokoban8,24,29,181,88,29,29
Sokoban8,25,26,181,88,3,3
Sokoban8,25,27,181,88,10,10
Sokoban8,25,28,181,88,15,15
Sokoban8,25,29,181,88,24,24
Sokoban8,26,27,205,102,7,7
Sokoban8,26,28,205,102,12,12
Sokoban8,26,29,205,102,21,21
Sokoban8,27,28,205,102,5,5
Sokoban8,27,29,205,102,14,14
Sokoban8,28,29,205,102,9,9
Sokoban10,2,3,0,0,3,3
Sokoban10,2,4,0,0,12,12
Sokoban10,2,5,0,0,17,17
Sokoban10,2,6,0,0,24,24
Sokoban10,2,7,0,0,29,29
Sokoban10,2,8,0,0,34,34
Sokoban10,2,9,0,0,37,37
Sokoban10,2,10,0,0,44,44
Sokoban10,2,11,0,0,51,51
Sokoban10,2,12,0,0,58,58
Sokoban10,2,13,0,0,61,61
Sokoban10,2,14,0,0,68,68
Sokoban10,2,15,0,0,75,75
Sokoban10,2,16,0,0,80,80
Sokoban10,2,17,0,0,83,83
Sokoban10,2,18,0,0,90,90
Sokoban10,2,19,0,0,97,97
Sokoban10,2,20,0,0,102,102
Sokoban10,2,21,0,0,111,111
Sokoban10,2,22,0,0,116,116
Sokoban10,2,23,0,0,119,119
Sokoban10,2,24,0,0,126,126
Sokoban10,2,25,0,0,131,131
Sokoban10,2,26,0,0,134,134
Sokoban10,2,27,0,0,141,141
Sokoban10,2,28,0,0,146,146
Sokoban10,2,29,0,0,155,155
Sokoban10,2,30,0,0,162,162
Sokoban10,2,31,0,0,169,169
Sokoban10,2,32,0,0,178,178
Sokoban10,2,33,0,0,185,185
Sokoban10,2,34,0,0,190,190
Sokoban10,3,4,24,11,9,9
Sokoban10,3,5,24,11,14,14
Sokoban10,3,6,24,11,21,21
Sokoban10,3,7,24,11,26,26
Sokoban10,3,8,24,11,31,31
Sokoban10,3,9,24,11,34,34
Sokoban10,3,10,24,11,41,41
Sokoban10,3,11,24,11,48,48
Sokoban10,3,12,24,11,55,55
Sokoban10,3,13,24,11,58,58
Sokoban10,3,14,24,11,65,65
Sokoban10,3,15,24,11,72,72
Sokoban10,3,16,24,11,77,77
Sokoban10,3,17,24,11,80,80
Sokoban10,3,18,24,11,87,87
Sokoban10,3,19,24,11,94,94
Sokoban10,3,20,24,11,99,99
Sokoban10,3,21,24,11,108,108
Sokoban10,3,22,24,11,113,113
Sokoban10,3,23,24,11,116,116
Sokoban10,3,24,24,11,123,123
Sokoban10,3,25,24,11,128,128
Sokoban10,3,26,24,11,131,131
Sokoban10,3,27,24,11,138,138
Sokoban10,3,28,24,11,143,143
Sokoban10,3,29,24,11,152,152
Sokoban10,3,30,24,11,159,159
Sokoban10,3,31,24,11,166,166
Sokoban10,3,32,24,11,175,175
Sokoban10,3,33,24,11,182,182
Sokoban10,3,34,24,11,187,187
Sokoban10,4,5,48,19,5,5
Sokoban10,4,6,48,19,12,12
Sokoban10,4,7,48,19,17,17
Sokoban10,4,8,48,19,22,22
Sokoban10,4,9,48,19,25,25
Sokoban10,4,10,48,19,32,32
Sokoban10,4,11,48,19,39,39
Sokoban10,4,12,48,19,46,46
Sokoban10,4,13,48,19,49,49
Sokoban10,4,14,48,19,56,56
Sokoban10,4,15,48,19,63,63
Sokoban10,4,16,48,19,68,68
Sokoban10,4,17,48,19,71,71
Sokoban10,4,18,48,19,78,78
Sokoban10,4,19,48,19,85,85
Sokoban10,4,20,48,19,90,90
Sokoban10,4,21,48,19,99,99
Sokoban10,4,22,48,19,104,104
Sokoban10,4,23,48,19,107,107
Sokoban10,4,24,48,19,114,114
Sokoban10,4,25,48,19,119,119
Sokoban10,4,26,48,19,122,122
Sokoban10,4,27,48,19,129,129
Sokoban10,4,28,48,19,134,134
Sokoban10,4,29,48,19,143,143
Sokoban10,4,30,48,19,150,150
Sokoban10,4,31,48,19,157,157
Sokoban10,4,32,48,19,166,166
Sokoban10,4,33,48,19,173,173
Sokoban10,4,34,48,19,178,178
Sokoban10,5,6,96,52,7,7
Sokoban10,5,7,96,52,12,12
Sokoban10,5,8,96,52,17,17
Sokoban10,5,9,96,52,20,20
Sokoban10,5,10,96,52,27,27
Sokoban10,5,11,96,52,34,34
Sokoban10,5,12,96,52,41,41
Sokoban10,5,13,96,52,44,44
Sokoban10,5,14,96,52,51,51
Sokoban10,5,15,96,52,58,58
Sokoban10,5,16,96,52,63,63
Sokoban10,5,17,96,52,66,66
Sokoban10,5,18,96,52,73,73
Sokoban10,5,19,96,52,80,80
Sokoban10,5,20,96,52,85,85
Sokoban10,5,21,96,52,94,94
Sokoban10,5,22,96,52,99,99
Sokoban10,5,23,96,52,102,102
Sokoban10,5,24,96,52,109,109
Sokoban10,5,25,96,52,114,114
Sokoban10,5,26,96,52,117,117
Sokoban10,5,27,96,52,124,124
Sokoban10,5,28,96,52,129,129
Sokoban10,5,29,96,52,138,138
Sokoban10,5,30,96,52,145,145
Sokoban10,5,31,96,52,152,152
Sokoban10,5,32,96,52,161,161
Sokoban10,5,33,96,52,168,168
Sokoban10,5,34,96,52,173,173
Sokoban10,6,7,113,57,5,5
Sokoban10,6,8,113,57,10,10
Sokoban10,6,9,113,57,13,13
Sokoban10,6,10,113,57,20,20
Sokoban10,6,11,113,57,27,27
Sokoban10,6,12,113,57,34,34
Sokoban10,6,13,113,57,37,37
Sokoban10,6,14,113,57,44,44
Sokoban10,6,15,113,57,51,51
Sokoban10,6,16,113,57,56,56
Sokoban10,6,17,113,57,59,59
Sokoban10,6,18,113,57,66,66
Sokoban10,6,19,113,57,73,73
Sokoban10,6,20,113,57,78,78
Sokoban10,6,21,113,57,87,87
Sokoban10,6,22,113,57,92,92
Sokoban10,6,23,113,57,95,95
Sokoban10,6,24,113,57,102,102
Sokoban10,6,25,113,57,107,107
Sokoban10,6,26,113,57,110,110
Sokoban10,6,27,113,57,117,117
Sokoban10,6,28,113,57,122,122
Sokoban10,6,29,113,57,131,131
Sokoban10,6,30,113,57,138,138
Sokoban10,6,31,113,57,145,145
Sokoban10,6,32,113,57,154,154
Sokoban10,6,33,113,57,161,161
Sokoban10,6,34,113,57,166,166
Sokoban10,7,8,137,61,5,5
Sokoban10,7,9,137,61,8,8
Sokoban10,7,10,137,61,15,15
Sokoban10,7,11,137,61,22,22
Sokoban10,7,12,137,61,29,29
Sokoban10,7,13,137,61,32,32
Sokoban10,7,14,137,61,39,39
Sokoban10,7,15,137,61,46,46
Sokoban10,7,16,137,61,51,51
Sokoban10,7,17,137,61,54,54
Sokoban10,7,18,137,61,61,61
Sokoban10,7,19,137,61,68,68
Sokoban10,7,20,137,61,73,73
Sokoban10,7,21,137,61,82,82
Sokoban10,7,22,137,61,87,87
Sokoban10,7,23,137,61,90,90
Sokoban10,7,24,137,61,97,97
Sokoban10,7,25,137,61,102,102
Sokoban10,7,26,137,61,105,105
Sokoban10,7,27,137,61,112,112
Sokoban10,7,28,137,61,117,117
Sokoban10,7,29,137,61,126,126
Sokoban10,7,30,137,61,133,133
Sokoban10,7,31,137,61,140,140
Sokoban10,7,32,137,61,149,149
Sokoban10,7,33,137,61,156,156
Sokoban10,7,34,137,61,161,161
Sokoban10,8,9,161,75,3,3
Sokoban10,8,10,161,75,10,10
Sokoban10,8,11,161,75,17,17
Sokoban10,8,12,161,75,24,24
Sokoban10,8,13,161,75,27,27
Sokoban10,8,14,161,75,34,34
Sokoban10,8,15,161,75,41,41
Sokoban10,8,16,161,75,46,46
Sokoban10,8,17,161,75,49,49
Sokoban10,8,18,161,75,56,56
Sokoban10,8,19,161,75,63,63
Sokoban10,8,20,161,75,68,68
Sokoban10,8,21,161,75,77,77
Sokoban10,8,22,161,75,82,82
Sokoban10,8,23,161,75,85,85
Sokoban10,8,24,161,75,92,92
Sokoban10,8,25,161,75,97,97
Sokoban10,8,26,161,75,100,100
Sokoban10,8,27,161,75,107,107
Sokoban10,8,28,161,75,112,112
Sokoban10,8,29,161,75,121,121
Sokoban10,8,30,161,75,128,128
Sokoban10,8,31,161,75,135,135
Sokoban10,8,32,161,75,144,144
Sokoban10,8,33,161,75,151,151
Sokoban10,8,34,161,75,156,156
Sokoban10,9,10,156,78,7,7
Sokoban10,9,11,156,78,14,14
Sokoban10,9,12,156,78,21,21
Sokoban10,9,13,156,78,24,24
Sokoban10,9,14,156,78,31,31
Sokoban10,9,15,156,78,38,38
Sokoban10,9,16,156,78,43,43
Sokoban10,9,17,156,78,46,46
Sokoban10,9,18,156,78,53,53
Sokoban10,9,19,156,78,60,60
Sokoban10,9,20,156,78,65,65
Sokoban10,9,21,156,78,74,74
Sokoban10,9,22,156,78,79,79
Sokoban10,9,23,156,78,82,82
Sokoban10,9,24,156,78,89,89
Sokoban10,9,25,156,78,94,94
Sokoban10,9,26,156,78,97,97
Sokoban10,9,27,156,78,104,104
Sokoban10,9,28,156,78,109,109
Sokoban10,9,29,156,78,118,118
Sokoban10,9,30,156,78,125,125
Sokoban10,9,31,156,78,132,132
Sokoban10,9,32,156,78,141,141
Sokoban10,9,33,156,78,148,148
Sokoban10,9,34,156,78,153,153
Sokoban10,10,11,151,73,7,7
Sokoban10,10,12,151,73,14,14
Sokoban10,10,13,151,73,17,17
Sokoban10,10,14,151,73,24,24
Sokoban10,10,15,151,73,31,31
Sokoban10,10,16,151,73,36,36
Sokoban10,10,17,151,73,39,39
Sokoban10,10,18,151,73,46,46
Sokoban10,10,19,151,73,53,53
Sokoban10,10,20,151,73,58,58
Sokoban10,10,21,151,73,67,67
Sokoban10,10,22,151,73,72,72
Sokoban10,10,23,151,73,75,75
Sokoban10,10,24,151,73,82,82
Sokoban10,10,25,151,73,87,87
Sokoban10,10,26,151,73,90,90
Sokoban10,10,27,151,73,97,97
Sokoban10,10,28,151,73,102,102
Sokoban10,10,29,151,73,111,111
Sokoban10,10,30,151,73,118,118
Sokoban10,10,31,151,73,125,125
Sokoban10,10,32,151,73,134,134
Sokoban10,10,33,151,73,141,141
Sokoban10,10,34,151,73,146,146
Sokoban10,11,12,140,76,7,7
Sokoban10,11,13,140,76,10,10
Sokoban10,11,14,140,76,17,17
Sokoban10,11,15,140,76,24,24
Sokoban10,11,16,140,76,29,29
Sokoban10,11,17,140,76,32,32
Sokoban10,11,18,140,76,39,39
Sokoban10,11,19,140,76,46,46
Sokoban10,11,20,140,76,51,51
Sokoban10,11,21,140,76,60,60
Sokoban10,11,22,140,76,65,65
Sokoban10,11,23,140,76,68,68
Sokoban10,11,24,140,76,75,75
Sokoban10,11,25,140,76,80,80
Sokoban10,11,26,140,76,83,83
Sokoban10,11,27,140,76,90,90
Sokoban10,11,28,140,76,95,95
Sokoban10,11,29,140,76,104,104
Sokoban10,11,30,140,76,111,111
Sokoban10,11,31,140,76,118,118
Sokoban10,11,32,140,76,127,127
Sokoban10,11,33,140,76,134,134
Sokoban10,11,34,140,76,139,139
Sokoban10,12,13,140,76,3,3
Sokoban10,12,14,140,76,10,10
Sokoban10,12,15,140,76,17,17
Sokoban10,12,16,140,76,22,22
Sokoban10,12,17,140,76,25,25
Sokoban10,12,18,140,76,32,32
Sokoban10,12,19,140,76,39,39
Sokoban10,12,20,140,76,44,44
Sokoban10,12,21,140,76,53,53
Sokoban10,12,22,140,76,58,58
Sokoban10,12,23,140,76,61,61
Sokoban10,12,24,140,76,68,68
Sokoban10,12,25,140,76,73,73
Sokoban10,12,26,140,76,76,76
Sokoban10,12,27,140,76,83,83
Sokoban10,12,28,140,76,88,88
Sokoban10,12,29,140,76,97,97
Sokoban10,12,30,140,76,104,104
Sokoban10,12,31,140,76,111,111
Sokoban10,12,32,140,76,120,120
Sokoban10,12,33,140,76,127,127
Sokoban10,12,34,140,76,132,132
Sokoban10,13,14,133,69,7,7
Sokoban10,13,15,133,69,14,14
Sokoban10,13,16,133,69,19,19
Sokoban10,13,17,133,69,22,22
Sokoban10,13,18,133,69,29,29
Sokoban10,13,19,133,69,36,36
Sokoban10,13,20,133,69,41,41
Sokoban10,13,21,133,69,50,50
Sokoban10,13,22,133,69,55,55
Sokoban10,13,23,133,69,58,58
Sokoban10,13,24,133,69,65,65
Sokoban10,13,25,133,69,70,70
Sokoban10,13,26,133,69,73,73
Sokoban10,13,27,133,69,80,80
Sokoban10,13,28,133,69,85,85
Sokoban10,13,29,133,69,94,94
Sokoban10,13,30,133,69,101,101
Sokoban10,13,31,133,69,108,108
Sokoban10,13,32,133,69,117,117
Sokoban10,13,33,133,69,124,124
Sokoban10,13,34,133,69,129,129
Sokoban10,14,15,127,63,7,7
Sokoban10,14,16,127,63,12,12
Sokoban10,14,17,127,63,15,15
Sokoban10,14,18,127,63,22,22
Sokoban10,14,19,127,63,29,29
Sokoban10,14,20,127,63,34,34
Sokoban10,14,21,127,63,43,43
Sokoban10,14,22,127,63,48,48
Sokoban10,14,23,127,63,51,51
Sokoban10,14,24,127,63,58,58
Sokoban10,14,25,127,63,63,63
Sokoban10,14,26,127,63,66,66
Sokoban10,14,27,127,63,73,73
Sokoban10,14,28,127,63,78,78
Sokoban10,14,29,127,63,87,87
Sokoban10,14,30,127,63,94,94
Sokoban10,14,31,127,63,101,101
Sokoban10,14,32,127,63,110,110
Sokoban10,14,33,127,63,117,117
Sokoban10,14,34,127,63,122,122
Sokoban10,15,16,126,62,5,5
Sokoban10,15,17,126,62,8,8
Sokoban10,15,18,126,62,15,15
Sokoban10,15,19,126,62,22,22
Sokoban10,15,20,126,62,27,27
Sokoban10,15,21,126,62,36,36
Sokoban10,15,22,126,62,41,41
Sokoban10,15,23,126,62,44,44
Sokoban10,15,24,126,62,51,51
Sokoban10,15,25,126,62,56,56
Sokoban10,15,26,126,62,59,59
Sokoban10,15,27,126,62,66,66
Sokoban10,15,28,126,62,71,71
Sokoban10,15,29,126,62,80,80
Sokoban10,15,30,126,62,87,87
Sokoban10,15,31,126,62,94,94
Sokoban10,15,32,126,62,103,103
Sokoban10,15,33,126,62,110,110
Sokoban10,15,34,126,62,115,115
Sokoban10,16,17,126,62,3,3
Sokoban10,16,18,126,62,10,10
Sokoban10,16,19,126,62,17,17
Sokoban10,16,20,126,62,22,22
Sokoban10,16,21,126,62,31,31
Sokoban10,16,22,126,62,36,36
Sokoban10,16,23,126,62,39,39
Sokoban10,16,24,126,62,46,46
Sokoban10,16,25,126,62,51,51
Sokoban10,16,26,126,62,54,54
Sokoban10,16,27,126,62,61,61
Sokoban10,16,28,126,62,66,66
Sokoban10,16,29,126,62,75,75
Sokoban10,16,30,126,62,82,82
Sokoban10,16,31,126,62,89,89
Sokoban10,16,32,126,62,98,98
Sokoban10,16,33,126,62,105,105
Sokoban10,16,34,126,62,110,110
Sokoban10,17,18,126,62,7,7
Sokoban10,17,19,126,62,14,14
Sokoban10,17,20,126,62,19,19
Sokoban10,17,21,126,62,28,28
Sokoban10,17,22,126,62,33,33
Sokoban10,17,23,126,62,36,36
Sokoban10,17,24,126,62,43,43
Sokoban10,17,25,126,62,48,48
Sokoban10,17,26,126,62,51,51
Sokoban10,17,27,126,62,58,58
Sokoban10,17,28,126,62,63,63
Sokoban10,17,29,126,62,72,72
Sokoban10,17,30,126,62,79,79
Sokoban10,17,31,126,62,86,86
Sokoban10,17,32,126,62,95,95
Sokoban10,17,33,126,62,102,102
Sokoban10,17,34,126,62,107,107
Sokoban10,18,19,125,61,7,7
Sokoban10,18,20,125,61,12,12
Sokoban10,18,21,125,61,21,21
Sokoban10,18,22,125,61,26,26
Sokoban10,18,23,125,61,29,29
Sokoban10,18,24,125,61,36,36
Sokoban10,18,25,125,61,41,41
Sokoban10,18,26,125,61,44,44
Sokoban10,18,27,125,61,51,51
Sokoban10,18,28,125,61,56,56
Sokoban10,18,29,125,61,65,65
Sokoban10,18,30,125,61,72,72
Sokoban10,18,31,125,61,79,79
Sokoban10,18,32,125,61,88,88
Sokoban10,18,33,125,61,95,95
Sokoban10,18,34,125,61,100,100
Sokoban10,19,20,149,85,5,5
Sokoban10,19,21,149,85,14,14
Sokoban10,19,22,149,85,19,19
Sokoban10,19,23,149,85,22,22
Sokoban10,19,24,149,85,29,29
Sokoban10,19,25,149,85,34,34
Sokoban10,19,26,149,85,37,37
Sokoban10,19,27,149,85,44,44
Sokoban10,19,28,149,85,49,49
Sokoban10,19,29,149,85,58,58
Sokoban10,19,30,149,85,65,65
Sokoban10,19,31,149,85,72,72
Sokoban10,19,32,149,85,81,81
Sokoban10,19,33,149,85,88,88
Sokoban10,19,34,149,85,93,93
Sokoban10,20,21,149,85,9,9
Sokoban10,20,22,149,85,14,14
Sokoban10,20,23,149,85,17,17
Sokoban10,20,24,149,85,24,24
Sokoban10,20,25,149,85,29,29
Sokoban10,20,26,149,85,32,32
Sokoban10,20,27,149,85,39,39
Sokoban10,20,28,149,85,44,44
Sokoban10,20,29,149,85,53,53
Sokoban10,20,30,149,85,60,60
Sokoban10,20,31,149,85,67,67
Sokoban10,20,32,149,85,76,76
Sokoban10,20,33,149,85,83,83
Sokoban10,20,34,149,85,88,88
Sokoban10,21,22,149,85,5,5
Sokoban10,21,23,149,85,8,8
Sokoban10,21,24,149,85,15,15
Sokoban10,21,25,149,85,20,20
Sokoban10,21,26,149,85,23,23
Sokoban10,21,27,149,85,30,30
Sokoban10,21,28,149,85,35,35
Sokoban10,21,29,149,85,44,44
Sokoban10,21,30,149,85,51,51
Sokoban10,21,31,149,85,58,58
Sokoban10,21,32,149,85,67,67
Sokoban10,21,33,149,85,74,74
Sokoban10,21,34,149,85,79,79
Sokoban10,22,23,144,80,9,9
Sokoban10,22,24,144,80,16,16
Sokoban10,22,25,144,80,23,23
Sokoban10,22,26,144,80,28,28
Sokoban10,22,27,144,80,33,33
Sokoban10,22,28,144,80,36,36
Sokoban10,22,29,144,80,45,45
Sokoban10,22,30,144,80,50,50
Sokoban10,22,31,144,80,57,57
Sokoban10,22,32,144,80,66,66
Sokoban10,22,33,144,80,73,73
Sokoban10,22,34,144,80,78,78
Sokoban10,23,24,160,84,7,7
Sokoban10,23,25,160,84,10,10
Sokoban10,23,26,160,84,15,15
Sokoban10,23,27,160,84,18,18
Sokoban10,23,28,160,84,25,25
Sokoban10,23,29,160,84,32,32
Sokoban10,23,30,160,84,37,37
Sokoban10,23,31,160,84,42,42
Sokoban10,23,32,160,84,49,49
Sokoban10,23,33,160,84,56,56
Sokoban10,23,34,160,84,63,63
Sokoban10,24,25,203,114,5,5
Sokoban10,24,26,203,114,8,8
Sokoban10,24,27,203,114,15,15
Sokoban10,24,28,203,114,20,20
Sokoban10,24,29,203,114,29,29
Sokoban10,24,30,203,114,36,36
Sokoban10,24,31,203,114,43,43
Sokoban10,24,32,203,114,52,52
Sokoban10,24,33,203,114,59,59
Sokoban10,24,34,203,114,64,64
Sokoban10,25,26,203,114,3,3
Sokoban10,25,27,203,114,10,10
Sokoban10,25,28,203,114,15,15
Sokoban10,25,29,203,114,24,24
Sokoban10,25,30,203,114,31,31
Sokoban10,25,31,203,114,38,38
Sokoban10,25,32,203,114,47,47
Sokoban10,25,33,203,114,54,54
Sokoban10,25,34,203,114,59,59
Sokoban10,26,27,227,129,7,7
Sokoban10,26,28,227,129,12,12
Sokoban10,26,29,227,129,21,21
Sokoban10,26,30,227,129,28,28
Sokoban10,26,31,227,129,35,35
Sokoban10,26,32,227,129,44,44
Sokoban10,26,33,227,129,51,51
Sokoban10,26,34,227,129,56,56
Sokoban10,27,28,227,129,5,5
Sokoban10,27,29,227,129,14,14
Sokoban10,27,30,227,129,21,21
Sokoban10,27,31,227,129,28,28
Sokoban10,27,32,227,129,37,37
Sokoban10,27,33,227,129,44,44
Sokoban10,27,34,227,129,49,49
Sokoban10,28,29,236,138,9,9
Sokoban10,28,30,236,138,16,16
Sokoban10,28,31,236,138,23,23
Sokoban10,28,32,236,138,32,32
Sokoban10,28,33,236,138,39,39
Sokoban10,28,34,236,138,44,44
Sokoban10,29,30,236,138,7,7
Sokoban10,29,31,236,138,14,14
Sokoban10,29,32,236,138,23,23
Sokoban10,29,33,236,138,30,30
Sokoban10,29,34,236,138,35,35
Sokoban10,30,31,260,162,7,7
Sokoban10,30,32,260,162,16,16
Sokoban10,30,33,260,162,23,23
Sokoban10,30,34,260,162,28,28
Sokoban10,31,32,254,156,9,9
Sokoban10,31,33,254,156,16,16
Sokoban10,31,34,254,156,21,21
Sokoban10,32,33,248,150,7,7
Sokoban10,32,34,248,150,12,12
Sokoban10,33,34,242,144,5,5
Sokoban11,2,3,0,0,3,3
Sokoban11,2,4,0,0,12,12
Sokoban11,2,5,0,0,17,17
Sokoban11,2,6,0,0,24,24
Sokoban11,2,7,0,0,29,29
Sokoban11,2,8,0,0,34,34
Sokoban11,2,9,0,0,37,37
Sokoban11,2,10,0,0,44,44
Sokoban11,2,11,0,0,51,51
Sokoban11,2,12,0,0,58,58
Sokoban11,2,13,0,0,61,61
Sokoban11,2,14,0,0,68,68
Sokoban11,2,15,0,0,75,75
Sokoban11,2,16,0,0,80,80
Sokoban11,2,17,0,0,83,83
Sokoban11,2,18,0,0,90,90
Sokoban11,2,19,0,0,97,97
Sokoban11,2,20,0,0,102,102
Sokoban11,2,21,0,0,111,111
Sokoban11,2,22,0,0,116,116
Sokoban11,2,23,0,0,119,119
Sokoban11,2,24,0,0,126,126
Sokoban11,2,25,0,0,131,131
Sokoban11,2,26,0,0,134,134
Sokoban11,2,27,0,0,141,141
Sokoban11,2,28,0,0,146,146
Sokoban11,2,29,0,0,155,155
Sokoban11,3,4,24,10,9,9
Sokoban11,3,5,24,10,14,14
Sokoban11,3,6,24,10,21,21
Sokoban11,3,7,24,10,26,26
Sokoban11,3,8,24,10,31,31
Sokoban11,3,9,24,10,34,34
Sokoban11,3,10,24,10,41,41
Sokoban11,3,11,24,10,48,48
Sokoban11,3,12,24,10,55,55
Sokoban11,3,13,24,10,58,58
Sokoban11,3,14,24,10,65,65
Sokoban11,3,15,24,10,72,72
Sokoban11,3,16,24,10,77,77
Sokoban11,3,17,24,10,80,80
Sokoban11,3,18,24,10,87,87
Sokoban11,3,19,24,10,94,94
Sokoban11,3,20,24,10,99,99
Sokoban11,3,21,24,10,108,108
Sokoban11,3,22,24,10,113,113
Sokoban11,3,23,24,10,116,116
Sokoban11,3,24,24,10,123,123
Sokoban11,3,25,24,10,128,128
Sokoban11,3,26,24,10,131,131
Sokoban11,3,27,24,10,138,138
Sokoban11,3,28,24,10,143,143
Sokoban11,3,29,24,10,152,152
Sokoban11,4,5,48,18,5,5
Sokoban11,4,6,48,18,12,12
Sokoban11,4,7,48,18,17,17
Sokoban11,4,8,48,18,22,22
Sokoban11,4,9,48,18,25,25
Sokoban11,4,10,48,18,32,32
Sokoban11,4,11,48,18,39,39
Sokoban11,4,12,48,18,46,46
Sokoban11,4,13,48,18,49,49
Sokoban11,4,14,48,18,56,56
Sokoban11,4,15,48,18,63,63
Sokoban11,4,16,48,18,68,68
Sokoban11,4,17,48,18,71,71
Sokoban11,4,18,48,18,78,78
Sokoban11,4,19,48,18,85,85
Sokoban11,4,20,48,18,90,90
Sokoban11,4,21,48,18,99,99
Sokoban11,4,22,48,18,104,104
Sokoban11,4,23,48,18,107,107
Sokoban11,4,24,48,18,114,114
Sokoban11,4,25,48,18,119,119
Sokoban11,4,26,48,18,122,122
Sokoban11,4,27,48,18,129,129
Sokoban11,4,28,48,18,134,134
Sokoban11,4,29,48,18,143,143
Sokoban11,5,6,67,24,7,7
Sokoban11,5,7,67,24,12,12
Sokoban11,5,8,67,24,17,17
Sokoban11,5,9,67,24,20,20
Sokoban11,5,10,67,24,27,27
Sokoban11,5,11,67,24,34,34
Sokoban11,5,12,67,24,41,41
Sokoban11,5,13,67,24,44,44
Sokoban11,5,14,67,24,51,51
Sokoban11,5,15,67,24,58,58
Sokoban11,5,16,67,24,63,63
Sokoban11,5,17,67,24,66,66
Sokoban11,5,18,67,24,73,73
Sokoban11,5,19,67,24,80,80
Sokoban11,5,20,67,24,85,85
Sokoban11,5,21,67,24,94,94
Sokoban11,5,22,67,24,99,99
Sokoban11,5,23,67,24,102,102
Sokoban11,5,24,67,24,109,109
Sokoban11,5,25,67,24,114,114
Sokoban11,5,26,67,24,117,117
Sokoban11,5,27,67,24,124,124
Sokoban11,5,28,67,24,129,129
Sokoban11,5,29,67,24,138,138
Sokoban11,6,7,84,27,5,5
Sokoban11,6,8,84,27,10,10
Sokoban11,6,9,84,27,13,13
Sokoban11,6,10,84,27,20,20
Sokoban11,6,11,84,27,27,27
Sokoban11,6,12,84,27,34,34
Sokoban11,6,13,84,27,37,37
Sokoban11,6,14,84,27,44,44
Sokoban11,6,15,84,27,51,51
Sokoban11,6,16,84,27,56,56
Sokoban11,6,17,84,27,59,59
Sokoban11,6,18,84,27,66,66
Sokoban11,6,19,84,27,73,73
Sokoban11,6,20,84,27,78,78
Sokoban11,6,21,84,27,87,87
Sokoban11,6,22,84,27,92,92
Sokoban11,6,23,84,27,95,95
Sokoban11,6,24,84,27,102,102
Sokoban11,6,25,84,27,107,107
Sokoban11,6,26,84,27,110,110
Sokoban11,6,27,84,27,117,117
Sokoban11,6,28,84,27,122,122
Sokoban11,6,29,84,27,131,131
Sokoban11,7,8,108,37,5,5
Sokoban11,7,9,108,37,8,8
Sokoban11,7,10,108,37,15,15
Sokoban11,7,11,108,37,22,22
Sokoban11,7,12,108,37,29,29
Sokoban11,7,13,108,37,32,32
Sokoban11,7,14,108,37,39,39
Sokoban11,7,15,108,37,46,46
Sokoban11,7,16,108,37,51,51
Sokoban11,7,17,108,37,54,54
Sokoban11,7,18,108,37,61,61
Sokoban11,7,19,108,37,68,68
Sokoban11,7,20,108,37,73,73
Sokoban11,7,21,108,37,82,82
Sokoban11,7,22,108,37,87,87
Sokoban11,7,23,108,37,90,90
Sokoban11,7,24,108,37,97,97
Sokoban11,7,25,108,37,102,102
Sokoban11,7,26,108,37,105,105
Sokoban11,7,27,108,37,112,112
Sokoban11,7,28,108,37,117,117
Sokoban11,7,29,108,37,126,126
Sokoban11,8,9,132,50,3,3
Sokoban11,8,10,132,50,10,10
Sokoban11,8,11,132,50,17,17
Sokoban11,8,12,132,50,24,24
Sokoban11,8,13,132,50,27,27
Sokoban11,8,14,132,50,34,34
Sokoban11,8,15,132,50,41,41
Sokoban11,8,16,132,50,46,46
Sokoban11,8,17,132,50,49,49
Sokoban11,8,18,132,50,56,56
Sokoban11,8,19,132,50,63,63
Sokoban11,8,20,132,50,68,68
Sokoban11,8,21,132,50,77,77
Sokoban11,8,22,132,50,82,82
Sokoban11,8,23,132,50,85,85
Sokoban11,8,24,132,50,92,92
Sokoban11,8,25,132,50,97,97
Sokoban11,8,26,132,50,100,100
Sokoban11,8,27,132,50,107,107
Sokoban11,8,28,132,50,112,112
Sokoban11,8,29,132,50,121,121
Sokoban11,9,10,127,45,7,7
Sokoban11,9,11,127,45,14,14
Sokoban11,9,12,127,45,21,21
Sokoban11,9,13,127,45,24,24
Sokoban11,9,14,127,45,31,31
Sokoban11,9,15,127,45,38,38
Sokoban11,9,16,127,45,43,43
Sokoban11,9,17,127,45,46,46
Sokoban11,9,18,127,45,53,53
Sokoban11,9,19,127,45,60,60
Sokoban11,9,20,127,45,65,65
Sokoban11,9,21,127,45,74,74
Sokoban11,9,22,127,45,79,79
Sokoban11,9,23,127,45,82,82
Sokoban11,9,24,127,45,89,89
Sokoban11,9,25,127,45,94,94
Sokoban11,9,26,127,45,97,97
Sokoban11,9,27,127,45,104,104
Sokoban11,9,28,127,45,109,109
Sokoban11,9,29,127,45,118,118
Sokoban11,10,11,122,40,7,7
Sokoban11,10,12,122,40,14,14
Sokoban11,10,13,122,40,17,17
Sokoban11,10,14,122,40,24,24
Sokoban11,10,15,122,40,31,31
Sokoban11,10,16,122,40,36,36
Sokoban11,10,17,122,40,39,39
Sokoban11,10,18,122,40,46,46
Sokoban11,10,19,122,40,53,53
Sokoban11,10,20,122,40,58,58
Sokoban11,10,21,122,40,67,67
Sokoban11,10,22,122,40,72,72
Sokoban11,10,23,122,40,75,75
Sokoban11,10,24,122,40,82,82
Sokoban11,10,25,122,40,87,87
Sokoban11,10,26,122,40,90,90
Sokoban11,10,27,122,40,97,97
Sokoban11,10,28,122,40,102,102
Sokoban11,10,29,122,40,111,111
Sokoban11,11,12,121,39,7,7
Sokoban11,11,13,121,39,10,10
Sokoban11,11,14,121,39,17,17
Sokoban11,11,15,121,39,24,24
Sokoban11,11,16,121,39,29,29
Sokoban11,11,17,121,39,32,32
Sokoban11,11,18,121,39,39,39
Sokoban11,11,19,121,39,46,46
Sokoban11,11,20,121,39,51,51
Sokoban11,11,21,121,39,60,60
Sokoban11,11,22,121,39,65,65
Sokoban11,11,23,121,39,68,68
Sokoban11,11,24,121,39,75,75
Sokoban11,11,25,121,39,80,80
Sokoban11,11,26,121,39,83,83
Sokoban11,11,27,121,39,90,90
Sokoban11,11,28,121,39,95,95
Sokoban11,11,29,121,39,104,104
Sokoban11,12,13,121,39,3,3
Sokoban11,12,14,121,39,10,10
Sokoban11,12,15,121,39,17,17
Sokoban11,12,16,121,39,22,22
Sokoban11,12,17,121,39,25,25
Sokoban11,12,18,121,39,32,32
Sokoban11,12,19,121,39,39,39
Sokoban11,12,20,121,39,44,44
Sokoban11,12,21,121,39,53,53
Sokoban11,12,22,121,39,58,58
Sokoban11,12,23,121,39,61,61
Sokoban11,12,24,121,39,68,68
Sokoban11,12,25,121,39,73,73
Sokoban11,12,26,121,39,76,76
Sokoban11,12,27,121,39,83,83
Sokoban11,12,28,121,39,88,88
Sokoban11,12,29,121,39,97,97
Sokoban11,13,14,145,62,7,7
Sokoban11,13,15,145,62,14,14
Sokoban11,13,16,145,62,19,19
Sokoban11,13,17,145,62,22,22
Sokoban11,13,18,145,62,29,29
Sokoban11,13,19,145,62,36,36
Sokoban11,13,20,145,62,41,41
Sokoban11,13,21,145,62,50,50
Sokoban11,13,22,145,62,55,55
Sokoban11,13,23,145,62,58,58
Sokoban11,13,24,145,62,65,65
Sokoban11,13,25,145,62,70,70
Sokoban11,13,26,145,62,73,73
Sokoban11,13,27,145,62,80,80
Sokoban11,13,28,145,62,85,85
Sokoban11,13,29,145,62,94,94
Sokoban11,14,15,139,56,7,7
Sokoban11,14,16,139,56,12,12
Sokoban11,14,17,139,56,15,15
Sokoban11,14,18,139,56,22,22
Sokoban11,14,19,139,56,29,29
Sokoban11,14,20,139,56,34,34
Sokoban11,14,21,139,56,43,43
Sokoban11,14,22,139,56,48,48
Sokoban11,14,23,139,56,51,51
Sokoban11,14,24,139,56,58,58
Sokoban11,14,25,139,56,63,63
Sokoban11,14,26,139,56,66,66
Sokoban11,14,27,139,56,73,73
Sokoban11,14,28,139,56,78,78
Sokoban11,14,29,139,56,87,87
Sokoban11,15,16,138,55,5,5
Sokoban11,15,17,138,55,8,8
Sokoban11,15,18,138,55,15,15
Sokoban11,15,19,138,55,22,22
Sokoban11,15,20,138,55,27,27
Sokoban11,15,21,138,55,36,36
Sokoban11,15,22,138,55,41,41
Sokoban11,15,23,138,55,44,44
Sokoban11,15,24,138,55,51,51
Sokoban11,15,25,138,55,56,56
Sokoban11,15,26,138,55,59,59
Sokoban11,15,27,138,55,66,66
Sokoban11,15,28,138,55,71,71
Sokoban11,15,29,138,55,80,80
Sokoban11,16,17,138,55,3,3
Sokoban11,16,18,138,55,10,10
Sokoban11,16,19,138,55,17,17
Sokoban11,16,20,138,55,22,22
Sokoban11,16,21,138,55,31,31
Sokoban11,16,22,138,55,36,36
Sokoban11,16,23,138,55,39,39
Sokoban11,16,24,138,55,46,46
Sokoban11,16,25,138,55,51,51
Sokoban11,16,26,138,55,54,54
Sokoban11,16,27,138,55,61,61
Sokoban11,16,28,138,55,66,66
Sokoban11,16,29,138,55,75,75
Sokoban11,17,18,138,55,7,7
Sokoban11,17,19,138,55,14,14
Sokoban11,17,20,138,55,19,19
Sokoban11,17,21,138,55,28,28
Sokoban11,17,22,138,55,33,33
Sokoban11,17,23,138,55,36,36
Sokoban11,17,24,138,55,43,43
Sokoban11,17,25,138,55,48,48
Sokoban11,17,26,138,55,51,51
Sokoban11,17,27,138,55,58,58
Sokoban11,17,28,138,55,63,63
Sokoban11,17,29,138,55,72,72
Sokoban11,18,19,137,54,7,7
Sokoban11,18,20,137,54,12,12
Sokoban11,18,21,137,54,21,21
Sokoban11,18,22,137,54,26,26
Sokoban11,18,23,137,54,29,29
Sokoban11,18,24,137,54,36,36
Sokoban11,18,25,137,54,41,41
Sokoban11,18,26,137,54,44,44
Sokoban11,18,27,137,54,51,51
Sokoban11,18,28,137,54,56,56
Sokoban11,18,29,137,54,65,65
Sokoban11,19,20,137,54,5,5
Sokoban11,19,21,137,54,14,14
Sokoban11,19,22,137,54,19,19
Sokoban11,19,23,137,54,22,22
Sokoban11,19,24,137,54,29,29
Sokoban11,19,25,137,54,34,34
Sokoban11,19,26,137,54,37,37
Sokoban11,19,27,137,54,44,44
Sokoban11,19,28,137,54,49,49
Sokoban11,19,29,137,54,58,58
Sokoban11,20,21,137,54,9,9
Sokoban11,20,22,137,54,14,14
Sokoban11,20,23,137,54,17,17
Sokoban11,20,24,137,54,24,24
Sokoban11,20,25,137,54,29,29
Sokoban11,20,26,137,54,32,32
Sokoban11,20,27,137,54,39,39
Sokoban11,20,28,137,54,44,44
Sokoban11,20,29,137,54,53,53
Sokoban11,21,22,137,54,5,5
Sokoban11,21,23,137,54,8,8
Sokoban11,21,24,137,54,15,15
Sokoban11,21,25,137,54,20,20
Sokoban11,21,26,137,54,23,23
Sokoban11,21,27,137,54,30,30
Sokoban11,21,28,137,54,35,35
Sokoban11,21,29,137,54,44,44
Sokoban11,22,23,161,78,3,3
Sokoban11,22,24,161,78,10,10
Sokoban11,22,25,161,78,15,15
Sokoban11,22,26,161,78,18,18
Sokoban11,22,27,161,78,25,25
Sokoban11,22,28,161,78,30,30
Sokoban11,22,29,161,78,39,39
Sokoban11,23,24,183,87,7,7
Sokoban11,23,25,183,87,12,12
Sokoban11,23,26,183,87,15,15
Sokoban11,23,27,183,87,22,22
Sokoban11,23,28,183,87,27,27
Sokoban11,23,29,183,87,36,36
Sokoban11,24,25,183,87,5,5
Sokoban11,24,26,183,87,8,8
Sokoban11,24,27,183,87,15,15
Sokoban11,24,28,183,87,20,20
Sokoban11,24,29,183,87,29,29
Sokoban11,25,26,183,87,3,3
Sokoban11,25,27,183,87,10,10
Sokoban11,25,28,183,87,15,15
Sokoban11,25,29,183,87,24,24
Sokoban11,26,27,207,101,7,7
Sokoban11,26,28,207,101,12,12
Sokoban11,26,29,207,101,21,21
Sokoban11,27,28,207,101,5,5
Sokoban11,27,29,207,101,14,14
Sokoban11,28,29,207,101,9,9
